{
  "table_of_contents": [
    {
      "title": "\u0905\u092e\u093e\u0915\u0902 \u0924\u0941 \u093f\u0935\u093f\u0936\u093e \u092f\u0947 \u0924\u093e\u093f\u092c\u094b\u0927 \u093f\u091c\u094b\u092e\u0964\n\u0928\u093e\u092f\u0915\u093e \u092e\u092e \u0938\u0948\u092f\u092f \u0938\u0902\u093e\u0925\u0902 \u0924\u093e\u0928\u094d \u0935\u0940\u093f\u092e \u0924\u0947\u0965\u096d\u0965",
      "heading_level": null,
      "page_id": 0,
      "polygon": [
        [
          125.0595703125,
          453.234375
        ],
        [
          460.90447998046875,
          453.234375
        ],
        [
          460.90447998046875,
          499.1586608886719
        ],
        [
          125.0595703125,
          499.1586608886719
        ]
      ]
    },
    {
      "title": "\u092d\u0935\u093e\u0928\u094d \u092d\u0940\u092e \u0915\u0923 \u0915\u0943 \u092a \u0938\u093f\u092e\u093f\u0924\u092f:\u0964\n\u0905\u0925\u093e\u092e\u093e \u093f\u0935\u0915\u0923 \u0938\u094c\u092e\u0926\u093f\u091c\u092f\u0925:\u0965\u096e\u0965",
      "heading_level": null,
      "page_id": 0,
      "polygon": [
        [
          124.013671875,
          573.50390625
        ],
        [
          413.2110595703125,
          573.50390625
        ],
        [
          413.2110595703125,
          618.7046813964844
        ],
        [
          124.013671875,
          618.7046813964844
        ]
      ]
    },
    {
      "title": "\u0905\u092f\u0947 \u091a \u092c\u0939\u0935: \u0936\u0942\u0930\u093e \u092e\u0926\u0925 \u092f\u0924\u091c\u0940\u093f\u0935\u0924\u093e:\u0964",
      "heading_level": null,
      "page_id": 0,
      "polygon": [
        [
          127.001953125,
          692.2265625
        ],
        [
          415.9342041015625,
          692.2265625
        ],
        [
          415.9342041015625,
          717.75
        ],
        [
          127.001953125,
          717.75
        ]
      ]
    }
  ],
  "page_stats": [
    {
      "page_id": 0,
      "text_extraction_method": "pdftext",
      "block_counts": [
        [
          "Span",
          157
        ],
        [
          "Line",
          30
        ],
        [
          "Text",
          6
        ],
        [
          "SectionHeader",
          3
        ],
        [
          "Handwriting",
          1
        ]
      ],
      "block_metadata": {
        "llm_request_count": 0,
        "llm_error_count": 0,
        "llm_tokens_used": 0
      }
    }
  ],
  "debug_data_path": "debug_data/page-023"
}