{
  "table_of_contents": [
    {
      "title": "\u0906\u0936\u093e\u092a\u093e\u0936\u0936\u0924\u0948\u092c\u093e: \u0915\u093e\u092e\u094b\u0927\u092a\u0930\u093e\u092f\u0923\u093e:\u0964\n\u0908\u0939\u0924\u0947 \u0915\u093e\u092e\u092d\u094b\u0917\u093e\u0925\u092e\u092f\u093e\u092f\u0947\u0928\u093e\u0925\u0938\u091a\u092f\u093e\u0928\u094d\u0965\u0967\u0968\u0965",
      "heading_level": null,
      "page_id": 0,
      "polygon": [
        [
          127.30078125,
          152.6572265625
        ],
        [
          425.091796875,
          152.6572265625
        ],
        [
          425.091796875,
          199.546875
        ],
        [
          127.30078125,
          199.546875
        ]
      ]
    },
    {
      "title": "\u0907\u0926\u092e \u092e\u092f\u093e \u0932\u0926\u093f\u092e\u0926\u0902 \u093e\u092f\u0947 \u092e\u0928\u094b\u0930\u0925\u092e\u094d\u0964\n\u0907\u0926\u092e\u0924\u0940\u0926\u092e\u093f\u092a \u092e\u0947 \u092d\u093f\u0935\u092f\u093f\u0924 \u092a\u0941\u0928\u0927\u0928\u092e\u094d\u0965\u0967\u0969\u0965",
      "heading_level": null,
      "page_id": 0,
      "polygon": [
        [
          127.37548828125,
          467.15625
        ],
        [
          414.34613037109375,
          467.15625
        ],
        [
          414.34613037109375,
          514.3359375
        ],
        [
          127.37548828125,
          514.3359375
        ]
      ]
    }
  ],
  "page_stats": [
    {
      "page_id": 0,
      "text_extraction_method": "pdftext",
      "block_counts": [
        [
          "Span",
          140
        ],
        [
          "Line",
          31
        ],
        [
          "Text",
          7
        ],
        [
          "SectionHeader",
          2
        ]
      ],
      "block_metadata": {
        "llm_request_count": 0,
        "llm_error_count": 0,
        "llm_tokens_used": 0
      }
    }
  ],
  "debug_data_path": "debug_data/page-487"
}