{
  "table_of_contents": [
    {
      "title": "0>i (^ONOElNTK atJON 13",
      "heading_level": null,
      "page_id": 0,
      "polygon": [
        [
          222.108154296875,
          65.63450195267797
        ],
        [
          539.0570678710938,
          65.63450195267797
        ],
        [
          539.0570678710938,
          80.1708984375
        ],
        [
          222.108154296875,
          80.1708984375
        ]
      ]
    }
  ],
  "page_stats": [
    {
      "page_id": 0,
      "text_extraction_method": "pdftext",
      "block_counts": [
        [
          "Span",
          709
        ],
        [
          "Line",
          40
        ],
        [
          "Text",
          6
        ],
        [
          "SectionHeader",
          1
        ],
        [
          "TextInlineMath",
          1
        ],
        [
          "PageHeader",
          1
        ]
      ],
      "block_metadata": {
        "llm_request_count": 0,
        "llm_error_count": 0,
        "llm_tokens_used": 0
      }
    }
  ],
  "debug_data_path": "debug_data/page-135"
}