{
  "table_of_contents": [
    {
      "title": "\u0935\u0940\u0924\u0930\u093e\u0917\u092d\u092f\u094b\u0927\u093e \u092e\u092e\u092f\u093e \u092e\u093e\u092e\u0941\u092a\u093e\u093f\u0924\u093e:\u0964\n\u092c\u0939\u0935\u094b \u093e\u0928\u0924\u092a\u0938\u093e \u092a\u0942\u0924\u093e \u092e\u093e\u0935\u092e\u093e\u0917\u0924\u093e:\u0965\u0967\u0966\u0965",
      "heading_level": null,
      "page_id": 0,
      "polygon": [
        [
          127.30078125,
          115.048828125
        ],
        [
          412.29339599609375,
          115.048828125
        ],
        [
          412.29339599609375,
          163.001953125
        ],
        [
          127.30078125,
          163.001953125
        ]
      ]
    },
    {
      "title": "\u092f\u0947 \u092f\u0925\u093e \u092e \u092a\u0924\u0947 \u0924\u0924\u0925\u0948\u0935 \u092d\u091c\u093e\u092f\u0939\u092e\u094d\u0964\n\u092e\u092e \u0935\u092e\u0928\u0941\u0935\u0924\u0924\u0947 \u092e\u0928\u0941\n\u092f\u093e: \u092a\u093e\u0925 \u0938\u0935\u0936:\u0965\u0967\u0967\u0965",
      "heading_level": null,
      "page_id": 0,
      "polygon": [
        [
          124.91015625,
          571.18359375
        ],
        [
          431.8810729980469,
          571.18359375
        ],
        [
          431.8810729980469,
          619.13671875
        ],
        [
          124.91015625,
          619.13671875
        ]
      ]
    }
  ],
  "page_stats": [
    {
      "page_id": 0,
      "text_extraction_method": "pdftext",
      "block_counts": [
        [
          "Span",
          101
        ],
        [
          "Line",
          30
        ],
        [
          "Text",
          7
        ],
        [
          "SectionHeader",
          2
        ]
      ],
      "block_metadata": {
        "llm_request_count": 0,
        "llm_error_count": 0,
        "llm_tokens_used": 0
      }
    }
  ],
  "debug_data_path": "debug_data/page-156"
}