{
  "table_of_contents": [
    {
      "title": "172 YOGA PHILOSOPHY OK PATAfSjALI",
      "heading_level": null,
      "page_id": 0,
      "polygon": [
        [
          65.05000305175781,
          67.04478027299047
        ],
        [
          435.791015625,
          67.04478027299047
        ],
        [
          435.791015625,
          84.74772216752172
        ],
        [
          65.05000305175781,
          84.74772216752172
        ]
      ]
    }
  ],
  "page_stats": [
    {
      "page_id": 0,
      "text_extraction_method": "pdftext",
      "block_counts": [
        [
          "Span",
          754
        ],
        [
          "Line",
          39
        ],
        [
          "Text",
          5
        ],
        [
          "SectionHeader",
          1
        ]
      ],
      "block_metadata": {
        "llm_request_count": 0,
        "llm_error_count": 0,
        "llm_tokens_used": 0
      }
    }
  ],
  "debug_data_path": "debug_data/page-194"
}