{
  "table_of_contents": [
    {
      "title": "\u092f\u094b\u093f\u0917\u0928\u094b \u092f\u0924\u093f\u091a\u092f \u092f\u0941\u0924\u094b \u092f\u094b\u0917\u092e\u093e\u092e\u0928:\u0965\u0967\u096f\u0965",
      "heading_level": null,
      "page_id": 0,
      "polygon": [
        [
          125.806640625,
          68.49755859375
        ],
        [
          435.7051086425781,
          68.49755859375
        ],
        [
          435.7051086425781,
          93.70452880859375
        ],
        [
          125.806640625,
          93.70452880859375
        ]
      ]
    },
    {
      "title": "\u092f\u094b\u092a\u0930\u092e\u0924\u0947 \u093f\u091a\u0902 \u093f\u0928\u0902 \u092f\u094b\u0917\u0938\u0947\u0935\u092f\u093e\u0964\n\u092f \u091a\u0948\u0935\u093e\u092e\u0928\u093e\u092e\u093e\u0928\u0902 \u092a\u092f\u093e\u092e\u093f\u0928 \u0924\u0941\n\u092f\u093f\u0924\u0965\u0968\u0966\u0965",
      "heading_level": null,
      "page_id": 0,
      "polygon": [
        [
          124.611328125,
          343.79296875
        ],
        [
          437.086181640625,
          343.79296875
        ],
        [
          437.086181640625,
          390.7045593261719
        ],
        [
          124.611328125,
          390.7045593261719
        ]
      ]
    }
  ],
  "page_stats": [
    {
      "page_id": 0,
      "text_extraction_method": "pdftext",
      "block_counts": [
        [
          "Span",
          142
        ],
        [
          "Line",
          31
        ],
        [
          "Text",
          6
        ],
        [
          "SectionHeader",
          2
        ],
        [
          "Handwriting",
          1
        ]
      ],
      "block_metadata": {
        "llm_request_count": 0,
        "llm_error_count": 0,
        "llm_tokens_used": 0
      }
    }
  ],
  "debug_data_path": "debug_data/page-237"
}