{
  "table_of_contents": [
    {
      "title": "\u092f\u0925\u093e \u0938\u0935\u0917\u0924\u0902 \u0938\u094c\u092f\u093e\u0926\u093e\u0915\u093e\u0936\u0902 \u0928\u094b\u092a\u093f\u0932\u092f\u0924\u0947\u0964\n\u0938\u0935\u093e\u0935\u093f\u0925\u0924\u094b \u0926\u0947\u0939\u0947 \u0924\u0925\u093e\u092e\u093e \u0928\u094b\u092a\u093f\u0932\u092f\u0924\u0947\u0965\u0969\u0968\u0965",
      "heading_level": null,
      "page_id": 0,
      "polygon": [
        [
          127.001953125,
          622.23046875
        ],
        [
          435.080810546875,
          622.23046875
        ],
        [
          435.080810546875,
          668.2045516967773
        ],
        [
          127.001953125,
          668.2045516967773
        ]
      ]
    }
  ],
  "page_stats": [
    {
      "page_id": 0,
      "text_extraction_method": "pdftext",
      "block_counts": [
        [
          "Span",
          91
        ],
        [
          "Line",
          32
        ],
        [
          "Text",
          7
        ],
        [
          "SectionHeader",
          1
        ]
      ],
      "block_metadata": {
        "llm_request_count": 0,
        "llm_error_count": 0,
        "llm_tokens_used": 0
      }
    }
  ],
  "debug_data_path": "debug_data/page-436"
}