{
  "table_of_contents": [
    {
      "title": "\u092f \u090f\u0928\u0902 \u0935\u0947\u093f \u0939\u0924\u093e\u0930\u0902 \u092f\u0948\u0928\u0902 \u092e\u092f\u0924\u0947 \u0939\u0924\u092e\u094d\u0964\n\u0909\u092d\u094c \u0924\u094c \u0928 \u093f\u0935\u091c\u093e\u0928\u0940\u0924\u094b \u0928\u093e\u092f\u0902 \u0939\u093f\u0924 \u0928 \u0939\u092f\u0924\u0947\u0965\u0967\u096f\u0965",
      "heading_level": null,
      "page_id": 0,
      "polygon": [
        [
          127.001953125,
          248.2734375
        ],
        [
          467.5638122558594,
          248.2734375
        ],
        [
          467.5638122558594,
          296.2265625
        ],
        [
          127.001953125,
          296.2265625
        ]
      ]
    },
    {
      "title": "\u0928 \u091c\u093e\u092f\u0924\u0947 \u093f\u092f\u0924\u0947 \u0935\u093e \u0915\u0926\u093e\u093f\u091a-",
      "heading_level": null,
      "page_id": 0,
      "polygon": [
        [
          127.30078125,
          691.06640625
        ],
        [
          318.6539001464844,
          691.06640625
        ],
        [
          318.6539001464844,
          714.7045516967773
        ],
        [
          127.30078125,
          714.7045516967773
        ]
      ]
    }
  ],
  "page_stats": [
    {
      "page_id": 0,
      "text_extraction_method": "pdftext",
      "block_counts": [
        [
          "Span",
          145
        ],
        [
          "Line",
          32
        ],
        [
          "Text",
          5
        ],
        [
          "SectionHeader",
          2
        ]
      ],
      "block_metadata": {
        "llm_request_count": 0,
        "llm_error_count": 0,
        "llm_tokens_used": 0
      }
    }
  ],
  "debug_data_path": "debug_data/page-058"
}