{
  "table_of_contents": [
    {
      "title": "\u092f\u092f \u0928\u093e\u0939\u0915\u0902 \u0943 \u0924\u094b \u092d\u093e\u0935\u094b \u092c\u0941\u093f\u092f\u092f \u0928 \u093f\u0932\u092f\u0924\u0947\u0964\n\u0939\u0935\u093e\u093d\u093f\u092a \u0938 \u0907\u092e\u0932\u094b\u0915\u093e \u0939\u093f\u0924 \u0928 \u093f\u0928\u092c\u092f\u0924\u0947\u0965\u0967\u096d\u0965",
      "heading_level": null,
      "page_id": 0,
      "polygon": [
        [
          126.5537109375,
          70.576171875
        ],
        [
          467.94219970703125,
          70.576171875
        ],
        [
          467.94219970703125,
          116.20452880859375
        ],
        [
          126.5537109375,
          116.20452880859375
        ]
      ]
    }
  ],
  "page_stats": [
    {
      "page_id": 0,
      "text_extraction_method": "pdftext",
      "block_counts": [
        [
          "Span",
          141
        ],
        [
          "Line",
          33
        ],
        [
          "Text",
          5
        ],
        [
          "SectionHeader",
          1
        ]
      ],
      "block_metadata": {
        "llm_request_count": 0,
        "llm_error_count": 0,
        "llm_tokens_used": 0
      }
    }
  ],
  "debug_data_path": "debug_data/page-528"
}