{
  "table_of_contents": [
    {
      "title": "\u0938\u0939\u091c\u0902 \u0915\u092e \u0915\u094c\u0924\u0947\u092f \u0938\u0926\u094b\u0937\u092e\u093f\u092a \u0928 \u092f\u091c\u0947\u0924\u094d\u0964\n\u0938\u0935\u0930\u092d\u093e \u093f\u0939 \u0926\u094b\u0937\u0947\u0923 \u0927\u0942\u092e\u0947\u0928\u093e\u093f\u0928\u093f\u0930\u0935\u093e\u0935\u0943\u0924\u093e:\u0965\u096a\u096e\u0965",
      "heading_level": null,
      "page_id": 0,
      "polygon": [
        [
          125.88134765625,
          188.0419921875
        ],
        [
          427.3241882324219,
          188.0419921875
        ],
        [
          427.3241882324219,
          235.51171875
        ],
        [
          125.88134765625,
          235.51171875
        ]
      ]
    }
  ],
  "page_stats": [
    {
      "page_id": 0,
      "text_extraction_method": "pdftext",
      "block_counts": [
        [
          "Span",
          135
        ],
        [
          "Line",
          31
        ],
        [
          "Text",
          7
        ],
        [
          "SectionHeader",
          1
        ]
      ],
      "block_metadata": {
        "llm_request_count": 0,
        "llm_error_count": 0,
        "llm_tokens_used": 0
      }
    }
  ],
  "debug_data_path": "debug_data/page-548"
}