{
  "table_of_contents": [
    {
      "title": "\u091c",
      "heading_level": null,
      "page_id": 0,
      "polygon": [
        [
          76.72412109375,
          178.857421875
        ],
        [
          91.95219421386719,
          178.857421875
        ],
        [
          91.95219421386719,
          195.5721435546875
        ],
        [
          76.72412109375,
          195.5721435546875
        ]
      ]
    }
  ],
  "page_stats": [
    {
      "page_id": 0,
      "text_extraction_method": "pdftext",
      "block_counts": [
        [
          "Span",
          163
        ],
        [
          "TableCell",
          60
        ],
        [
          "Line",
          26
        ],
        [
          "Table",
          3
        ],
        [
          "Text",
          2
        ],
        [
          "SectionHeader",
          1
        ]
      ],
      "block_metadata": {
        "llm_request_count": 0,
        "llm_error_count": 0,
        "llm_tokens_used": 0
      }
    }
  ],
  "debug_data_path": "debug_data/page-610"
}