{
  "table_of_contents": [
    {
      "title": "\u0915\u093e\u092e \u090f\u0937 \u094b\u0927 \u090f\u0937 \u0930\u091c\u094b\u0917\u0941\u0923\u0938\u092e\u0941\u0935:\u0964\n\u092e\u0939\u093e\u0936\u0928\u094b \u092e\u0939\u093e\u092a\u093e\u092e\u093e \u093f\u0935\u092f\u0947\u0928\u093f\u092e\u0939 \u0935\u0948\u093f\u0930\u0923\u092e\u094d\u0965\u0969\u096d\u0965",
      "heading_level": null,
      "page_id": 0,
      "polygon": [
        [
          126.47900390625,
          71.9296875
        ],
        [
          436.1212463378906,
          71.9296875
        ],
        [
          436.1212463378906,
          116.20452880859375
        ],
        [
          126.47900390625,
          116.20452880859375
        ]
      ]
    },
    {
      "title": "\u0927\u0942\u092e\u0947\u0928\u093e\u093f\u0935\u092f\u0924\u0947 \u0935\u093f\u092f\u0925\u093e\u093d\u0926\u0936 \u092e\u0932\u0947\u0928 \u091a\u0964\n\u092f\u0925\u094b\u092c\u0947\u0928\u093e\u0935\u0943\u0924\u094b \u0917\u092d\u0924\u0925\u093e \u0924\u0947\u0928\u0926\u0947 \u092e\u093e\u0935\u0943\u0924\u092e\u094d\u0965\u0969\u096e\u0965",
      "heading_level": null,
      "page_id": 0,
      "polygon": [
        [
          127.1513671875,
          457.1015625
        ],
        [
          419.7877197265625,
          457.1015625
        ],
        [
          419.7877197265625,
          503.5078125
        ],
        [
          127.1513671875,
          503.5078125
        ]
      ]
    }
  ],
  "page_stats": [
    {
      "page_id": 0,
      "text_extraction_method": "pdftext",
      "block_counts": [
        [
          "Span",
          159
        ],
        [
          "Line",
          32
        ],
        [
          "Text",
          7
        ],
        [
          "SectionHeader",
          2
        ]
      ],
      "block_metadata": {
        "llm_request_count": 0,
        "llm_error_count": 0,
        "llm_tokens_used": 0
      }
    }
  ],
  "debug_data_path": "debug_data/page-140"
}