{
  "table_of_contents": [
    {
      "title": "\u0924\u092e\u093e\u0926\u094b\u093f\u092e\u092f\u0941\u0926\u093e\u0939\n\u0943\n\u092f \u092f\u0926\u093e\u0928\u0924\u092a:\u093f\u092f\u093e:\u0964\n\u0935\u0924\u0924\u0947 \u093f\u0935\u0927\u093e\u0928\u094b\u0924\u093e: \u0938\u0924\u0924\u0902 \u0935\u093e\u093f\u0926\u0928\u093e\u092e\u094d\u0965\u0968\u096a\u0965",
      "heading_level": null,
      "page_id": 0,
      "polygon": [
        [
          124.7607421875,
          152.8505859375
        ],
        [
          442.265625,
          152.8505859375
        ],
        [
          442.265625,
          200.513671875
        ],
        [
          124.7607421875,
          200.513671875
        ]
      ]
    },
    {
      "title": "\u0924\u093f\u0926\u092f\u0928\u093f\u092d\u0938\u0927\u093e\u092f \u092b\u0932\u0902 \u092f\u0924\u092a:\u093f\u092f\u093e:\u0964\n\u0926\u093e\u0928\u093f\u092f\u093e \u093f\u0935\u093f\u0935\u0927\u093e: \u093f\u092f\u0924\u0947 \u092e\u094b\u0915\u093f\u093f\u092d:\u0965\u0968\u096b\u0965",
      "heading_level": null,
      "page_id": 0,
      "polygon": [
        [
          127.1513671875,
          387.4921875
        ],
        [
          457.3856201171875,
          387.4921875
        ],
        [
          457.3856201171875,
          434.2050476074219
        ],
        [
          127.1513671875,
          434.2050476074219
        ]
      ]
    }
  ],
  "page_stats": [
    {
      "page_id": 0,
      "text_extraction_method": "pdftext",
      "block_counts": [
        [
          "Span",
          159
        ],
        [
          "Line",
          34
        ],
        [
          "Text",
          7
        ],
        [
          "SectionHeader",
          2
        ]
      ],
      "block_metadata": {
        "llm_request_count": 0,
        "llm_error_count": 0,
        "llm_tokens_used": 0
      }
    }
  ],
  "debug_data_path": "debug_data/page-507"
}