{
  "table_of_contents": [
    {
      "title": "YOGA PHILOSOPHY OF PATA\u00d1JALI",
      "heading_level": null,
      "page_id": 0,
      "polygon": [
        [
          182.8463476070529,
          76.47729296527159
        ],
        [
          428.818359375,
          76.47729296527159
        ],
        [
          428.818359375,
          88.8560791015625
        ],
        [
          182.8463476070529,
          88.8560791015625
        ]
      ]
    },
    {
      "title": "\u092d\u093e\u0937\u094d\u092f\u092e-\u0915\u093f\u0902\u091a-\n\u0924\u0924\u094d\u0935 \u0928\u093f\u0930\u0924\u093f\u0936\u092f\u0902 \u0938\u0935\u0928\u094d\u0924\u094d\u0935\u094b\u091c\u092e\u094d \u0965 \u0968\u096b \u0965",
      "heading_level": null,
      "page_id": 0,
      "polygon": [
        [
          94.9298095703125,
          210.6874443455031
        ],
        [
          310.2392947103275,
          210.6874443455031
        ],
        [
          310.2392947103275,
          251.1754229741763
        ],
        [
          94.9298095703125,
          251.1754229741763
        ]
      ]
    },
    {
      "title": "In Him The Seed Of Omniscience Has Reached A Limit\nWhich Cannot Be Exceeded. 25.",
      "heading_level": null,
      "page_id": 0,
      "polygon": [
        [
          83.18010075566751,
          503.6376953125
        ],
        [
          521.2060546875,
          500.8512911843277
        ],
        [
          521.2060546875,
          532.4169921875
        ],
        [
          83.18010075566751,
          532.4169921875
        ]
      ]
    }
  ],
  "page_stats": [
    {
      "page_id": 0,
      "text_extraction_method": "surya",
      "block_counts": [
        [
          "Line",
          32
        ],
        [
          "Span",
          32
        ],
        [
          "Text",
          7
        ],
        [
          "SectionHeader",
          3
        ]
      ],
      "block_metadata": {
        "llm_request_count": 0,
        "llm_error_count": 0,
        "llm_tokens_used": 0
      }
    }
  ],
  "debug_data_path": "debug_data/page-090"
}