{
  "table_of_contents": [
    {
      "title": "\u0928\u093e\u0938\u0924\u094b \u093f\u0935\u0924\u0947 \u092d\u093e\u0935\u094b \u0928\u093e\u092d\u093e\u0935\u094b \u093f\u0935\u0924\u0947 \u0938\u0924:\u0964\n\u0909\u092d\u092f\u094b\u0930\u093f\u092a \u0926\n\u0943\n\u094b\u093d\u0924\u0935\u0928\u092f\u094b\u0924\u0935\u0926\u093f\u0936\u093f\u092d:\u0965\u0967\u096c\u0965",
      "heading_level": null,
      "page_id": 0,
      "polygon": [
        [
          124.013671875,
          285.978515625
        ],
        [
          445.3724365234375,
          285.978515625
        ],
        [
          445.3724365234375,
          333.0561218261719
        ],
        [
          124.013671875,
          333.0561218261719
        ]
      ]
    }
  ],
  "page_stats": [
    {
      "page_id": 0,
      "text_extraction_method": "pdftext",
      "block_counts": [
        [
          "Span",
          128
        ],
        [
          "Line",
          35
        ],
        [
          "Text",
          5
        ],
        [
          "SectionHeader",
          1
        ]
      ],
      "block_metadata": {
        "llm_request_count": 0,
        "llm_error_count": 0,
        "llm_tokens_used": 0
      }
    }
  ],
  "debug_data_path": "debug_data/page-053"
}