{
  "table_of_contents": [
    {
      "title": "YOGA PHILOSOPHY OF PATANJALI",
      "heading_level": null,
      "page_id": 0,
      "polygon": [
        [
          194.83627204030228,
          69.72929652715939
        ],
        [
          438.40576171875,
          68.22974176313446
        ],
        [
          438.40576171875,
          82.3807373046875
        ],
        [
          194.83627204030228,
          82.3807373046875
        ]
      ]
    },
    {
      "title": "\u092d\u093e\u0937\u094d\u092f\u092e\u094d-\u092f\u0938\u094d\u0924\u0941 \u092a\u094d\u0930\u0924\u094d\u092f\u0915\u094d\u0924\u094d\u0930\u093f\u0924\u0928\u0938\u094d\u092f \u0938\u094d\u0935\u0935\u0941\u0926\u094d\u0927\u093f\u0938\u0902\u092f\u094b\u0917:,",
      "heading_level": null,
      "page_id": 0,
      "polygon": [
        [
          99.6662468513854,
          407.8788958147818
        ],
        [
          363.1591796875,
          407.8788958147818
        ],
        [
          363.1591796875,
          425.111328125
        ],
        [
          99.6662468513854,
          425.111328125
        ]
      ]
    },
    {
      "title": "\u0924\u0938\u094d\u092f \u0939\u0947\u0924\u0930\u0935\u093f\u0926\u094d\u092f\u093e \u0964 \u0968\u096a \u0964\u0964",
      "heading_level": null,
      "page_id": 0,
      "polygon": [
        [
          100.41561712846348,
          430.37221727515583
        ],
        [
          248.98193359375,
          430.37221727515583
        ],
        [
          248.98193359375,
          445.66796875
        ],
        [
          100.41561712846348,
          445.66796875
        ]
      ]
    }
  ],
  "page_stats": [
    {
      "page_id": 0,
      "text_extraction_method": "surya",
      "block_counts": [
        [
          "Line",
          35
        ],
        [
          "Span",
          35
        ],
        [
          "Text",
          6
        ],
        [
          "SectionHeader",
          3
        ],
        [
          "PageHeader",
          1
        ]
      ],
      "block_metadata": {
        "llm_request_count": 0,
        "llm_error_count": 0,
        "llm_tokens_used": 0
      }
    }
  ],
  "debug_data_path": "debug_data/page-240"
}