{
  "table_of_contents": [
    {
      "title": "\u093e\u0928\u092f\u0947\u0928 \u0924\u0947\u0928\u093e\u0939\u093f\u092e: \u092f\u093e\u093f\u092e\u093f\u0924 \u092e\u0947 \u092e\u093f\u0924:\u0965\u096d\u0966\u0965",
      "heading_level": null,
      "page_id": 0,
      "polygon": [
        [
          127.74610900878906,
          68.5458984375
        ],
        [
          446.77239990234375,
          68.5458984375
        ],
        [
          446.77239990234375,
          93.70452880859375
        ],
        [
          127.74610900878906,
          93.70452880859375
        ]
      ]
    },
    {
      "title": "\u093e\u0935\u093e\u0928\u0928\u0938\u0942\u092f \u0936\u0943\u0923\u0941\u092f\u093e\u0926\u093f\u092a \u092f\u094b \u0928\u0930:\u0964\n\u0938\u094b\u093d\u093f\u092a \u092e\u0941\u0924: \u0936\u0941\u092d\u0932\u094b\u0915\u093e\u093e\u0941\u092f\u093e\u092a\u0941\n\u092f\u0915\u092e\u0923\u093e\u092e\u094d\u0965\u096d\u0967\u0965",
      "heading_level": null,
      "page_id": 0,
      "polygon": [
        [
          126.5537109375,
          454.39453125
        ],
        [
          475.3392028808594,
          454.39453125
        ],
        [
          475.3392028808594,
          500.02734375
        ],
        [
          126.5537109375,
          500.02734375
        ]
      ]
    }
  ],
  "page_stats": [
    {
      "page_id": 0,
      "text_extraction_method": "pdftext",
      "block_counts": [
        [
          "Span",
          148
        ],
        [
          "Line",
          33
        ],
        [
          "Text",
          5
        ],
        [
          "SectionHeader",
          2
        ]
      ],
      "block_metadata": {
        "llm_request_count": 0,
        "llm_error_count": 0,
        "llm_tokens_used": 0
      }
    }
  ],
  "debug_data_path": "debug_data/page-586"
}