{
  "table_of_contents": [
    {
      "title": "\u0924\u093e\u0928\u0939\u0902 \u093f\u0937\u0924: \u0942 \u0930\u093e\u0928\u094d \u0938\u0902\u0938\u093e\u0930\u0947\u0937\u0941 \u0928\u0930\u093e\u0927\u092e\u093e\u0928\u094d\u0964\n\u093f\u092a\u093e\u092f\u091c\u092e\u0936\u0941\u092d\u093e\u0928\u093e\u0938\u0941\u0930\u0940\u0935\u0947\u0935 \u092f\u094b\u093f\u0928\u0937\u0941\u0965\u0967\u096f\u0965",
      "heading_level": null,
      "page_id": 0,
      "polygon": [
        [
          126.2548828125,
          351.140625
        ],
        [
          405.0193176269531,
          351.140625
        ],
        [
          405.0193176269531,
          396.7045593261719
        ],
        [
          126.2548828125,
          396.7045593261719
        ]
      ]
    },
    {
      "title": "\u0906\u0938\u0941\u0930\u0974 \u092f\u094b\u093f\u0928\u092e\u093e\u092a\u093e \u092e\u0942\u0922\u093e \u091c\u092e\u093f\u0928 \u091c\u092e\u093f\u0928\u0964\n\u092e\u093e\u092e\u093e\u092f\u0948\u0935 \u0915\u094c\u0924\u0947\u092f \u0924\u0924\u094b \u092f\u093e\u092f\u0927\u092e \u0917\u093f\u0924\u092e\u094d\u0965\u0968\u0966\u0965",
      "heading_level": null,
      "page_id": 0,
      "polygon": [
        [
          123.8642578125,
          602.89453125
        ],
        [
          455.75872802734375,
          602.89453125
        ],
        [
          455.75872802734375,
          650.2045593261719
        ],
        [
          123.8642578125,
          650.2045593261719
        ]
      ]
    }
  ],
  "page_stats": [
    {
      "page_id": 0,
      "text_extraction_method": "pdftext",
      "block_counts": [
        [
          "Span",
          144
        ],
        [
          "Line",
          32
        ],
        [
          "Text",
          4
        ],
        [
          "SectionHeader",
          2
        ]
      ],
      "block_metadata": {
        "llm_request_count": 0,
        "llm_error_count": 0,
        "llm_tokens_used": 0
      }
    }
  ],
  "debug_data_path": "debug_data/page-490"
}