{
  "table_of_contents": [
    {
      "title": "\u092f\u094b\u093d\u092f\u0902 \u092f\u094b\u0917\u0935\u092f\u093e \u094b\u0924: \u0938\u093e\u092f\u0947\u0928 \u092e\u0927\u0941\u0938\u0942\u0926\u0928\u0964\n\u090f\u0924\u092f\u093e\u0939\u0902 \u0928 \u092a\u092f\u093e\u093f\u092e \u091a\u091a\u0932\u0935\u093e\u0924\u094d \u093f\u0925\u093f\u0924\u0902 \u093f\u0925\u0930\u093e\u092e\u094d\u0965\u0969\u0969\u0965",
      "heading_level": null,
      "page_id": 0,
      "polygon": [
        [
          125.9560546875,
          104.4140625
        ],
        [
          507.7466735839844,
          104.4140625
        ],
        [
          507.7466735839844,
          153.720703125
        ],
        [
          125.9560546875,
          153.720703125
        ]
      ]
    },
    {
      "title": "\u091a\u091a\u0932\u0902 \u093f\u0939 \u092e\u0928: \u0915\u0943\n\u0923 \u092e\u093e\u093f\u0925 \u092c\u0932\u0935\u0922\n\u0943\n\u092e\u094d\u0964\n\u0924\u092f\u093e\u0939\u0902 \u093f\u0928\u0939\u0902 \u092e\u092f\u0947 \u0935\u093e\u092f\u094b\u093f\u0930\u0935 \u0938\u0941\u0926\n\u0941\n\u0915\u0930\u092e\u094d\u0965\u0969\u096a\u0965",
      "heading_level": null,
      "page_id": 0,
      "polygon": [
        [
          124.3125,
          325.810546875
        ],
        [
          437.8239440917969,
          325.810546875
        ],
        [
          437.8239440917969,
          372.603515625
        ],
        [
          124.3125,
          372.603515625
        ]
      ]
    }
  ],
  "page_stats": [
    {
      "page_id": 0,
      "text_extraction_method": "pdftext",
      "block_counts": [
        [
          "Span",
          170
        ],
        [
          "Line",
          35
        ],
        [
          "Text",
          6
        ],
        [
          "SectionHeader",
          2
        ],
        [
          "PageHeader",
          1
        ]
      ],
      "block_metadata": {
        "llm_request_count": 0,
        "llm_error_count": 0,
        "llm_tokens_used": 0
      }
    }
  ],
  "debug_data_path": "debug_data/page-244"
}