{
  "table_of_contents": [
    {
      "title": "306 YOGA PHILOSOPHY Ol- PATA^JALf",
      "heading_level": null,
      "page_id": 0,
      "polygon": [
        [
          61.900001525878906,
          71.43503906205297
        ],
        [
          436.953125,
          71.43503906205297
        ],
        [
          436.953125,
          86.5948486328125
        ],
        [
          61.900001525878906,
          86.5948486328125
        ]
      ]
    }
  ],
  "page_stats": [
    {
      "page_id": 0,
      "text_extraction_method": "pdftext",
      "block_counts": [
        [
          "Span",
          660
        ],
        [
          "Line",
          36
        ],
        [
          "Text",
          6
        ],
        [
          "SectionHeader",
          1
        ],
        [
          "PageHeader",
          1
        ]
      ],
      "block_metadata": {
        "llm_request_count": 0,
        "llm_error_count": 0,
        "llm_tokens_used": 0
      }
    }
  ],
  "debug_data_path": "debug_data/page-328"
}