{
  "table_of_contents": [
    {
      "title": "YOGA PHILOSOPHY OF PATANJALI",
      "heading_level": null,
      "page_id": 0,
      "polygon": [
        [
          184.34508816120908,
          74.22796081923418
        ],
        [
          429.68994140625,
          74.22796081923418
        ],
        [
          429.68994140625,
          86.7490234375
        ],
        [
          184.34508816120908,
          86.7490234375
        ]
      ]
    },
    {
      "title": "\u0935\u093f\u0937\u092f\u0935\u0924\u094b \u0935\u093e \u092a\u094d\u0930\u0939\u0924\u094d\u0924\u093f\u0915\u0930\u094d\u0924\u094d\u092f\u0928\u094d\u0924\u093e \u092e\u0928\u0938\u0903 \u0938\u094d\u0925\u093f\u0924\u093f\u0928\u093f\u092c\u0928\u094d\u0927\u0928\u094b \u0965 \u0969\u096b \u0965",
      "heading_level": null,
      "page_id": 0,
      "polygon": [
        [
          98.91687657430731,
          491.1041852181656
        ],
        [
          453.51318359375,
          489.60463045414065
        ],
        [
          453.51318359375,
          507.337890625
        ],
        [
          98.91687657430731,
          507.337890625
        ]
      ]
    }
  ],
  "page_stats": [
    {
      "page_id": 0,
      "text_extraction_method": "surya",
      "block_counts": [
        [
          "Line",
          35
        ],
        [
          "Span",
          35
        ],
        [
          "Text",
          3
        ],
        [
          "SectionHeader",
          2
        ],
        [
          "PageHeader",
          1
        ]
      ],
      "block_metadata": {
        "llm_request_count": 0,
        "llm_error_count": 0,
        "llm_tokens_used": 0
      }
    }
  ],
  "debug_data_path": "debug_data/page-112"
}