{
  "table_of_contents": [
    {
      "title": "ON PRACTICE 2I*J",
      "heading_level": null,
      "page_id": 0,
      "polygon": [
        [
          246.802978515625,
          75.75260498002172
        ],
        [
          532.0902709960938,
          75.75260498002172
        ],
        [
          532.0902709960938,
          88.8046875
        ],
        [
          246.802978515625,
          88.8046875
        ]
      ]
    }
  ],
  "page_stats": [
    {
      "page_id": 0,
      "text_extraction_method": "pdftext",
      "block_counts": [
        [
          "Span",
          667
        ],
        [
          "Line",
          41
        ],
        [
          "Text",
          4
        ],
        [
          "SectionHeader",
          1
        ],
        [
          "PageHeader",
          1
        ]
      ],
      "block_metadata": {
        "llm_request_count": 0,
        "llm_error_count": 0,
        "llm_tokens_used": 0
      }
    }
  ],
  "debug_data_path": "debug_data/page-241"
}