{
  "table_of_contents": [
    {
      "title": "220 VOGA PHILOSOPHY OF PATaSJALI",
      "heading_level": null,
      "page_id": 0,
      "polygon": [
        [
          62.900001525878906,
          69.29343749955297
        ],
        [
          436.3720703125,
          69.29343749955297
        ],
        [
          436.3720703125,
          85.59324218705297
        ],
        [
          62.900001525878906,
          85.59324218705297
        ]
      ]
    }
  ],
  "page_stats": [
    {
      "page_id": 0,
      "text_extraction_method": "pdftext",
      "block_counts": [
        [
          "Span",
          723
        ],
        [
          "Line",
          39
        ],
        [
          "Text",
          4
        ],
        [
          "SectionHeader",
          1
        ],
        [
          "PageHeader",
          1
        ]
      ],
      "block_metadata": {
        "llm_request_count": 0,
        "llm_error_count": 0,
        "llm_tokens_used": 0
      }
    }
  ],
  "debug_data_path": "debug_data/page-242"
}