{
  "table_of_contents": [
    {
      "title": "\u092f\u0947 \u0924\u0941 \u0938\u0935\u093f\u0923 \u0915\u092e\u093f\u0923 \u092e\u093f\u092f \u0938\u0902\u092f\u092f \u092e\u092a\u0930\u093e:\u0964\n\u0905\u0928\u092f\u0947\u0928\u0935\u0948 \u092f\u094b\u0917\u0947\u0928 \u092e \u092f\u093e\u092f\u0924 \u0909\u092a\u093e\u0938\u0924\u0947\u0965\u096c\u0965",
      "heading_level": null,
      "page_id": 0,
      "polygon": [
        [
          125.6572265625,
          266.44921875
        ],
        [
          434.078125,
          266.44921875
        ],
        [
          434.078125,
          314.40234375
        ],
        [
          125.6572265625,
          314.40234375
        ]
      ]
    },
    {
      "title": "\u0924\u0947\u0937\u093e\u092e\u0939\u0902 \u0938\u092e\u0941\u0924 \u092e\u0943\n\u092f\u0941\u0938\u0902\u0938\u093e\u0930\u0938\u093e\u0917\u0930\u093e\u0924\u094d\u0964\n\u092d\u0935\u093e\u093f\u092e \u0928 \u093f\u091a\u0930\u093e\u092a\u093e\u0925 \u092e\u092f\u093e\u0935\u0947\u093f\u0936\u0924\u091a\u0947\u0924\u0938\u093e\u092e\u094d\u0965\u096d\u0965",
      "heading_level": null,
      "page_id": 0,
      "polygon": [
        [
          124.08837890625,
          546.046875
        ],
        [
          429.0457763671875,
          546.046875
        ],
        [
          429.0457763671875,
          593.2265625
        ],
        [
          124.08837890625,
          593.2265625
        ]
      ]
    }
  ],
  "page_stats": [
    {
      "page_id": 0,
      "text_extraction_method": "pdftext",
      "block_counts": [
        [
          "Span",
          144
        ],
        [
          "Line",
          32
        ],
        [
          "Text",
          7
        ],
        [
          "SectionHeader",
          2
        ]
      ],
      "block_metadata": {
        "llm_request_count": 0,
        "llm_error_count": 0,
        "llm_tokens_used": 0
      }
    }
  ],
  "debug_data_path": "debug_data/page-376"
}