{
  "table_of_contents": [
    {
      "title": "\u0915\u092e\u092f\u0915\u092e \u092f: \u092a\u092f\u0947\u0926\u0915\u092e\u093f\u0923 \u091a \u0915\u092e \u092f:\u0964\n\u0938 \u092c\u0941\u093f\u092e\u093e\u092e\u0928\u0941\n\u092f\u0947\u0937\u0941 \u0938 \u092f\u0941\u0924: \u0915\u0943\n\u0928\u0915\u092e\u0915\u0943 \u0924\u094d\u0965\u0967\u096e\u0965",
      "heading_level": null,
      "page_id": 0,
      "polygon": [
        [
          124.91015625,
          211.728515625
        ],
        [
          466.5232238769531,
          211.728515625
        ],
        [
          466.5232238769531,
          260.455078125
        ],
        [
          124.91015625,
          260.455078125
        ]
      ]
    }
  ],
  "page_stats": [
    {
      "page_id": 0,
      "text_extraction_method": "pdftext",
      "block_counts": [
        [
          "Span",
          150
        ],
        [
          "Line",
          34
        ],
        [
          "Text",
          6
        ],
        [
          "SectionHeader",
          1
        ]
      ],
      "block_metadata": {
        "llm_request_count": 0,
        "llm_error_count": 0,
        "llm_tokens_used": 0
      }
    }
  ],
  "debug_data_path": "debug_data/page-162"
}