{
  "table_of_contents": [
    {
      "title": "ON CONCENTRATION ]25",
      "heading_level": null,
      "page_id": 0,
      "polygon": [
        [
          230.242919921875,
          75.99259521439672
        ],
        [
          546.0169067382812,
          75.99259521439672
        ],
        [
          546.0169067382812,
          90.76517822220922
        ],
        [
          230.242919921875,
          90.76517822220922
        ]
      ]
    }
  ],
  "page_stats": [
    {
      "page_id": 0,
      "text_extraction_method": "pdftext",
      "block_counts": [
        [
          "Span",
          161
        ],
        [
          "Line",
          9
        ],
        [
          "Text",
          3
        ],
        [
          "SectionHeader",
          1
        ]
      ],
      "block_metadata": {
        "llm_request_count": 0,
        "llm_error_count": 0,
        "llm_tokens_used": 0
      }
    }
  ],
  "debug_data_path": "debug_data/page-147"
}