{
  "table_of_contents": [
    {
      "title": "312 YOCiA PHILOSOPHY OF PATASjAT.I",
      "heading_level": null,
      "page_id": 0,
      "polygon": [
        [
          62.900001525878906,
          62.021342772990465
        ],
        [
          428.52783203125,
          62.021342772990465
        ],
        [
          428.52783203125,
          77.72977783158422
        ],
        [
          62.900001525878906,
          77.72977783158422
        ]
      ]
    },
    {
      "title": "",
      "heading_level": null,
      "page_id": 0,
      "polygon": [
        [
          95.29296875,
          141.8408203125
        ],
        [
          371.875,
          141.8408203125
        ],
        [
          371.875,
          156.23046875
        ],
        [
          95.29296875,
          156.23046875
        ]
      ]
    },
    {
      "title": "Knowledge Of The Past And The Future Can Be Derived\n*\u25a0\nThrough Samyama On The Three Pirmamas (Change;;). 16,",
      "heading_level": null,
      "page_id": 0,
      "polygon": [
        [
          77.57080078125,
          297.0044360347092
        ],
        [
          526.72607421875,
          297.0044360347092
        ],
        [
          526.72607421875,
          334.8736682124436
        ],
        [
          77.57080078125,
          334.8736682124436
        ]
      ]
    }
  ],
  "page_stats": [
    {
      "page_id": 0,
      "text_extraction_method": "pdftext",
      "block_counts": [
        [
          "Span",
          566
        ],
        [
          "Line",
          34
        ],
        [
          "Text",
          7
        ],
        [
          "SectionHeader",
          3
        ],
        [
          "PageHeader",
          2
        ]
      ],
      "block_metadata": {
        "llm_request_count": 0,
        "llm_error_count": 0,
        "llm_tokens_used": 0
      }
    }
  ],
  "debug_data_path": "debug_data/page-334"
}