{
  "table_of_contents": [
    {
      "title": "YOGA PHILOSOPHY Ol PATaN|A1,1",
      "heading_level": null,
      "page_id": 0,
      "polygon": [
        [
          182.89999389648438,
          72.70817138627172
        ],
        [
          423.87939453125,
          72.70817138627172
        ],
        [
          423.87939453125,
          87.4171142578125
        ],
        [
          182.89999389648438,
          87.4171142578125
        ]
      ]
    },
    {
      "title": "luH441u|U4444\u00abVT4|**vts^Er h Vi* ||\n\u25a0\u00bb#",
      "heading_level": null,
      "page_id": 0,
      "polygon": [
        [
          95.8013916015625,
          101.91923095658422
        ],
        [
          361.12548828125,
          101.91923095658422
        ],
        [
          361.12548828125,
          120.54056884720922
        ],
        [
          95.8013916015625,
          120.54056884720922
        ]
      ]
    },
    {
      "title": "When The Mind Develop* The Power Of Fixing On The\nSmallest $\u25a0\u00ab As Well As On The Highest Onet\nThen The Mind Comes Under Control. 40.",
      "heading_level": null,
      "page_id": 0,
      "polygon": [
        [
          93.84033203125,
          206.07407714799047
        ],
        [
          503.48388671875,
          206.07407714799047
        ],
        [
          503.48388671875,
          258.45200683549047
        ],
        [
          93.84033203125,
          258.45200683549047
        ]
      ]
    }
  ],
  "page_stats": [
    {
      "page_id": 0,
      "text_extraction_method": "pdftext",
      "block_counts": [
        [
          "Span",
          594
        ],
        [
          "Line",
          37
        ],
        [
          "Text",
          4
        ],
        [
          "SectionHeader",
          3
        ],
        [
          "PageHeader",
          1
        ]
      ],
      "block_metadata": {
        "llm_request_count": 0,
        "llm_error_count": 0,
        "llm_tokens_used": 0
      }
    }
  ],
  "debug_data_path": "debug_data/page-120"
}