{
  "table_of_contents": [
    {
      "title": "\u0928\u0924\u0948 \u0947 \u0938\u0943\u0924\u0940 \u092a\u093e\u0925 \u091c\u093e\u0928\u092f\u094b\u0917\u0940 \u092e\u0941\u093f\u0924 \u0915\u0928\u0964\n\u0924\u092e\u093e\u0938\u0935\u0937\u0941 \u0915\u093e\u0932\u0947\u0937\u0941 \u092f\u094b\u0917\u092f\u0941\u0924\u094b \u092d\u0935\u093e\u091c\u0941\n\u0928\u0965\u0968\u096d\u0965",
      "heading_level": null,
      "page_id": 0,
      "polygon": [
        [
          124.68603515625,
          303.767578125
        ],
        [
          434.0023498535156,
          303.767578125
        ],
        [
          434.0023498535156,
          350.947265625
        ],
        [
          124.68603515625,
          350.947265625
        ]
      ]
    }
  ],
  "page_stats": [
    {
      "page_id": 0,
      "text_extraction_method": "pdftext",
      "block_counts": [
        [
          "Span",
          157
        ],
        [
          "Line",
          32
        ],
        [
          "Text",
          7
        ],
        [
          "SectionHeader",
          1
        ]
      ],
      "block_metadata": {
        "llm_request_count": 0,
        "llm_error_count": 0,
        "llm_tokens_used": 0
      }
    }
  ],
  "debug_data_path": "debug_data/page-289"
}