{
  "table_of_contents": [
    {
      "title": "\u0938\u0926\u0936\n\u0943\n\u0902 \u091a\u0947\u0924\u0947 \u0935\u092f\u093e: \u0915\u0943 \u0924\u0947\n\u0928\u0935\u093e\u0928\u093f\u092a\u0964\n\u0915\u0943\n\u093f\u0924\u0902 \u092f\u093e\u093f\u0924 \u092d\u0942\u0924\u093e\u093f\u0928 \u093f\u0928\u0939: \u093f\u0915\u0902 \u0915\u093f\u0930\u092f\u093f\u0924\u0965\u0969\u0969\u0965",
      "heading_level": null,
      "page_id": 0,
      "polygon": [
        [
          124.7607421875,
          212.115234375
        ],
        [
          462.24774169921875,
          212.115234375
        ],
        [
          462.24774169921875,
          260.841796875
        ],
        [
          124.7607421875,
          260.841796875
        ]
      ]
    },
    {
      "title": "\u0907\u093f\u092f\u092f\u0947\u093f\u092f\u092f\u093e\u0925 \u0930\u093e\u0917\u0947\u0937\u094c \u092f\u0935\u093f\u0925\u0924\u094c\u0964\n\u0924\u092f\u094b\u0928 \u0935\u0936\u092e\u093e\u0917\u091b\u0947\u094c \u092f \u092a\u093f\u0930\u092a\u093f\u0925\u0928\u094c\u0965\u0969\u096a\u0965",
      "heading_level": null,
      "page_id": 0,
      "polygon": [
        [
          124.7607421875,
          563.8359375
        ],
        [
          433.26458740234375,
          563.8359375
        ],
        [
          433.26458740234375,
          611.2045593261719
        ],
        [
          124.7607421875,
          611.2045593261719
        ]
      ]
    }
  ],
  "page_stats": [
    {
      "page_id": 0,
      "text_extraction_method": "pdftext",
      "block_counts": [
        [
          "Span",
          132
        ],
        [
          "Line",
          35
        ],
        [
          "Text",
          7
        ],
        [
          "SectionHeader",
          2
        ]
      ],
      "block_metadata": {
        "llm_request_count": 0,
        "llm_error_count": 0,
        "llm_tokens_used": 0
      }
    }
  ],
  "debug_data_path": "debug_data/page-137"
}