{
  "table_of_contents": [
    {
      "title": "CHAPTER 4",
      "heading_level": null,
      "page_id": 0,
      "polygon": [
        [
          220.99221801757812,
          93.2958984375
        ],
        [
          396.44219970703125,
          93.2958984375
        ],
        [
          396.44219970703125,
          126.42205810546875
        ],
        [
          220.99221801757812,
          126.42205810546875
        ]
      ]
    },
    {
      "title": "KNOWLEDGE AND\nRENUNCIATION OF ACTIONS",
      "heading_level": null,
      "page_id": 0,
      "polygon": [
        [
          95.326171875,
          145.40625
        ],
        [
          522.9076538085938,
          145.40625
        ],
        [
          522.9076538085938,
          214.435546875
        ],
        [
          95.326171875,
          214.435546875
        ]
      ]
    },
    {
      "title": "\u093e\u0928\u0915\u092e\u0938\u093e\u0938\u092f\u094b\u0917\u0903",
      "heading_level": null,
      "page_id": 0,
      "polygon": [
        [
          181.6875,
          238.412109375
        ],
        [
          435.69140625,
          238.412109375
        ],
        [
          435.69140625,
          279.017578125
        ],
        [
          181.6875,
          279.017578125
        ]
      ]
    },
    {
      "title": "\u0907\u092e\u0902 \u093f\u0935\u0935\u0935\u0924\u0947 \u092f\u094b\u0917\u0902 \u094b\u0924\u0935\u093e\u0928\u0939\u092e\u092f\u092f\u092e\u094d\u0964\n\u093f\u0935\u0935\u0935\u093e\u092e\u0928\u0935\u0947 \u093e\u0939 \u092e\u0928\u0941\u093f\u0930\u0935\u093e\u0915\u0935\u0947\n\u093d\u0935\u0940\u0924\u094d\u0965\u0967\u0965",
      "heading_level": null,
      "page_id": 0,
      "polygon": [
        [
          125.28369140625,
          515.109375
        ],
        [
          415.55694580078125,
          515.109375
        ],
        [
          415.55694580078125,
          562.45458984375
        ],
        [
          125.28369140625,
          562.45458984375
        ]
      ]
    }
  ],
  "page_stats": [
    {
      "page_id": 0,
      "text_extraction_method": "pdftext",
      "block_counts": [
        [
          "Span",
          75
        ],
        [
          "Line",
          24
        ],
        [
          "SectionHeader",
          4
        ],
        [
          "Text",
          4
        ]
      ],
      "block_metadata": {
        "llm_request_count": 0,
        "llm_error_count": 0,
        "llm_tokens_used": 0
      }
    }
  ],
  "debug_data_path": "debug_data/page-151"
}