{
  "table_of_contents": [
    {
      "title": "3 YOGA PH1LOSOPHV OF PATA^JALI",
      "heading_level": null,
      "page_id": 0,
      "polygon": [
        [
          56.900001525878906,
          70.91843749955297
        ],
        [
          417.7783203125,
          70.91843749955297
        ],
        [
          417.7783203125,
          88.6505126953125
        ],
        [
          56.900001525878906,
          88.6505126953125
        ]
      ]
    }
  ],
  "page_stats": [
    {
      "page_id": 0,
      "text_extraction_method": "pdftext",
      "block_counts": [
        [
          "Span",
          704
        ],
        [
          "Line",
          38
        ],
        [
          "Text",
          5
        ],
        [
          "SectionHeader",
          1
        ]
      ],
      "block_metadata": {
        "llm_request_count": 0,
        "llm_error_count": 0,
        "llm_tokens_used": 0
      }
    }
  ],
  "debug_data_path": "debug_data/page-024"
}