{
  "table_of_contents": [
    {
      "title": "\u0905\u0938\u093f\u0924\u0930\u0928\u093f\u092d\u0935: \u092a\u0941\u0926\u093e\u0930\u0917\u0943\u0939\u093e\u093f\u0926\u0937\u0941\u0964\n\u093f\u0928\u092f\u0902 \u091a \u0938\u092e\u093f\u091a\u0935\u093f\u092e\u093e\u093f\u0928\u094b\u092a\u092a\u093f\u0937\u0941\u0965\u096f\u0965",
      "heading_level": null,
      "page_id": 0,
      "polygon": [
        [
          127.1513671875,
          400.25390625
        ],
        [
          414.308349609375,
          400.25390625
        ],
        [
          414.308349609375,
          447.7045593261719
        ],
        [
          127.1513671875,
          447.7045593261719
        ]
      ]
    }
  ],
  "page_stats": [
    {
      "page_id": 0,
      "text_extraction_method": "pdftext",
      "block_counts": [
        [
          "Span",
          99
        ],
        [
          "Line",
          33
        ],
        [
          "Text",
          5
        ],
        [
          "SectionHeader",
          1
        ]
      ],
      "block_metadata": {
        "llm_request_count": 0,
        "llm_error_count": 0,
        "llm_tokens_used": 0
      }
    }
  ],
  "debug_data_path": "debug_data/page-408"
}