{
  "table_of_contents": [
    {
      "title": "\u0938\u0935\u0917\u0941\u0924\u092e\u0902 \u092d\u0942\u092f: \u0936\u0943\u0923\u0941 \u092e\u0947 \u092a\u0930\u092e\u0902 \u0935\u091a:\u0964\n\u0907\u094b\u093d\u093f\u0938 \u092e\u0947 \u0926\u0922\n\u0943\n\u093f\u092e\u093f\u0924 \u0924\u0924\u094b \u0935\u092f\u093e\u093f\u092e \u0924\u0947 \u093f\u0939\u0924\u092e\u094d\u0965\u096c\u096a\u0965",
      "heading_level": null,
      "page_id": 0,
      "polygon": [
        [
          122.6689453125,
          294.873046875
        ],
        [
          474.0849914550781,
          294.873046875
        ],
        [
          474.0849914550781,
          340.5561218261719
        ],
        [
          122.6689453125,
          340.5561218261719
        ]
      ]
    },
    {
      "title": "\u092e\u092e\u0928\u093e \u092d\u0935 \u092e\u0924\u094b \u092e\u093e\u091c\u0940 \u092e \u0928\u092e\u0915\u0941 \u0964\n\u092e\u093e\u092e\u0947\u0935\u0948\u092f\u093f\u0938 \u0938\u092f\u0902 \u0924\u0947 \u093f\u0924\u091c\u093e\u0928\u0947 \u093f\u092f\u094b\u093d\u093f\u0938 \u092e\u0947\u0965\u096c\u096b\u0965",
      "heading_level": null,
      "page_id": 0,
      "polygon": [
        [
          125.208984375,
          627.2578125
        ],
        [
          455.2478942871094,
          627.2578125
        ],
        [
          455.2478942871094,
          673.6640625
        ],
        [
          125.208984375,
          673.6640625
        ]
      ]
    }
  ],
  "page_stats": [
    {
      "page_id": 0,
      "text_extraction_method": "pdftext",
      "block_counts": [
        [
          "Span",
          172
        ],
        [
          "Line",
          33
        ],
        [
          "Text",
          7
        ],
        [
          "SectionHeader",
          2
        ]
      ],
      "block_metadata": {
        "llm_request_count": 0,
        "llm_error_count": 0,
        "llm_tokens_used": 0
      }
    }
  ],
  "debug_data_path": "debug_data/page-567"
}