{
  "table_of_contents": [
    {
      "title": "332 YOGA PH11.050PHY Ol PATAfiiJAl.I",
      "heading_level": null,
      "page_id": 0,
      "polygon": [
        [
          66.95000457763672,
          65.46024658158422
        ],
        [
          435.791015625,
          65.46024658158422
        ],
        [
          435.791015625,
          82.02099609375
        ],
        [
          66.95000457763672,
          82.02099609375
        ]
      ]
    }
  ],
  "page_stats": [
    {
      "page_id": 0,
      "text_extraction_method": "pdftext",
      "block_counts": [
        [
          "Span",
          571
        ],
        [
          "Line",
          34
        ],
        [
          "Text",
          3
        ],
        [
          "SectionHeader",
          1
        ]
      ],
      "block_metadata": {
        "llm_request_count": 0,
        "llm_error_count": 0,
        "llm_tokens_used": 0
      }
    }
  ],
  "debug_data_path": "debug_data/page-354"
}