{
  "table_of_contents": [
    {
      "title": "ON PRACTICE. 27*",
      "heading_level": null,
      "page_id": 0,
      "polygon": [
        [
          239.249267578125,
          66.97617675736547
        ],
        [
          529.9508056640625,
          66.97617675736547
        ],
        [
          529.9508056640625,
          83.79868652299047
        ],
        [
          239.249267578125,
          83.79868652299047
        ]
      ]
    },
    {
      "title": "^f?T *fh<3T34^% ^gifrr% ferial: I\nThat BtingS Supreme Control Of Tht Se nsc-Or^ans, S5.",
      "heading_level": null,
      "page_id": 0,
      "polygon": [
        [
          76.0989990234375,
          163.18369628861547
        ],
        [
          508.1105041503906,
          163.18369628861547
        ],
        [
          508.1105041503906,
          205.1552734375
        ],
        [
          76.0989990234375,
          205.1552734375
        ]
      ]
    }
  ],
  "page_stats": [
    {
      "page_id": 0,
      "text_extraction_method": "pdftext",
      "block_counts": [
        [
          "Span",
          545
        ],
        [
          "Line",
          35
        ],
        [
          "Text",
          5
        ],
        [
          "SectionHeader",
          2
        ]
      ],
      "block_metadata": {
        "llm_request_count": 0,
        "llm_error_count": 0,
        "llm_tokens_used": 0
      }
    }
  ],
  "debug_data_path": "debug_data/page-297"
}