{
  "table_of_contents": [
    {
      "title": "\u092f\u0926\u093e \u0938\u0902\u0939\u0930\u0924\u0947 \u091a\u093e\u092f\u0902 \u0915\u0942 \u092e\u093d\u093e\u0928\u0940\u0935 \u0938\u0935\u0936:\u0964\n\u0907\u093f\u092f\u093e\u0923\u0940\u093f\u092f\u093e\u0925\u092f\u0924\u092f \u093e \u093f\u0924\u093f\u0924\u093e\u0965\u096b\u096e\u0965",
      "heading_level": null,
      "page_id": 0,
      "polygon": [
        [
          126.703125,
          70.2861328125
        ],
        [
          451.1615295410156,
          70.2861328125
        ],
        [
          451.1615295410156,
          116.20452880859375
        ],
        [
          126.703125,
          116.20452880859375
        ]
      ]
    },
    {
      "title": "\u093f\u0935\u0937\u092f\u093e \u093f\u0935\u093f\u0928\u0935\u0924\u0924\u0947 \u093f\u0928\u0930\u093e\u0939\u093e\u0930\u092f \u0926\u0947\u093f\u0939\u0928:\u0964\n\u0930\u0938\u0935\u091c\u0902 \u0930\u0938\u094b\u093d\u092f\u092f \u092a\u0930\u0902 \u0926\n\u0943 \u0935\u093e \u093f\u0928\u0935\u0924\u0924\u0947\u0965\u096b\u096f\u0965",
      "heading_level": null,
      "page_id": 0,
      "polygon": [
        [
          124.1630859375,
          419.9765625
        ],
        [
          438.4671936035156,
          419.9765625
        ],
        [
          438.4671936035156,
          468.0580749511719
        ],
        [
          124.1630859375,
          468.0580749511719
        ]
      ]
    }
  ],
  "page_stats": [
    {
      "page_id": 0,
      "text_extraction_method": "pdftext",
      "block_counts": [
        [
          "Span",
          150
        ],
        [
          "Line",
          33
        ],
        [
          "Text",
          5
        ],
        [
          "SectionHeader",
          2
        ]
      ],
      "block_metadata": {
        "llm_request_count": 0,
        "llm_error_count": 0,
        "llm_tokens_used": 0
      }
    }
  ],
  "debug_data_path": "debug_data/page-087"
}