{
  "table_of_contents": [
    {
      "title": "2E>e YOGA PHILOSOPHY OP PATASJALI",
      "heading_level": null,
      "page_id": 0,
      "polygon": [
        [
          64.0989990234375,
          69.90769531205297
        ],
        [
          426.494140625,
          69.90769531205297
        ],
        [
          426.494140625,
          85.1044921875
        ],
        [
          64.0989990234375,
          85.1044921875
        ]
      ]
    }
  ],
  "page_stats": [
    {
      "page_id": 0,
      "text_extraction_method": "pdftext",
      "block_counts": [
        [
          "Span",
          621
        ],
        [
          "Line",
          35
        ],
        [
          "Text",
          4
        ],
        [
          "SectionHeader",
          1
        ]
      ],
      "block_metadata": {
        "llm_request_count": 0,
        "llm_error_count": 0,
        "llm_tokens_used": 0
      }
    }
  ],
  "debug_data_path": "debug_data/page-320"
}