{
  "table_of_contents": [
    {
      "title": "SUPERNORMAL POWERS 31!)",
      "heading_level": null,
      "page_id": 0,
      "polygon": [
        [
          216.7333984375,
          68.80594970658422
        ],
        [
          541.6237182617188,
          68.80594970658422
        ],
        [
          541.6237182617188,
          82.6376953125
        ],
        [
          216.7333984375,
          82.6376953125
        ]
      ]
    }
  ],
  "page_stats": [
    {
      "page_id": 0,
      "text_extraction_method": "pdftext",
      "block_counts": [
        [
          "Span",
          752
        ],
        [
          "Line",
          40
        ],
        [
          "Text",
          9
        ],
        [
          "SectionHeader",
          1
        ]
      ],
      "block_metadata": {
        "llm_request_count": 0,
        "llm_error_count": 0,
        "llm_tokens_used": 0
      }
    }
  ],
  "debug_data_path": "debug_data/page-341"
}