{
  "table_of_contents": [
    {
      "title": "\u092a\u0936\u0928\u094d \u0915\u0943\n\u0935\u093e \u092c\u093f\u0939\u092c\u0941\u0948\u0935\u093e\u0924\u0930\u0947 \u0941\u0935\u094b:\u0964\n\u093e\u0923\u093e\u092a\u093e\u0928\u094c \u0938\u092e\u094c \u0915\u0943\n\u0935\u093e \u0928\u093e\u0938\u093e\u092f\u0924\u0930\u091a\u093e\u093f\u0930\u0923\u094c\u0965\u0968\u096d\u0965\n\u092f\u0924\u0947\u093f\u092f\u092e\u0928\u094b\u092c\u0941\u093f\u092e\u0941\n\u093f\u0928\u092e\u092a\u0930\u093e\u092f\u0923:\u0964\n\u093f\u0935\u0917\u0924\u0947\u091b\u093e\u092d\u092f\u094b\u0927\u094b \u092f: \u0938\u0926\u093e \u092e\u0941\u0924 \u090f\u0935 \u0938:\u0965\u0968\u096e\u0965",
      "heading_level": null,
      "page_id": 0,
      "polygon": [
        [
          126.5537109375,
          356.94140625
        ],
        [
          458.40234375,
          356.94140625
        ],
        [
          458.40234375,
          459.80859375
        ],
        [
          126.5537109375,
          459.80859375
        ]
      ]
    }
  ],
  "page_stats": [
    {
      "page_id": 0,
      "text_extraction_method": "pdftext",
      "block_counts": [
        [
          "Span",
          140
        ],
        [
          "Line",
          35
        ],
        [
          "Text",
          5
        ],
        [
          "SectionHeader",
          1
        ]
      ],
      "block_metadata": {
        "llm_request_count": 0,
        "llm_error_count": 0,
        "llm_tokens_used": 0
      }
    }
  ],
  "debug_data_path": "debug_data/page-217"
}