{
  "table_of_contents": [
    {
      "title": "\u092f\u0925\u093e \u0926\u0940\u0924\u0902 \u0935\u0932\u0928\u0902 \u092a\u0924\u093e\n\u093f\u0935\u0936\u093f\u0924 \u0928\u093e\u0936\u093e\u092f \u0938\u092e\u0943\u0935\u0947\u0917\u093e:\u0964\n\u0924\u0925\u0948\u0935 \u0928\u093e\u0936\u093e\u092f \u093f\u0935\u0936\u093f\u0924 \u0932\u094b\u0915\u093e-\n\u0924\u0935\u093e\u093f\u092a \u0935\u093e\u093f\u0923 \u0938\u092e\u0943\u0935\u0947\u0917\u093e:\u0965\u0968\u096f\u0965",
      "heading_level": null,
      "page_id": 0,
      "polygon": [
        [
          127.74610900878906,
          213.46875
        ],
        [
          363.41766357421875,
          213.46875
        ],
        [
          363.41766357421875,
          305.5078125
        ],
        [
          127.74610900878906,
          305.5078125
        ]
      ]
    },
    {
      "title": "\u0932\u0947\u093f\u0932\u0938\u0947 \u0938\u092e\u093e\u0928: \u0938\u092e\u0924\u093e-\n\u0932\u094b\u0915\u093e\u0938\u092e\u093e\u0935\u0926\u0928\u0948 \u0935\u0932\u093f:\u0964\n\u0924\u0947\u091c\u094b\u093f\u092d\u0930\u093e\u092a\u0942\u092f \u091c\u0917\u0938\u092e\u0902\n\u092d\u093e\u0938\u0924\u0935\u094b\u093e: \u0924\u092a\u093f\u0924 \u093f\u0935\u0923\u094b\u0965\u0969\u0966\u0965",
      "heading_level": null,
      "page_id": 0,
      "polygon": [
        [
          127.599609375,
          520.13671875
        ],
        [
          367.31488037109375,
          520.13671875
        ],
        [
          367.31488037109375,
          612.17578125
        ],
        [
          127.599609375,
          612.17578125
        ]
      ]
    }
  ],
  "page_stats": [
    {
      "page_id": 0,
      "text_extraction_method": "pdftext",
      "block_counts": [
        [
          "Span",
          156
        ],
        [
          "Line",
          30
        ],
        [
          "Text",
          7
        ],
        [
          "SectionHeader",
          2
        ]
      ],
      "block_metadata": {
        "llm_request_count": 0,
        "llm_error_count": 0,
        "llm_tokens_used": 0
      }
    }
  ],
  "debug_data_path": "debug_data/page-353"
}