{
  "table_of_contents": [
    {
      "title": "\u0938\u0935\u093e\u0938\u093e\u092f\u0924\u0947\n\u093e\u0928\u0902 \u0930\u091c\u0938\u094b \u0932\u094b\u092d \u090f\u0935 \u091a\u0964\n\u092e\u093e\u0926\u092e\u094b\u0939\u094c \u0924\u092e\u0938\u094b \u092d\u0935\u0924\u094b\u093d\u093e\u0928\u092e\u0947\u0935 \u091a\u0965\u0967\u096d\u0965",
      "heading_level": null,
      "page_id": 0,
      "polygon": [
        [
          127.22607421875,
          267.22265625
        ],
        [
          418.3757629394531,
          267.22265625
        ],
        [
          418.3757629394531,
          314.2045593261719
        ],
        [
          127.22607421875,
          314.2045593261719
        ]
      ]
    },
    {
      "title": "\u090a\u0935\u0902 \u0917\u091b\u093f\u0924 \u0938\u0935\u0925\u093e \u092e\u092f\u0947 \u093f\u0924\u093f\u0924 \u0930\u093e\u091c\u0938\u093e:\u0964\n\u091c\u0918\u092f\u0917\u0941\u0923\u0935\u0943\n\u0925\u093e \u0905\u0927\u094b \u0917\u091b\u093f\u0924 \u0924\u093e\u092e\u0938\u093e:\u0965\u0967\u096e\u0965",
      "heading_level": null,
      "page_id": 0,
      "polygon": [
        [
          125.6572265625,
          508.921875
        ],
        [
          469.4367370605469,
          508.921875
        ],
        [
          469.4367370605469,
          557.2045593261719
        ],
        [
          125.6572265625,
          557.2045593261719
        ]
      ]
    }
  ],
  "page_stats": [
    {
      "page_id": 0,
      "text_extraction_method": "pdftext",
      "block_counts": [
        [
          "Span",
          204
        ],
        [
          "Line",
          33
        ],
        [
          "Text",
          7
        ],
        [
          "SectionHeader",
          2
        ]
      ],
      "block_metadata": {
        "llm_request_count": 0,
        "llm_error_count": 0,
        "llm_tokens_used": 0
      }
    }
  ],
  "debug_data_path": "debug_data/page-452"
}