{
  "table_of_contents": [
    {
      "title": "\u0924\u092e\u093e\u0935\u093f\u092e\u093f\u092f\u093e\u092f\u093e\u0926\u094c \u093f\u0928\u092f\u092f \u092d\u0930\u0924\u0937\u092d\u0964\n\u092a\u093e\u092e\u093e\u0928\u0902 \u091c\u093f\u0939\u0947\u0928\u0902 \u093e\u0928\u093f\u0935\u093e\u0928\u0928\u093e\u0936\u0928\u092e\u094d\u0965\u096a\u0967\u0965",
      "heading_level": null,
      "page_id": 0,
      "polygon": [
        [
          127.74610900878906,
          115.62890625
        ],
        [
          418.943359375,
          115.62890625
        ],
        [
          418.943359375,
          162.70452880859375
        ],
        [
          127.74610900878906,
          162.70452880859375
        ]
      ]
    },
    {
      "title": "\u0907\u093f\u092f\u093e\u093f\u0923 \u092a\u0930\u093e\u092f\u093e\u0939\u093f\n\u0941\n\u0930\u093f\u092f\u0947\u092f: \u092a\u0930\u0902 \u092e\u0928:\u0964\n\u092e\u0928\u0938\u0924\u0941 \u092a\u0930\u093e \u092c\u0941\u093f\u092f \u092c\u0941\u0947\n: \u092a\u0930\u0924\u0924\u0941 \u0938:\u0965\u096a\u0968\u0965",
      "heading_level": null,
      "page_id": 0,
      "polygon": [
        [
          126.404296875,
          510.85546875
        ],
        [
          442.6103210449219,
          510.85546875
        ],
        [
          442.6103210449219,
          559.58203125
        ],
        [
          126.404296875,
          559.58203125
        ]
      ]
    }
  ],
  "page_stats": [
    {
      "page_id": 0,
      "text_extraction_method": "pdftext",
      "block_counts": [
        [
          "Span",
          143
        ],
        [
          "Line",
          34
        ],
        [
          "Text",
          7
        ],
        [
          "SectionHeader",
          2
        ]
      ],
      "block_metadata": {
        "llm_request_count": 0,
        "llm_error_count": 0,
        "llm_tokens_used": 0
      }
    }
  ],
  "debug_data_path": "debug_data/page-142"
}