{
  "table_of_contents": [
    {
      "title": "\u0905\u092a\u0930\u0947\u092f\u093f\u092e\u0924\u0935\u092f \u0915\u0943\n\u093f\u0924\u0902 \u093f\u0935\u093f \u092e\u0947 \u092a\u0930\u093e\u092e\u094d\u0964\n\u091c\u0940\u0935\u092d\u0942\u0924 \u092e\u0939\u093e\u092c\u093e\u0939\u094b \u092f\u092f\u0947\u0926\u0902 \u0927\u093e\u092f\u0924\u0947 \u091c\u0917\u0924\u094d\u0965\u096b\u0965",
      "heading_level": null,
      "page_id": 0,
      "polygon": [
        [
          126.77783203125,
          69.36767578125
        ],
        [
          418.1487731933594,
          69.36767578125
        ],
        [
          418.1487731933594,
          116.20465087890625
        ],
        [
          126.77783203125,
          116.20465087890625
        ]
      ]
    },
    {
      "title": "\u090f\u0924\u094b\u0928\u0940\u093f\u0928 \u092d\u0942\u0924\u093e\u093f\u0928 \u0938\u0935\u0923\u0940\u092f\u0941\u092a\u0927\u093e\u0930\u092f\u0964\n\u0905\u0939\u0902 \u0915\u0943\n\u0928\u092f \u091c\u0917\u0924: \u092d\u0935: \u0932\u092f\u0924\u0925\u093e\u0965\u096c\u0965",
      "heading_level": null,
      "page_id": 0,
      "polygon": [
        [
          125.208984375,
          394.259765625
        ],
        [
          439.45098876953125,
          394.259765625
        ],
        [
          439.45098876953125,
          441.9506530761719
        ],
        [
          125.208984375,
          441.9506530761719
        ]
      ]
    }
  ],
  "page_stats": [
    {
      "page_id": 0,
      "text_extraction_method": "pdftext",
      "block_counts": [
        [
          "Span",
          167
        ],
        [
          "Line",
          33
        ],
        [
          "Text",
          5
        ],
        [
          "SectionHeader",
          2
        ]
      ],
      "block_metadata": {
        "llm_request_count": 0,
        "llm_error_count": 0,
        "llm_tokens_used": 0
      }
    }
  ],
  "debug_data_path": "debug_data/page-257"
}