{
  "table_of_contents": [
    {
      "title": "\u0905\u092f\u0924\u093f\u0928\u0927\u0928\u093e\u092f\u0947\u0935 \u0924 \u0915\u093e \u092a\u093f\u0930\u0926\u0947\u0935\u0928\u093e\u0965\u0968\u096e\u0965",
      "heading_level": null,
      "page_id": 0,
      "polygon": [
        [
          127.74610900878906,
          68.98095703125
        ],
        [
          424.24053955078125,
          68.98095703125
        ],
        [
          424.24053955078125,
          93.70452880859375
        ],
        [
          127.74610900878906,
          93.70452880859375
        ]
      ]
    }
  ],
  "page_stats": [
    {
      "page_id": 0,
      "text_extraction_method": "pdftext",
      "block_counts": [
        [
          "Span",
          132
        ],
        [
          "Line",
          33
        ],
        [
          "Text",
          4
        ],
        [
          "SectionHeader",
          1
        ]
      ],
      "block_metadata": {
        "llm_request_count": 0,
        "llm_error_count": 0,
        "llm_tokens_used": 0
      }
    }
  ],
  "debug_data_path": "debug_data/page-069"
}