{
  "table_of_contents": [
    {
      "title": "\u0907\u0926\u0902 \u0936\u0930\u0940\u0930\u0902 \u0915\u094c\u0924\u0947\u092f \u0947\u093f\u092e\u092f\u093f\u092d\u0927\u0940\u092f\u0924\u0947\u0964\n\u090f\u0924\u094b \u0935\u0947\u093f \u0924\u0902 \u093e\u0939:\n\u0941\n\u0947 \u0907\u093f\u0924 \u0924\u093f\u0926:\u0965\u0967\u0965",
      "heading_level": null,
      "page_id": 0,
      "polygon": [
        [
          125.5078125,
          168.3193359375
        ],
        [
          432.9564514160156,
          168.3193359375
        ],
        [
          432.9564514160156,
          216.755859375
        ],
        [
          125.5078125,
          216.755859375
        ]
      ]
    },
    {
      "title": "\u0947\u0902 \u091a\u093e\u093f\u092a \u092e \u093f\u0935\u093f \u0938\u0935\u0947\u0947\u0937\u0941 \u092d\u093e\u0930\u0924\u0964\n\u0947\u0947\u092f\u094b\u0928\u0902 \u092f\u093e\u0928\u0902 \u092e\u0924\u0902 \u092e\u092e\u0965\u0968\u0965",
      "heading_level": null,
      "page_id": 0,
      "polygon": [
        [
          126.77783203125,
          614.8828125
        ],
        [
          403.6004333496094,
          614.8828125
        ],
        [
          403.6004333496094,
          663.7046813964844
        ],
        [
          126.77783203125,
          663.7046813964844
        ]
      ]
    }
  ],
  "page_stats": [
    {
      "page_id": 0,
      "text_extraction_method": "pdftext",
      "block_counts": [
        [
          "Span",
          158
        ],
        [
          "Line",
          32
        ],
        [
          "Text",
          7
        ],
        [
          "SectionHeader",
          2
        ]
      ],
      "block_metadata": {
        "llm_request_count": 0,
        "llm_error_count": 0,
        "llm_tokens_used": 0
      }
    }
  ],
  "debug_data_path": "debug_data/page-389"
}