{
  "table_of_contents": [
    {
      "title": "( 1 )",
      "heading_level": null,
      "page_id": 0,
      "polygon": [
        [
          274.984130859375,
          57.1474609375
        ],
        [
          330.9499816894531,
          57.1474609375
        ],
        [
          330.9499816894531,
          82.42869140580297
        ],
        [
          274.984130859375,
          82.42869140580297
        ]
      ]
    },
    {
      "title": "YOGA",
      "heading_level": null,
      "page_id": 0,
      "polygon": [
        [
          272.8899841308594,
          109.48423339799047
        ],
        [
          335.2685546875,
          109.48423339799047
        ],
        [
          335.2685546875,
          128.95780517533422
        ],
        [
          272.8899841308594,
          128.95780517533422
        ]
      ]
    },
    {
      "title": "What if j.v, and wilut if is Hat",
      "heading_level": null,
      "page_id": 0,
      "polygon": [
        [
          203.65966796875,
          142.84177734330297
        ],
        [
          401.79931640625,
          142.84177734330297
        ],
        [
          401.79931640625,
          159.27817871049047
        ],
        [
          203.65966796875,
          159.27817871049047
        ]
      ]
    }
  ],
  "page_stats": [
    {
      "page_id": 0,
      "text_extraction_method": "pdftext",
      "block_counts": [
        [
          "Span",
          905
        ],
        [
          "Line",
          41
        ],
        [
          "Text",
          4
        ],
        [
          "SectionHeader",
          3
        ]
      ],
      "block_metadata": {
        "llm_request_count": 0,
        "llm_error_count": 0,
        "llm_tokens_used": 0
      }
    }
  ],
  "debug_data_path": "debug_data/page-019"
}