{
  "table_of_contents": [
    {
      "title": "\u0905\u093f\u0939\u0938\u0902 \u093e \u0938\u092f\u092e\u094b\u0927\u092f\u093e\u0917: \u0936\u093e\u093f\u0924\u0930\u092a\u0948\u0936\u0941\u0928\u092e\u094d\u0964\n\u0926\u092f\u093e \u092d\u0942\u0924\u0947\u0935\u0932\u094b\u0932\u0941\n\u0935\u0902 \u092e\u093e\u0926\u0935\u0902 \u0940\u0930\u091a\u093e\u092a\u0932\u092e\u094d\u0965\u0968\u0965",
      "heading_level": null,
      "page_id": 0,
      "polygon": [
        [
          127.74610900878906,
          363.90234375
        ],
        [
          414.7624206542969,
          363.90234375
        ],
        [
          414.7624206542969,
          411.7046203613281
        ],
        [
          127.74610900878906,
          411.7046203613281
        ]
      ]
    }
  ],
  "page_stats": [
    {
      "page_id": 0,
      "text_extraction_method": "pdftext",
      "block_counts": [
        [
          "Span",
          134
        ],
        [
          "Line",
          33
        ],
        [
          "Text",
          5
        ],
        [
          "SectionHeader",
          1
        ]
      ],
      "block_metadata": {
        "llm_request_count": 0,
        "llm_error_count": 0,
        "llm_tokens_used": 0
      }
    }
  ],
  "debug_data_path": "debug_data/page-481"
}