{
  "table_of_contents": [
    {
      "title": "\u0938\u0930\u094b \u0928\u0930\u0915\u093e\u092f\u0948\u0935 \u0915\u0941 \u0932\u093e\u0928 \u0915\u0941 \u0932\u092f \u091a\u0964\n\u092a\u0924\u093f\u0924 \u093f\u092a\u0924\u0930\u094b \u0947\u0937 \u0932\u0941\n\u0924\u093f\u092a\u0921\u094b\u0926\u0915\u093f\u092f\u093e:\u0965\u096a\u0968\u0965",
      "heading_level": null,
      "page_id": 0,
      "polygon": [
        [
          126.5537109375,
          97.453125
        ],
        [
          445.25390625,
          97.453125
        ],
        [
          445.25390625,
          145.40625
        ],
        [
          126.5537109375,
          145.40625
        ]
      ]
    },
    {
      "title": "\u0926\u094b\u0937\u0948\u0930\u0947\u0924\u0948\n: \u0915\u0941 \u0932\u093e\u0928 \u0935\u0923\u0938\u0930\u0915\u093e\u0930\u0915\u0948\n:\u0964\n\u0909\u0938\u093e\u0924\u0947 \u091c\u093e\u093f\u0924\u0927\u092e: \u0915\u0941 \u0932\u0927\u092e \u0936\u093e\u0924\u093e:\u0965\u096a\u0969\u0965",
      "heading_level": null,
      "page_id": 0,
      "polygon": [
        [
          125.6572265625,
          216.5625
        ],
        [
          455.2667541503906,
          216.5625
        ],
        [
          455.2667541503906,
          266.0625
        ],
        [
          125.6572265625,
          266.0625
        ]
      ]
    },
    {
      "title": "\u0909\u0938\u0915\u0941 \u0932\u0927\u092e\u0923 \u092e\u0928\u0941\n\u092f\u093e\u0923 \u091c\u0928\u093e\u0926\u0928\u0964\n\u0928\u0930\u0915\u0947 \u093f\u0928\u092f\u0924\u0902 \u0935\u093e\u0938\u094b \u092d\u0935\u0924\u0940\u092f\u0928\u0941\u0936\u0941\u0941\u092e\u0965\u096a\u096a\u0965",
      "heading_level": null,
      "page_id": 0,
      "polygon": [
        [
          125.5078125,
          337.21875
        ],
        [
          409.12469482421875,
          337.21875
        ],
        [
          409.12469482421875,
          385.9453125
        ],
        [
          125.5078125,
          385.9453125
        ]
      ]
    },
    {
      "title": "\u0905\u0939\u094b \u092c\u0924 \u092e\u0939\u092a\u093e\u092a\u0902 \u0915\u0924\u0941\n\u0902 \u092f\u0935\u093f\u0938\u0924\u093e \u0935\u092f\u092e\u094d\u0964\n\u092f\u093e\u092f\u0938\u0941\u0916\u0932\u094b\u092d\u0947\u0928 \u0939\u0924\u0941\u0902 \u0935\u091c\u0928\u092e\u0941\u0924\u093e:\u0965\u096a\u096b\u0965",
      "heading_level": null,
      "page_id": 0,
      "polygon": [
        [
          125.58251953125,
          457.875
        ],
        [
          423.8621520996094,
          457.875
        ],
        [
          423.8621520996094,
          506.6015625
        ],
        [
          125.58251953125,
          506.6015625
        ]
      ]
    },
    {
      "title": "\u092f\u093f\u0926 \u092e\u093e\u092e\u0924\u0940\u0915\u093e\u0930\u092e\u0936\u0902 \u0936\u092a\u093e\u0923\u092f:\u0964\n\u0927\u093e\u0924\u0930\u093e\u093e \u0930\u0923\u0947 \u0939\u092f\u0941\u0924\u092e\u0947 \u0947\u092e\u0924\u0930\u0902 \u092d\u0935\u0947\u0924\u094d\u0965\u096a\u096c\u0965",
      "heading_level": null,
      "page_id": 0,
      "polygon": [
        [
          126.404296875,
          576.59765625
        ],
        [
          436.87799072265625,
          576.59765625
        ],
        [
          436.87799072265625,
          626.09765625
        ],
        [
          126.404296875,
          626.09765625
        ]
      ]
    }
  ],
  "page_stats": [
    {
      "page_id": 0,
      "text_extraction_method": "pdftext",
      "block_counts": [
        [
          "Span",
          138
        ],
        [
          "Line",
          31
        ],
        [
          "Text",
          6
        ],
        [
          "SectionHeader",
          5
        ]
      ],
      "block_metadata": {
        "llm_request_count": 0,
        "llm_error_count": 0,
        "llm_tokens_used": 0
      }
    }
  ],
  "debug_data_path": "debug_data/page-030"
}