{
  "table_of_contents": [
    {
      "title": "ON PRACTICE IS?",
      "heading_level": null,
      "page_id": 0,
      "polygon": [
        [
          263.072509765625,
          72.20218994095922
        ],
        [
          542.9349975585938,
          72.20218994095922
        ],
        [
          542.9349975585938,
          85.56254150345922
        ],
        [
          263.072509765625,
          85.56254150345922
        ]
      ]
    }
  ],
  "page_stats": [
    {
      "page_id": 0,
      "text_extraction_method": "pdftext",
      "block_counts": [
        [
          "Span",
          746
        ],
        [
          "Line",
          38
        ],
        [
          "Text",
          7
        ],
        [
          "SectionHeader",
          1
        ],
        [
          "PageHeader",
          1
        ]
      ],
      "block_metadata": {
        "llm_request_count": 0,
        "llm_error_count": 0,
        "llm_tokens_used": 0
      }
    }
  ],
  "debug_data_path": "debug_data/page-179"
}