{
  "table_of_contents": [
    {
      "title": "\u092f\u0902 \u093f\u0939 \u0928 \u092f\u0925\u092f\u092f\u0947\u0924\u0947 \u092a\u0941\u0937\u0902 \u092a\u0941\u0937\u0937\u092d\u0964\n\u0938\u092e\u0926:\n\u0941\n\u0916\u0938\u0941\u0916\u0902 \u0927\u0940\u0930\u0902 \u0938\u094b\u093d\u092e\u0943\u0924\u0935\u093e\u092f \u0915\u092a\u0924\u0947\u0965\u0967\u096b\u0965",
      "heading_level": null,
      "page_id": 0,
      "polygon": [
        [
          125.0595703125,
          605.21484375
        ],
        [
          437.484375,
          605.21484375
        ],
        [
          437.484375,
          654.0375671386719
        ],
        [
          125.0595703125,
          654.0375671386719
        ]
      ]
    }
  ],
  "page_stats": [
    {
      "page_id": 0,
      "text_extraction_method": "pdftext",
      "block_counts": [
        [
          "Span",
          131
        ],
        [
          "Line",
          35
        ],
        [
          "Text",
          5
        ],
        [
          "SectionHeader",
          1
        ]
      ],
      "block_metadata": {
        "llm_request_count": 0,
        "llm_error_count": 0,
        "llm_tokens_used": 0
      }
    }
  ],
  "debug_data_path": "debug_data/page-052"
}