{
  "table_of_contents": [
    {
      "title": "\u0938\u0935\u092d\u0942\u0924\u093e\u093f\u0928 \u0915\u094c\u0924\u0947\u092f \u0915\u0943\n\u093f\u0924\u0902 \u092f\u093e\u093f\u0924 \u092e\u093e\u093f\u092e\u0915\u093e\u092e\u094d\u0964\n\u0915\u092a\u092f\u0947 \u092a\u0941\u0928\u0924\u093e\u093f\u0928 \u0915\u092a\u093e\u0926\u094c \u093f\u0935\u0938\u0943\u091c\u093e\u092f\u0939\u092e\u094d\u0965\u096d\u0965",
      "heading_level": null,
      "page_id": 0,
      "polygon": [
        [
          125.3583984375,
          115.048828125
        ],
        [
          442.9129638671875,
          115.048828125
        ],
        [
          442.9129638671875,
          162.80859375
        ],
        [
          125.3583984375,
          162.80859375
        ]
      ]
    },
    {
      "title": "\u0915\u0943\n\u093f\u0924\u0902 \u0935\u093e\u092e\u0935\u092f \u093f\u0935\u0938\u0943\u091c\u093e\u093f\u092e \u092a\u0941\u0928: \u092a\u0941\u0928:\u0964\n\u092d\u0942\u0924\u093e\u092e\u093f\u092e\u092e\u0902 \u0915\u0943\n\u0928\u092e\u0935\u0936\u0902 \u0915\u0943 \u0924\u0947\u0935\u0936\u093e\u0924\u094d\u0965\u096e\u0965",
      "heading_level": null,
      "page_id": 0,
      "polygon": [
        [
          126.18017578125,
          370.08984375
        ],
        [
          409.59765625,
          370.08984375
        ],
        [
          409.59765625,
          416.8828125
        ],
        [
          126.18017578125,
          416.8828125
        ]
      ]
    }
  ],
  "page_stats": [
    {
      "page_id": 0,
      "text_extraction_method": "pdftext",
      "block_counts": [
        [
          "Span",
          152
        ],
        [
          "Line",
          34
        ],
        [
          "Text",
          8
        ],
        [
          "SectionHeader",
          2
        ]
      ],
      "block_metadata": {
        "llm_request_count": 0,
        "llm_error_count": 0,
        "llm_tokens_used": 0
      }
    }
  ],
  "debug_data_path": "debug_data/page-298"
}