{
  "table_of_contents": [
    {
      "title": "\u092f \u090f\u0935\u0902 \u0935\u0947\u093f \u092a\u0941\u0937\u0902 \u0915\u0943\n\u093f\u0924\u0902 \u091a \u0917\u0941\u0923\u0948\n: \u0938\u0939\u0964\n\u0938\u0935\u0925\u093e \u0935\u0924\u092e\u093e\u0928\u094b\u093d\u093f\u092a \u0928 \u0938 \u092d\u0942\u092f\u094b\u093d\u093f\u092d\u091c\u093e\u092f\u0924\u0947\u0965\u0968\u0969\u0965",
      "heading_level": null,
      "page_id": 0,
      "polygon": [
        [
          126.2548828125,
          115.822265625
        ],
        [
          444.65625,
          115.822265625
        ],
        [
          444.65625,
          162.70452880859375
        ],
        [
          126.2548828125,
          162.70452880859375
        ]
      ]
    }
  ],
  "page_stats": [
    {
      "page_id": 0,
      "text_extraction_method": "pdftext",
      "block_counts": [
        [
          "Span",
          126
        ],
        [
          "Line",
          34
        ],
        [
          "Text",
          4
        ],
        [
          "SectionHeader",
          1
        ]
      ],
      "block_metadata": {
        "llm_request_count": 0,
        "llm_error_count": 0,
        "llm_tokens_used": 0
      }
    }
  ],
  "debug_data_path": "debug_data/page-426"
}