{
  "table_of_contents": [
    {
      "title": "tfrl YOGA P1IJI.OSOPHY OF PATASjALl",
      "heading_level": null,
      "page_id": 0,
      "polygon": [
        [
          59.04899978637695,
          73.55247070267797
        ],
        [
          432.01416015625,
          73.55247070267797
        ],
        [
          432.01416015625,
          91.10154296830297
        ],
        [
          59.04899978637695,
          91.10154296830297
        ]
      ]
    }
  ],
  "page_stats": [
    {
      "page_id": 0,
      "text_extraction_method": "pdftext",
      "block_counts": [
        [
          "Span",
          781
        ],
        [
          "Line",
          39
        ],
        [
          "Text",
          5
        ],
        [
          "SectionHeader",
          1
        ],
        [
          "TextInlineMath",
          1
        ]
      ],
      "block_metadata": {
        "llm_request_count": 0,
        "llm_error_count": 0,
        "llm_tokens_used": 0
      }
    }
  ],
  "debug_data_path": "debug_data/page-186"
}