{
  "table_of_contents": [
    {
      "title": "ON mNCKNTHATJON I bo",
      "heading_level": null,
      "page_id": 0,
      "polygon": [
        [
          217.02392578125,
          71.78031494095922
        ],
        [
          533.1408081054688,
          71.78031494095922
        ],
        [
          533.1408081054688,
          86.76230956986547
        ],
        [
          217.02392578125,
          86.76230956986547
        ]
      ]
    }
  ],
  "page_stats": [
    {
      "page_id": 0,
      "text_extraction_method": "pdftext",
      "block_counts": [
        [
          "Span",
          731
        ],
        [
          "Line",
          40
        ],
        [
          "Text",
          7
        ],
        [
          "SectionHeader",
          1
        ],
        [
          "PageHeader",
          1
        ]
      ],
      "block_metadata": {
        "llm_request_count": 0,
        "llm_error_count": 0,
        "llm_tokens_used": 0
      }
    }
  ],
  "debug_data_path": "debug_data/page-131"
}