{
  "table_of_contents": [
    {
      "title": "102 YOGA PHILOSOPHY Of H.VIANJALJ",
      "heading_level": null,
      "page_id": 0,
      "polygon": [
        [
          64.0989990234375,
          72.50822021439672
        ],
        [
          432.01416015625,
          72.50822021439672
        ],
        [
          432.01416015625,
          87.48960449174047
        ],
        [
          64.0989990234375,
          87.48960449174047
        ]
      ]
    }
  ],
  "page_stats": [
    {
      "page_id": 0,
      "text_extraction_method": "pdftext",
      "block_counts": [
        [
          "Span",
          635
        ],
        [
          "Line",
          36
        ],
        [
          "Text",
          4
        ],
        [
          "SectionHeader",
          1
        ],
        [
          "PageHeader",
          1
        ]
      ],
      "block_metadata": {
        "llm_request_count": 0,
        "llm_error_count": 0,
        "llm_tokens_used": 0
      }
    }
  ],
  "debug_data_path": "debug_data/page-124"
}