{
  "table_of_contents": [
    {
      "title": "\u0936\u094b\u0924\u0940\u0939\u0948\u0935 \u092f: \u0938\u094b\u0922\n\u0941\n\u0902 \u093e\u0915\u094d \u0936\u0930\u0940\u0930\u093f\u0935\u092e\u094b\u0923\u093e\u0924\u094d\u0964\n\u0915\u093e\u092e\u094b\u0927\u094b\u0935\u0902 \u0935\u0947\u0917\u0902 \u0938 \u092f\u0941\u0924: \u0938 \u0938\u0941\u0916\u0940 \u0928\u0930:\u0965\u0968\u0969\u0965",
      "heading_level": null,
      "page_id": 0,
      "polygon": [
        [
          126.10546875,
          151.59375
        ],
        [
          463.7801208496094,
          151.59375
        ],
        [
          463.7801208496094,
          199.546875
        ],
        [
          126.10546875,
          199.546875
        ]
      ]
    }
  ],
  "page_stats": [
    {
      "page_id": 0,
      "text_extraction_method": "pdftext",
      "block_counts": [
        [
          "Span",
          129
        ],
        [
          "Line",
          34
        ],
        [
          "Text",
          6
        ],
        [
          "SectionHeader",
          1
        ]
      ],
      "block_metadata": {
        "llm_request_count": 0,
        "llm_error_count": 0,
        "llm_tokens_used": 0
      }
    }
  ],
  "debug_data_path": "debug_data/page-215"
}