{
  "table_of_contents": [
    {
      "title": "\u093f\u0915\u0902 \u0915\u092e \u093f\u0915\u092e\u0915\u092e\u093f\u0924 \u0915\u0935\u092f\u094b\u093d\u092f \u092e\u094b\u093f\u0939\u0924\u093e:\u0964\n\u0924\u0947 \u0915\u092e \u0935\u092f\u093e\u093f\u092e \u092f\u093e\u0935\u093e \u092e\u094b\u092f\u0938\u0947\u093d\u0936\u0941\u092d\u093e\u0924\u094d\u0965\u0967\u096c\u0965",
      "heading_level": null,
      "page_id": 0,
      "polygon": [
        [
          122.51953125,
          195.5830078125
        ],
        [
          476.474365234375,
          195.5830078125
        ],
        [
          476.474365234375,
          242.666015625
        ],
        [
          122.51953125,
          242.666015625
        ]
      ]
    },
    {
      "title": "\u0915\u092e\u0923\u094b \u093f\u092a \u092c\u094b\u092f\u0902 \u092c\u094b\u092f\u0902 \u091a \u093f\u0935\u0915\u092e\u0923:\u0964\n\u0905\u0915\u092e\u0923 \u092c\u094b\u092f\u0902 \u0917\u0939\u0928\u093e \u0915\u092e\u0923\u094b \u0917\u093f\u0924:\u0965\u0967\u096d\u0965",
      "heading_level": null,
      "page_id": 0,
      "polygon": [
        [
          125.6572265625,
          510.85546875
        ],
        [
          431.751220703125,
          510.85546875
        ],
        [
          431.751220703125,
          557.26171875
        ],
        [
          125.6572265625,
          557.26171875
        ]
      ]
    }
  ],
  "page_stats": [
    {
      "page_id": 0,
      "text_extraction_method": "pdftext",
      "block_counts": [
        [
          "Span",
          146
        ],
        [
          "Line",
          31
        ],
        [
          "Text",
          7
        ],
        [
          "SectionHeader",
          2
        ]
      ],
      "block_metadata": {
        "llm_request_count": 0,
        "llm_error_count": 0,
        "llm_tokens_used": 0
      }
    }
  ],
  "debug_data_path": "debug_data/page-161"
}