{
  "table_of_contents": [
    {
      "title": "ON CONCENTRATION",
      "heading_level": null,
      "page_id": 0,
      "polygon": [
        [
          221.0642317380353,
          77.22707034728406
        ],
        [
          376.23291015625,
          77.22707034728406
        ],
        [
          376.23291015625,
          89.729736328125
        ],
        [
          221.0642317380353,
          89.729736328125
        ]
      ]
    },
    {
      "title": "\u092d\u093e\u0937\u094d\u092f\u092e\u094d- \u0917\u094d\u0930\u093e\u0925 \u0915\u0947\u0928\u094d\u0924\u0930\u093e\u092f\u093e \u092f\u0947 \u091a\u093f\u0924\u094d\u0924\u0938\u094d\u092f \u0935\u093f\u091a\u094d\u091a\u0947\u092a\u0915\u093e\u0903 \u0915\u0947 \u092a\u0941\u0928\u0938\u094d\u0924\u0947 \u0915\u093f\u092f\u0928\u094d\u0924\u094b\n\u0935\u0947\u0928 9-",
      "heading_level": null,
      "page_id": 0,
      "polygon": [
        [
          62.46337890625,
          441.6188780053428
        ],
        [
          545.90087890625,
          437.86999109528045
        ],
        [
          545.90087890625,
          478.55859375
        ],
        [
          62.46337890625,
          478.55859375
        ]
      ]
    }
  ],
  "page_stats": [
    {
      "page_id": 0,
      "text_extraction_method": "surya",
      "block_counts": [
        [
          "Line",
          34
        ],
        [
          "Span",
          34
        ],
        [
          "Text",
          5
        ],
        [
          "SectionHeader",
          2
        ]
      ],
      "block_metadata": {
        "llm_request_count": 0,
        "llm_error_count": 0,
        "llm_tokens_used": 0
      }
    }
  ],
  "debug_data_path": "debug_data/page-101"
}