{
  "table_of_contents": [
    {
      "title": "\u0905\u0927\u093e\u0928\u093e: \u092a\u0941\u0937\u093e \u0927\u092e\u092f\u093e\u092f \u092a\u0930\u0924\u092a\u0964\n\u0905\u093e\u092f \u092e \u093f\u0928\u0935\u0924\u0924\u0947 \u092e\u0943\n\u092f\u0941\u0938\u0902\u0938\u093e\u0930\u0935\u092e\u093f\u0928\u0965\u0969\u0965",
      "heading_level": null,
      "page_id": 0,
      "polygon": [
        [
          122.74365234375,
          298.353515625
        ],
        [
          415.0650939941406,
          298.353515625
        ],
        [
          415.0650939941406,
          342.826171875
        ],
        [
          122.74365234375,
          342.826171875
        ]
      ]
    }
  ],
  "page_stats": [
    {
      "page_id": 0,
      "text_extraction_method": "pdftext",
      "block_counts": [
        [
          "Span",
          131
        ],
        [
          "Line",
          33
        ],
        [
          "Text",
          3
        ],
        [
          "SectionHeader",
          1
        ]
      ],
      "block_metadata": {
        "llm_request_count": 0,
        "llm_error_count": 0,
        "llm_tokens_used": 0
      }
    }
  ],
  "debug_data_path": "debug_data/page-295"
}