{
  "table_of_contents": [
    {
      "title": "YOGA PHILOSOPHY OF PATA\u00d1JALI",
      "heading_level": null,
      "page_id": 0,
      "polygon": [
        [
          190.29541015625,
          76.47729296527159
        ],
        [
          435.50048828125,
          76.47729296527159
        ],
        [
          435.50048828125,
          89.4727783203125
        ],
        [
          190.29541015625,
          89.4727783203125
        ]
      ]
    }
  ],
  "page_stats": [
    {
      "page_id": 0,
      "text_extraction_method": "surya",
      "block_counts": [
        [
          "Line",
          34
        ],
        [
          "Span",
          34
        ],
        [
          "Text",
          5
        ],
        [
          "SectionHeader",
          1
        ]
      ],
      "block_metadata": {
        "llm_request_count": 0,
        "llm_error_count": 0,
        "llm_tokens_used": 0
      }
    }
  ],
  "debug_data_path": "debug_data/page-222"
}