{
  "table_of_contents": [
    {
      "title": "2:a YOGA philosophy ok pataSjali",
      "heading_level": null,
      "page_id": 0,
      "polygon": [
        [
          58.099998474121094,
          75.16385986283422
        ],
        [
          425.9130859375,
          75.16385986283422
        ],
        [
          425.9130859375,
          93.36100341752172
        ],
        [
          58.099998474121094,
          93.36100341752172
        ]
      ]
    }
  ],
  "page_stats": [
    {
      "page_id": 0,
      "text_extraction_method": "pdftext",
      "block_counts": [
        [
          "Span",
          731
        ],
        [
          "Line",
          39
        ],
        [
          "Text",
          6
        ],
        [
          "SectionHeader",
          1
        ]
      ],
      "block_metadata": {
        "llm_request_count": 0,
        "llm_error_count": 0,
        "llm_tokens_used": 0
      }
    }
  ],
  "debug_data_path": "debug_data/page-300"
}