{
  "table_of_contents": [
    {
      "title": "\u092e\u0928:\u0938\u093e\u0926: \u0938\u094c\u092f\u0935\u0902 \u092e\u094c\u0928\u092e\u093e\u092e\u093f\u0935\u093f\u0928\u0939:\u0964\n\u092d\u093e\u0935\u0938\u0902\u0936\u0941\u093f\u093f\u0930\u092f\u0947\u0924\u092a\u094b \u092e\u093e\u0928\u0938\u092e\u0941\n\u092f\u0924\u0947\u0965\u0967\u096c\u0965",
      "heading_level": null,
      "page_id": 0,
      "polygon": [
        [
          126.703125,
          345.919921875
        ],
        [
          401.19781494140625,
          345.919921875
        ],
        [
          401.19781494140625,
          393.7045593261719
        ],
        [
          126.703125,
          393.7045593261719
        ]
      ]
    }
  ],
  "page_stats": [
    {
      "page_id": 0,
      "text_extraction_method": "pdftext",
      "block_counts": [
        [
          "Span",
          131
        ],
        [
          "Line",
          33
        ],
        [
          "Text",
          6
        ],
        [
          "SectionHeader",
          1
        ]
      ],
      "block_metadata": {
        "llm_request_count": 0,
        "llm_error_count": 0,
        "llm_tokens_used": 0
      }
    }
  ],
  "debug_data_path": "debug_data/page-503"
}