{
  "table_of_contents": [
    {
      "title": "\u092f\u092f\u093e \u0935\u0902 \u092d\u092f\u0902 \u0936\u094b\u0915\u0902 \u093f\u0935\u0937\u093e\u0926\u0902 \u092e\u0926\u092e\u0947\u0935 \u091a\u0964\n\u0928 \u093f\u0935\u092e\u0941\n\u091a\u093f\u0924 \u0926\u092e\n\u0941\n\u0927\u093e \u0927\u0943\u093f\u0924: \u0938\u093e \u0924\u093e\u092e\u0938\u0940 \u092e\u0924\u093e\u0965\u0969\u096b\u0965",
      "heading_level": null,
      "page_id": 0,
      "polygon": [
        [
          126.2548828125,
          230.677734375
        ],
        [
          463.3828125,
          230.677734375
        ],
        [
          463.3828125,
          279.791015625
        ],
        [
          126.2548828125,
          279.791015625
        ]
      ]
    },
    {
      "title": "\u0938\u0941\u0916\u0902 \u093f\u0935\u0926\u093e\u0928\u0974 \u093f\u093f\u0935\u0927\u0902 \u0936\u0943\u0923\u0941 \u092e\u0947 \u092d\u0930\u0924\u0937\u092d\u0964\n\u0905\u092f\u093e\u0938\u093e\u092e\u0924\u0947 \u092f \u0926:\n\u0941\n\u0916\u093e\u0924\u0902 \u091a \u093f\u0928\u0917\u091b\u093f\u0924\u0965\u0969\u096c\u0965",
      "heading_level": null,
      "page_id": 0,
      "polygon": [
        [
          124.4619140625,
          546.43359375
        ],
        [
          450.55609130859375,
          546.43359375
        ],
        [
          450.55609130859375,
          594.38671875
        ],
        [
          124.4619140625,
          594.38671875
        ]
      ]
    }
  ],
  "page_stats": [
    {
      "page_id": 0,
      "text_extraction_method": "pdftext",
      "block_counts": [
        [
          "Span",
          182
        ],
        [
          "Line",
          36
        ],
        [
          "Text",
          7
        ],
        [
          "SectionHeader",
          2
        ]
      ],
      "block_metadata": {
        "llm_request_count": 0,
        "llm_error_count": 0,
        "llm_tokens_used": 0
      }
    }
  ],
  "debug_data_path": "debug_data/page-540"
}