{
  "table_of_contents": [
    {
      "title": "\u0938\u0924\u0924\u0902 \u0915\u0940\u0924\u092f\u0924\u094b \u092e \u092f\u0924\u0924 \u0926\u0922\n\u0943\n\u0935\u0924\u093e:\u0964\n\u0928\u092e\u092f\u0924 \u092e \u092d\u092f\u093e \u093f\u0928\u092f\u092f\u0941\u0924\u093e \u0909\u092a\u093e\u0938\u0924\u0947\u0965\u0967\u096a\u0965",
      "heading_level": null,
      "page_id": 0,
      "polygon": [
        [
          127.30078125,
          347.2734375
        ],
        [
          463.6287841796875,
          347.2734375
        ],
        [
          463.6287841796875,
          393.7045593261719
        ],
        [
          127.30078125,
          393.7045593261719
        ]
      ]
    },
    {
      "title": "\u093e\u0928\u092f\u0947\u0928 \u091a\u093e\u092f\u092f\u0947 \u092f\u091c\u0924\u094b \u092e\u093e\u092e\u0941\u092a\u093e\u0938\u0924\u0947\u0964\n\u090f\u0915\u0935\u0947\u0928 \u092a\u0943\u0925\u0935\u0947\u0928 \u092c\u0939\u0927\n\u0941\n\u093e \u093f\u0935\u0924\u094b\u092e\u0941\u0916\u092e\u094d\u0965\u0967\u096b\u0965",
      "heading_level": null,
      "page_id": 0,
      "polygon": [
        [
          124.91015625,
          644.66015625
        ],
        [
          424.57989501953125,
          644.66015625
        ],
        [
          424.57989501953125,
          692.61328125
        ],
        [
          124.91015625,
          692.61328125
        ]
      ]
    }
  ],
  "page_stats": [
    {
      "page_id": 0,
      "text_extraction_method": "pdftext",
      "block_counts": [
        [
          "Span",
          149
        ],
        [
          "Line",
          34
        ],
        [
          "Text",
          6
        ],
        [
          "SectionHeader",
          2
        ]
      ],
      "block_metadata": {
        "llm_request_count": 0,
        "llm_error_count": 0,
        "llm_tokens_used": 0
      }
    }
  ],
  "debug_data_path": "debug_data/page-302"
}