{
  "table_of_contents": [
    {
      "title": "ON <SONCRM'HAT[ON <>7",
      "heading_level": null,
      "page_id": 0,
      "polygon": [
        [
          215.86181640625,
          75.79764892533422
        ],
        [
          532.6651000976562,
          75.79764892533422
        ],
        [
          532.6651000976562,
          89.10966064408422
        ],
        [
          215.86181640625,
          89.10966064408422
        ]
      ]
    },
    {
      "title": "Ermfwr?TiaiT=rTCi ti n",
      "heading_level": null,
      "page_id": 0,
      "polygon": [
        [
          91.9000015258789,
          440.6402697749436
        ],
        [
          255.89999389648438,
          440.6402697749436
        ],
        [
          255.89999389648438,
          454.22556640580297
        ],
        [
          91.9000015258789,
          454.22556640580297
        ]
      ]
    },
    {
      "title": "Or By Contemplating On Whatsoever Thing One May\nLike (The Mind Becomes Stable). 39,",
      "heading_level": null,
      "page_id": 0,
      "polygon": [
        [
          95.05000305175781,
          500.9362902827561
        ],
        [
          494.18701171875,
          500.9362902827561
        ],
        [
          494.18701171875,
          535.2908129878342
        ],
        [
          95.05000305175781,
          535.2908129878342
        ]
      ]
    }
  ],
  "page_stats": [
    {
      "page_id": 0,
      "text_extraction_method": "pdftext",
      "block_counts": [
        [
          "Span",
          682
        ],
        [
          "Line",
          38
        ],
        [
          "Text",
          7
        ],
        [
          "SectionHeader",
          3
        ],
        [
          "PageHeader",
          1
        ]
      ],
      "block_metadata": {
        "llm_request_count": 0,
        "llm_error_count": 0,
        "llm_tokens_used": 0
      }
    }
  ],
  "debug_data_path": "debug_data/page-119"
}