{
  "table_of_contents": [
    {
      "title": "\u0909\u0926\u093e\u0938\u0940\u0928\u0935\u0926\u093e\u0938\u0940\u0928\u094b \u0917\u0941\u0923\u0948\u092f \u0928 \u093f\u0935\u091a\u093e\u092f\u0924\u0947\u0964\n\u0917\u0941\u0923\u093e \u0935\u0924\u0924 \u0907\u092f\u0947\u0935 \u092f\u094b\u093d\u0935\u093f\u0924\u093f\u0924 \u0928\u0947 \u0924\u0947\u0965\u0968\u0969\u0965",
      "heading_level": null,
      "page_id": 0,
      "polygon": [
        [
          127.74610900878906,
          238.025390625
        ],
        [
          432.69708251953125,
          238.025390625
        ],
        [
          432.69708251953125,
          286.365234375
        ],
        [
          127.74610900878906,
          286.365234375
        ]
      ]
    },
    {
      "title": "\u0938\u092e\u0926:\n\u0941\n\u0916\u0938\u0941\u0916: \u0935\u0925: \u0938\u092e\u0932\u094b\u093e\u092e\u0915\u093e\u091a\u0928:\u0964\n\u0924\u0941\u092f\u093f\u092f\u093e\u093f\u092f\u094b \u0927\u0940\u0930\u0924\u0941\u092f\u093f\u0928\u0926\u093e\u092e\u0938\u0902\u0924\u0941\u093f\u0924:\u0965\u0968\u096a\u0965",
      "heading_level": null,
      "page_id": 0,
      "polygon": [
        [
          124.013671875,
          585.4921875
        ],
        [
          444.6346435546875,
          585.4921875
        ],
        [
          444.6346435546875,
          630.3515625
        ],
        [
          124.013671875,
          630.3515625
        ]
      ]
    }
  ],
  "page_stats": [
    {
      "page_id": 0,
      "text_extraction_method": "pdftext",
      "block_counts": [
        [
          "Span",
          139
        ],
        [
          "Line",
          32
        ],
        [
          "Text",
          6
        ],
        [
          "SectionHeader",
          2
        ]
      ],
      "block_metadata": {
        "llm_request_count": 0,
        "llm_error_count": 0,
        "llm_tokens_used": 0
      }
    }
  ],
  "debug_data_path": "debug_data/page-456"
}