{
  "table_of_contents": [
    {
      "title": "\u0905\u092f\u093e\u092e\u093e\u0928\u093f\u0928\u092f\u0935\u0902 \u0924\u0935\u093e\u0928\u093e\u0925\u0926\u0936\u0928\u092e\u094d\u0964\n\u090f\u0924\u093e\u0928\u093f\u092e\u093f\u0924 \u094b\u0924\u092e\u093e\u0928\u0902 \u092f\u0926\u0924\u094b\u093d\u092f\u0925\u093e\u0965\u0967\u0967\u0965",
      "heading_level": null,
      "page_id": 0,
      "polygon": [
        [
          127.74610900878906,
          212.115234375
        ],
        [
          434.2673034667969,
          212.115234375
        ],
        [
          434.2673034667969,
          260.20452880859375
        ],
        [
          127.74610900878906,
          260.20452880859375
        ]
      ]
    }
  ],
  "page_stats": [
    {
      "page_id": 0,
      "text_extraction_method": "pdftext",
      "block_counts": [
        [
          "Span",
          115
        ],
        [
          "Line",
          32
        ],
        [
          "Text",
          7
        ],
        [
          "SectionHeader",
          1
        ]
      ],
      "block_metadata": {
        "llm_request_count": 0,
        "llm_error_count": 0,
        "llm_tokens_used": 0
      }
    }
  ],
  "debug_data_path": "debug_data/page-410"
}