{
  "table_of_contents": [
    {
      "title": "244 YOGA PHILOSOPHY OF PATASjau",
      "heading_level": null,
      "page_id": 0,
      "polygon": [
        [
          56.900001525878906,
          68.48350097611547
        ],
        [
          428.818359375,
          68.48350097611547
        ],
        [
          428.818359375,
          85.4642333984375
        ],
        [
          56.900001525878906,
          85.4642333984375
        ]
      ]
    },
    {
      "title": "On Being Eftabliihed In HarmlcssnEifi, All Beings\nComing Near Him CeaFe To Be Hostile. 35.",
      "heading_level": null,
      "page_id": 0,
      "polygon": [
        [
          102.265625,
          638.0539965815842
        ],
        [
          488.95751953125,
          638.0539965815842
        ],
        [
          488.95751953125,
          673.4097399897873
        ],
        [
          102.265625,
          673.4097399897873
        ]
      ]
    }
  ],
  "page_stats": [
    {
      "page_id": 0,
      "text_extraction_method": "pdftext",
      "block_counts": [
        [
          "Span",
          573
        ],
        [
          "Line",
          34
        ],
        [
          "Text",
          9
        ],
        [
          "SectionHeader",
          2
        ],
        [
          "PageHeader",
          1
        ]
      ],
      "block_metadata": {
        "llm_request_count": 0,
        "llm_error_count": 0,
        "llm_tokens_used": 0
      }
    }
  ],
  "debug_data_path": "debug_data/page-266"
}