{
  "table_of_contents": [
    {
      "title": "\u0936\u0930\u0940\u0930\u0902 \u092f\u0926\u0935\u093e\u094b\u093f\u0924 \u092f\u091a\u093e\u092f\u0941\n\u093e\u092e\u0924\u0940\u0930:\u0964\n\u0917\u0943\u0939\u0940\u0935\u0948\u0924\u093e\u093f\u0928 \u0938\u0902\u092f\u093e\u093f\u0924 \u0935\u093e\u092f\u0941\u0917\u0927\u093e\u093f\u0928\u0935\u093e\u0936\u092f\u093e\u0924\u094d\u0965\u096e\u0965",
      "heading_level": null,
      "page_id": 0,
      "polygon": [
        [
          127.4501953125,
          213.662109375
        ],
        [
          424.4864501953125,
          213.662109375
        ],
        [
          424.4864501953125,
          260.455078125
        ],
        [
          127.4501953125,
          260.455078125
        ]
      ]
    },
    {
      "title": "\u094b\u0902 \u091a\u0941: \u092a\u0936\u0928\u0902 \u091a \u0930\u0938\u0928\u0902 \u093e\u0923\u092e\u0947\u0935 \u091a\u0964\n\u0905\u093f\u0927\u093e\u092f \u092e\u0928\u093e\u092f\u0902 \u093f\u0935\u0937\u092f\u093e\u0928\u0941\u092a\u0938\u0947\u0935\u0924\u0947\u0965\u096f\u0965",
      "heading_level": null,
      "page_id": 0,
      "polygon": [
        [
          125.9560546875,
          554.16796875
        ],
        [
          407.554443359375,
          554.16796875
        ],
        [
          407.554443359375,
          600.7045593261719
        ],
        [
          125.9560546875,
          600.7045593261719
        ]
      ]
    }
  ],
  "page_stats": [
    {
      "page_id": 0,
      "text_extraction_method": "pdftext",
      "block_counts": [
        [
          "Span",
          150
        ],
        [
          "Line",
          31
        ],
        [
          "Text",
          8
        ],
        [
          "SectionHeader",
          2
        ]
      ],
      "block_metadata": {
        "llm_request_count": 0,
        "llm_error_count": 0,
        "llm_tokens_used": 0
      }
    }
  ],
  "debug_data_path": "debug_data/page-469"
}