{
  "table_of_contents": [
    {
      "title": "supernormal powers ^35",
      "heading_level": null,
      "page_id": 0,
      "polygon": [
        [
          220.80078125,
          75.16886474564672
        ],
        [
          544.0999145507812,
          75.16886474564672
        ],
        [
          544.0999145507812,
          89.17765380814672
        ],
        [
          220.80078125,
          89.17765380814672
        ]
      ]
    }
  ],
  "page_stats": [
    {
      "page_id": 0,
      "text_extraction_method": "pdftext",
      "block_counts": [
        [
          "Span",
          760
        ],
        [
          "Line",
          39
        ],
        [
          "Text",
          8
        ],
        [
          "SectionHeader",
          1
        ]
      ],
      "block_metadata": {
        "llm_request_count": 0,
        "llm_error_count": 0,
        "llm_tokens_used": 0
      }
    }
  ],
  "debug_data_path": "debug_data/page-357"
}