{
  "table_of_contents": [
    {
      "title": "1W YOGA PHILOSOPHY OF PATAfrjALI",
      "heading_level": null,
      "page_id": 0,
      "polygon": [
        [
          58.099998474121094,
          75.38981201127172
        ],
        [
          431.7236328125,
          75.38981201127172
        ],
        [
          431.7236328125,
          90.90043212845922
        ],
        [
          58.099998474121094,
          90.90043212845922
        ]
      ]
    },
    {
      "title": "WT^Wt tt*t: ii ^",
      "heading_level": null,
      "page_id": 0,
      "polygon": [
        [
          102.8466796875,
          503.0197863765061
        ],
        [
          254.79248046875,
          503.0197863765061
        ],
        [
          254.79248046875,
          524.0771899409592
        ],
        [
          102.8466796875,
          524.0771899409592
        ]
      ]
    },
    {
      "title": "Attachment la That (Modification) Which Follows\nRcmcmbranCt Of Pleasure, 7.",
      "heading_level": null,
      "page_id": 0,
      "polygon": [
        [
          115.9000015258789,
          574.3140673823655
        ],
        [
          501.4501953125,
          574.3140673823655
        ],
        [
          501.4501953125,
          608.3924365229905
        ],
        [
          115.9000015258789,
          608.3924365229905
        ]
      ]
    }
  ],
  "page_stats": [
    {
      "page_id": 0,
      "text_extraction_method": "pdftext",
      "block_counts": [
        [
          "Span",
          638
        ],
        [
          "Line",
          35
        ],
        [
          "Text",
          6
        ],
        [
          "SectionHeader",
          3
        ]
      ],
      "block_metadata": {
        "llm_request_count": 0,
        "llm_error_count": 0,
        "llm_tokens_used": 0
      }
    }
  ],
  "debug_data_path": "debug_data/page-160"
}