{
  "table_of_contents": [
    {
      "title": "3M VOGA PH/LOSOPHV OF PATANJALI",
      "heading_level": null,
      "page_id": 0,
      "polygon": [
        [
          66.95000457763672,
          69.74332763627172
        ],
        [
          428.818359375,
          69.74332763627172
        ],
        [
          428.818359375,
          85.1044921875
        ],
        [
          66.95000457763672,
          85.1044921875
        ]
      ]
    }
  ],
  "page_stats": [
    {
      "page_id": 0,
      "text_extraction_method": "pdftext",
      "block_counts": [
        [
          "Span",
          625
        ],
        [
          "Line",
          35
        ],
        [
          "Text",
          5
        ],
        [
          "SectionHeader",
          1
        ]
      ],
      "block_metadata": {
        "llm_request_count": 0,
        "llm_error_count": 0,
        "llm_tokens_used": 0
      }
    }
  ],
  "debug_data_path": "debug_data/page-376"
}