{
  "table_of_contents": [
    {
      "title": "\u092a\u0930\u092a\u0930\u093e\u093e\u0924\u092e\u094d 4.2",
      "heading_level": null,
      "page_id": 0,
      "polygon": [
        [
          75.90234375,
          429.8320617675781
        ],
        [
          189.755859375,
          429.8320617675781
        ],
        [
          189.755859375,
          449.2045593261719
        ],
        [
          75.90234375,
          449.2045593261719
        ]
      ]
    }
  ],
  "page_stats": [
    {
      "page_id": 0,
      "text_extraction_method": "pdftext",
      "block_counts": [
        [
          "Span",
          117
        ],
        [
          "Line",
          32
        ],
        [
          "Text",
          27
        ],
        [
          "SectionHeader",
          1
        ],
        [
          "TextInlineMath",
          1
        ]
      ],
      "block_metadata": {
        "llm_request_count": 0,
        "llm_error_count": 0,
        "llm_tokens_used": 0
      }
    }
  ],
  "debug_data_path": "debug_data/page-703"
}