{
  "table_of_contents": [
    {
      "title": "PRACTICE 143",
      "heading_level": null,
      "page_id": 0,
      "polygon": [
        [
          252.322998046875,
          69.21213867142797
        ],
        [
          532.3126220703125,
          69.21213867142797
        ],
        [
          532.3126220703125,
          82.43912841752172
        ],
        [
          252.322998046875,
          82.43912841752172
        ]
      ]
    },
    {
      "title": "Tht Subtle Kltsas Are Destroyed Or Fgraaken By The\nCessation Of Productivity Or Disappearance (I)\nOf The Mind. 10.",
      "heading_level": null,
      "page_id": 0,
      "polygon": [
        [
          84.0,
          164.76218749955297
        ],
        [
          507.841796875,
          164.76218749955297
        ],
        [
          507.841796875,
          217.38602783158422
        ],
        [
          84.0,
          217.38602783158422
        ]
      ]
    }
  ],
  "page_stats": [
    {
      "page_id": 0,
      "text_extraction_method": "pdftext",
      "block_counts": [
        [
          "Span",
          654
        ],
        [
          "Line",
          38
        ],
        [
          "Text",
          7
        ],
        [
          "SectionHeader",
          2
        ],
        [
          "PageHeader",
          1
        ]
      ],
      "block_metadata": {
        "llm_request_count": 0,
        "llm_error_count": 0,
        "llm_tokens_used": 0
      }
    }
  ],
  "debug_data_path": "debug_data/page-165"
}