{
  "table_of_contents": [
    {
      "title": "25S YOGA PHri-OSOFHY Ol- PATAftjAlLI",
      "heading_level": null,
      "page_id": 0,
      "polygon": [
        [
          59.04899978637695,
          67.76029540970922
        ],
        [
          429.98046875,
          67.76029540970922
        ],
        [
          429.98046875,
          83.7169189453125
        ],
        [
          59.04899978637695,
          83.7169189453125
        ]
      ]
    }
  ],
  "page_stats": [
    {
      "page_id": 0,
      "text_extraction_method": "pdftext",
      "block_counts": [
        [
          "Span",
          651
        ],
        [
          "Line",
          37
        ],
        [
          "Text",
          5
        ],
        [
          "SectionHeader",
          1
        ]
      ],
      "block_metadata": {
        "llm_request_count": 0,
        "llm_error_count": 0,
        "llm_tokens_used": 0
      }
    }
  ],
  "debug_data_path": "debug_data/page-280"
}