{
  "table_of_contents": [
    {
      "title": "ON CONCENTRATION",
      "heading_level": null,
      "page_id": 0,
      "polygon": [
        [
          222.56297229219143,
          73.47818343722173
        ],
        [
          374.48974609375,
          73.47818343722173
        ],
        [
          374.48974609375,
          86.4920654296875
        ],
        [
          222.56297229219143,
          86.4920654296875
        ]
      ]
    },
    {
      "title": "\u0938\u094d\u092e\u0943\u0924\u093f\u092a\u0930\u093f\u0936\u0941\u0926\u094d\u0927\u0940 \u0916\u094d\u0935\u0930\u0942\u092a\u0936\u0942\u0928\u094d\u092f\u0947\u0935\u093e\u0927\u092e\u093e\u0935\u0928\u093f\u0930\u094d\u092e\u093e\u0938\u093e \u0928\u093f\u0935\u093f\u0924\u0915\u094b \u0965 \u096a\u0969 \u0965",
      "heading_level": null,
      "page_id": 0,
      "polygon": [
        [
          87.67632241813602,
          100.47016918967051
        ],
        [
          481.095717884131,
          100.47016918967051
        ],
        [
          481.095717884131,
          117.481201171875
        ],
        [
          87.67632241813602,
          117.481201171875
        ]
      ]
    }
  ],
  "page_stats": [
    {
      "page_id": 0,
      "text_extraction_method": "surya",
      "block_counts": [
        [
          "Line",
          33
        ],
        [
          "Span",
          33
        ],
        [
          "Text",
          5
        ],
        [
          "SectionHeader",
          2
        ]
      ],
      "block_metadata": {
        "llm_request_count": 0,
        "llm_error_count": 0,
        "llm_tokens_used": 0
      }
    }
  ],
  "debug_data_path": "debug_data/page-127"
}