{
  "table_of_contents": [
    {
      "title": "\u0938\u0902\u092f\u093e\u0938\u0902 \u0915\u092e\u0923 \u0915\u0943\n\u0923 \u092a\u0941\u0928\u092f\u0917\u0902 \u091a \u0936\u0902\u0938\u093f\u0938\u0964\n\u092f\u0947\u092f \u090f\u0924\u092f\u094b\u0930\u0947\u0915\u0902 \u0924\u092e\u0947 \u0942\u093f\u0939 \u0938\u0941\u093f\u0928\u093f\u0924\u092e\u094d\u0965\u0967\u0965",
      "heading_level": null,
      "page_id": 0,
      "polygon": [
        [
          126.03076171875,
          69.94775390625
        ],
        [
          424.8269348144531,
          69.94775390625
        ],
        [
          424.8269348144531,
          116.208984375
        ],
        [
          126.03076171875,
          116.208984375
        ]
      ]
    },
    {
      "title": "Shri Hari said:",
      "heading_level": null,
      "page_id": 0,
      "polygon": [
        [
          76.99219512939453,
          459.80859375
        ],
        [
          203.0537109375,
          459.80859375
        ],
        [
          203.0537109375,
          479.91796875
        ],
        [
          76.99219512939453,
          479.91796875
        ]
      ]
    },
    {
      "title": "\u0938\u0902\u092f\u093e\u0938: \u0915\u092e\u092f\u094b\u0917 \u093f\u0928:\u0947\u092f\u0938\u0915\u0930\u093e\u0935\u0941\u092d\u094c\u0964\n\u0924\u092f\u094b\u0924\u0941 \u0915\u092e\u0938\u0902\u092f\u093e\u0938\u093e\u0915\u092e\u092f\u094b\u0917\u094b \u093f\u0935\u093f\u0936\u092f\u0924\u0947\u0965\u0968\u0965",
      "heading_level": null,
      "page_id": 0,
      "polygon": [
        [
          127.67431640625,
          491.1328125
        ],
        [
          428.7809143066406,
          491.1328125
        ],
        [
          428.7809143066406,
          537.7050476074219
        ],
        [
          127.67431640625,
          537.7050476074219
        ]
      ]
    }
  ],
  "page_stats": [
    {
      "page_id": 0,
      "text_extraction_method": "pdftext",
      "block_counts": [
        [
          "Span",
          134
        ],
        [
          "Line",
          31
        ],
        [
          "Text",
          5
        ],
        [
          "SectionHeader",
          3
        ]
      ],
      "block_metadata": {
        "llm_request_count": 0,
        "llm_error_count": 0,
        "llm_tokens_used": 0
      }
    }
  ],
  "debug_data_path": "debug_data/page-199"
}