{
  "table_of_contents": [
    {
      "title": "\u0905\u0925\u0935\u093e \u092f\u094b\u093f\u0917\u0928\u093e\u092e\u0947\u0935 \u0915\u0941 \u0932\u0947 \u092d\u0935\u093f\u0924 \u0927\u0940\u092e\u0924\u093e\u092e\u094d\u0964\n\u090f\u0924\u093f \u0926\u0932\n\u0941\n\u092d\u0924\u0930\u0902 \u0932\u094b\u0915\u0947 \u091c\u092e \u092f\u0926\u0940\u0926\u0936\n\u0943\n\u092e\u094d\u0965\u096a\u0968\u0965",
      "heading_level": null,
      "page_id": 0,
      "polygon": [
        [
          125.5078125,
          304.154296875
        ],
        [
          428.5727844238281,
          304.154296875
        ],
        [
          428.5727844238281,
          351.0541687011719
        ],
        [
          125.5078125,
          351.0541687011719
        ]
      ]
    },
    {
      "title": "\u0924 \u0924\u0902 \u092c\u0941\u093f\u0938\u0902\u092f\u094b\u0917\u0902 \u0932\u092d\u0924\u0947 \u092a\u094c\u0935\u0926\u0947\u093f\u0939\u0915\u092e\u094d\u0964\n\u092f\u0924\u0924\u0947 \u091a \u0924\u0924\u094b \u092d\u0942\u092f: \u0938\u0902\u093f\u0938\u094c \u0915\u0941 \u0928\u0926\u0928\u0965\u096a\u0969\u0965",
      "heading_level": null,
      "page_id": 0,
      "polygon": [
        [
          124.611328125,
          545.66015625
        ],
        [
          438.9401550292969,
          545.66015625
        ],
        [
          438.9401550292969,
          595.16015625
        ],
        [
          124.611328125,
          595.16015625
        ]
      ]
    }
  ],
  "page_stats": [
    {
      "page_id": 0,
      "text_extraction_method": "pdftext",
      "block_counts": [
        [
          "Span",
          167
        ],
        [
          "Line",
          35
        ],
        [
          "Text",
          7
        ],
        [
          "SectionHeader",
          2
        ]
      ],
      "block_metadata": {
        "llm_request_count": 0,
        "llm_error_count": 0,
        "llm_tokens_used": 0
      }
    }
  ],
  "debug_data_path": "debug_data/page-248"
}