{
  "table_of_contents": [
    {
      "title": "\u0926\u0902\u093e\u0915\u0930\u093e\u0932\u093e\u093f\u0928 \u091a \u0924\u0947 \u092e\u0941\u0916\u093e\u093f\u0928\n\u0926\n\u0943 \u0935\u0948\u0935 \u0915\u093e\u0932\u093e\u0928\u0932\u0938\u093f\u092d\u093e\u093f\u0928\u0964\n\u093f\u0926\u0936\u094b \u0928 \u091c\u093e\u0928\u0947 \u0928 \u0932\u092d\u0947 \u091a \u0936\u092e\n\u0938\u0940\u0926 \u0926\u0947\u0935\u0947\u0936 \u091c\u0917\u093f\u0935\u093e\u0938\u0965\u0968\u096b\u0965",
      "heading_level": null,
      "page_id": 0,
      "polygon": [
        [
          127.74610900878906,
          177.310546875
        ],
        [
          334.7562255859375,
          177.310546875
        ],
        [
          334.7562255859375,
          269.20501708984375
        ],
        [
          127.74610900878906,
          269.20501708984375
        ]
      ]
    }
  ],
  "page_stats": [
    {
      "page_id": 0,
      "text_extraction_method": "pdftext",
      "block_counts": [
        [
          "Span",
          150
        ],
        [
          "Line",
          34
        ],
        [
          "Text",
          7
        ],
        [
          "SectionHeader",
          1
        ]
      ],
      "block_metadata": {
        "llm_request_count": 0,
        "llm_error_count": 0,
        "llm_tokens_used": 0
      }
    }
  ],
  "debug_data_path": "debug_data/page-351"
}