{
  "table_of_contents": [
    {
      "title": "ON CONCENTRATION",
      "heading_level": null,
      "page_id": 0,
      "polygon": [
        [
          226.10000610351562,
          66.81785156205297
        ],
        [
          377.1044921875,
          66.81785156205297
        ],
        [
          377.1044921875,
          80.30088378861547
        ],
        [
          226.10000610351562,
          80.30088378861547
        ]
      ]
    }
  ],
  "page_stats": [
    {
      "page_id": 0,
      "text_extraction_method": "pdftext",
      "block_counts": [
        [
          "Span",
          706
        ],
        [
          "Line",
          39
        ],
        [
          "Text",
          4
        ],
        [
          "SectionHeader",
          1
        ],
        [
          "PageHeader",
          1
        ]
      ],
      "block_metadata": {
        "llm_request_count": 0,
        "llm_error_count": 0,
        "llm_tokens_used": 0
      }
    }
  ],
  "debug_data_path": "debug_data/page-075"
}