{
  "table_of_contents": [
    {
      "title": "\u092d\u094b\u0924\u093e\u0930\u0902 \u092f\u0924\u092a\u0938 \u0938\u0935\u0932\u094b\u0915\u092e\u0939\u0947\u0930\u092e\u094d\u0964\n\u0938\u0941\u0939\n\u0943\n\u0926\u0902 \u0938\u0935\u092d\u0942\u0924\u093e\u0928 \u093e\u0935\u093e \u092e \u0936\u093e\u093f\u0924\u092e\u0943\n\u091b\u093f\u0924\u0965\u0968\u096f\u0965",
      "heading_level": null,
      "page_id": 0,
      "polygon": [
        [
          124.3125,
          320.783203125
        ],
        [
          451.23046875,
          320.783203125
        ],
        [
          451.23046875,
          369.7748718261719
        ],
        [
          124.3125,
          369.7748718261719
        ]
      ]
    },
    {
      "title": "FOOTNOTES AND REFERENCES",
      "heading_level": null,
      "page_id": 0,
      "polygon": [
        [
          187.962890625,
          660.515625
        ],
        [
          428.220703125,
          660.515625
        ],
        [
          428.220703125,
          678.5860214233398
        ],
        [
          187.962890625,
          678.5860214233398
        ]
      ]
    }
  ],
  "page_stats": [
    {
      "page_id": 0,
      "text_extraction_method": "pdftext",
      "block_counts": [
        [
          "Span",
          144
        ],
        [
          "Line",
          33
        ],
        [
          "Text",
          5
        ],
        [
          "SectionHeader",
          2
        ]
      ],
      "block_metadata": {
        "llm_request_count": 0,
        "llm_error_count": 0,
        "llm_tokens_used": 0
      }
    }
  ],
  "debug_data_path": "debug_data/page-218"
}