{
  "table_of_contents": [
    {
      "title": "ON PRACTICE 261",
      "heading_level": null,
      "page_id": 0,
      "polygon": [
        [
          256.2451171875,
          70.32163574174047
        ],
        [
          542.8998413085938,
          70.32163574174047
        ],
        [
          542.8998413085938,
          85.39329101517797
        ],
        [
          256.2451171875,
          85.39329101517797
        ]
      ]
    }
  ],
  "page_stats": [
    {
      "page_id": 0,
      "text_extraction_method": "pdftext",
      "block_counts": [
        [
          "Span",
          822
        ],
        [
          "Line",
          40
        ],
        [
          "Text",
          6
        ],
        [
          "SectionHeader",
          1
        ],
        [
          "PageHeader",
          1
        ]
      ],
      "block_metadata": {
        "llm_request_count": 0,
        "llm_error_count": 0,
        "llm_tokens_used": 0
      }
    }
  ],
  "debug_data_path": "debug_data/page-285"
}