{
  "table_of_contents": [
    {
      "title": "\u091a\u0947\u0924\u0938\u093e \u0938\u0935\u0915\u092e\u093f\u0923 \u092e\u093f\u092f \u0938\u0902\u092f\u092f \u092e\u092a\u0930:\u0964\n\u092c\u0941\u093f\u092f\u094b\u0917\u092e\u0941\u092a\u093e\u093f\u092f \u092e\u093f\u091a: \u0938\u0924\u0924\u0902 \u092d\u0935\u0965\u096b\u096d\u0965",
      "heading_level": null,
      "page_id": 0,
      "polygon": [
        [
          125.806640625,
          257.748046875
        ],
        [
          426.8271484375,
          257.748046875
        ],
        [
          426.8271484375,
          303.7045593261719
        ],
        [
          125.806640625,
          303.7045593261719
        ]
      ]
    },
    {
      "title": "\u092e\u093f\u091a: \u0938\u0935\u0926\u0917\n\u0941\n\u093f\u0923 \u092e\u0938\u093e\u0926\u093e\u093f\u0930\u092f\u093f\u0938\u0964\n\u0905\u0925 \u091a\u0947\u0935\u092e\u0939\u0915\u093e\u0930 \u0902 \u093e \u094b\u092f\u093f\u0938 \u093f\u0935\u0928\u0902 \u092f\u093f\u0938\u0965\u096b\u096e\u0965",
      "heading_level": null,
      "page_id": 0,
      "polygon": [
        [
          122.51953125,
          564.99609375
        ],
        [
          444.357421875,
          564.99609375
        ],
        [
          444.357421875,
          611.2045593261719
        ],
        [
          122.51953125,
          611.2045593261719
        ]
      ]
    }
  ],
  "page_stats": [
    {
      "page_id": 0,
      "text_extraction_method": "pdftext",
      "block_counts": [
        [
          "Span",
          152
        ],
        [
          "Line",
          33
        ],
        [
          "Text",
          7
        ],
        [
          "SectionHeader",
          2
        ]
      ],
      "block_metadata": {
        "llm_request_count": 0,
        "llm_error_count": 0,
        "llm_tokens_used": 0
      }
    }
  ],
  "debug_data_path": "debug_data/page-564"
}