{
  "table_of_contents": [
    {
      "title": "\u092f\u0926\u0947 \u091a\u093e\u0928\u0941\u092c\u0927\u0947 \u091a \u0938\u0941\u0916\u0902 \u092e\u094b\u0939\u0928\u092e\u093e\u092e\u0928:\u0964\n\u093f\u0928\u093e\u0932\u092f\u092e\u093e\u0926\u094b\u0925\u0902 \u0924\u093e\u092e\u0938\u092e\u0941\u0926\u093e\u0939\n\u0943\n\u0924\u092e\u094d\u0965\u0969\u096f\u0965",
      "heading_level": null,
      "page_id": 0,
      "polygon": [
        [
          126.5537109375,
          114.9521484375
        ],
        [
          413.192138671875,
          114.9521484375
        ],
        [
          413.192138671875,
          164.27484130859375
        ],
        [
          126.5537109375,
          164.27484130859375
        ]
      ]
    },
    {
      "title": "\u0928 \u0924\u0926\u093f\u0924 \u092a\u0943\u093f\u0925\u092f \u0935\u093e \u093f\u0926\u093f\u0935 \u0926\u0947\u0935\u0947\u0937\u0941 \u0935\u093e \u092a\u0941\u0928:\u0964\n\u0938\u0935\u0902 \u0915\u0943\n\u093f\u0924\u091c\u0948\u092e\u0941\n\u0924\u0902 \u092f\u0926\u0947\u093f\u092d: \u092f\u093e\u093f\u093f\u092d\u0917\u0941\n\u0923\u0948\n:\u0965\u096a\u0966\u0965",
      "heading_level": null,
      "page_id": 0,
      "polygon": [
        [
          125.9560546875,
          376.470703125
        ],
        [
          460.61370849609375,
          376.470703125
        ],
        [
          460.61370849609375,
          424.6171875
        ],
        [
          125.9560546875,
          424.6171875
        ]
      ]
    }
  ],
  "page_stats": [
    {
      "page_id": 0,
      "text_extraction_method": "pdftext",
      "block_counts": [
        [
          "Span",
          177
        ],
        [
          "Line",
          37
        ],
        [
          "Text",
          7
        ],
        [
          "SectionHeader",
          2
        ]
      ],
      "block_metadata": {
        "llm_request_count": 0,
        "llm_error_count": 0,
        "llm_tokens_used": 0
      }
    }
  ],
  "debug_data_path": "debug_data/page-542"
}