{
  "table_of_contents": [
    {
      "title": "\u0905\u092f\u0924\u094b\u093d\u092f\u092e\u093f\u091a\u092f\u094b\u093d\u092f\u092e\u093f\u0935\u0915\u093e\u092f\u093d\u092f\u092e\u0941\n\u092f\u0924\u0947\u0964\n\u0924\u092e\u093e\u0926\u0947\u0935\u0902 \u093f\u0935\u093f\u0926\u0935\u0948\u0928\u0902 \u0928\u093e\u0928\u0941\u0936\u094b\u093f\u091a\u0924\u0941\u092e\u0939\u093f\u0938\u0965\u0968\u096b\u0965",
      "heading_level": null,
      "page_id": 0,
      "polygon": [
        [
          127.37548828125,
          375.1171875
        ],
        [
          413.1732482910156,
          375.1171875
        ],
        [
          413.1732482910156,
          423.0703125
        ],
        [
          127.37548828125,
          423.0703125
        ]
      ]
    }
  ],
  "page_stats": [
    {
      "page_id": 0,
      "text_extraction_method": "pdftext",
      "block_counts": [
        [
          "Span",
          107
        ],
        [
          "Line",
          34
        ],
        [
          "Text",
          4
        ],
        [
          "SectionHeader",
          1
        ]
      ],
      "block_metadata": {
        "llm_request_count": 0,
        "llm_error_count": 0,
        "llm_tokens_used": 0
      }
    }
  ],
  "debug_data_path": "debug_data/page-067"
}