{
  "table_of_contents": [
    {
      "title": "\u093e\u0935\u0932\u092d\u0924\u0947\n\u093e\u0928\u0902 \u0924\u092a\u0930: \u0938\u0902\u092f\u0924\u0947\u093f\u092f:\u0964\n\u093e\u0928\u0902 \u0932\u0935\u093e \u092a\u0930 \u0936\u093e\u093f\u0924\u092e\u093f\u091a\u0930\u0947\u0923\u093e\u093f\u0927\u0917\u091b\u093f\u0924\u0965\u0969\u096f\u0965",
      "heading_level": null,
      "page_id": 0,
      "polygon": [
        [
          126.5537109375,
          70.62451171875
        ],
        [
          447.5859375,
          70.62451171875
        ],
        [
          447.5859375,
          116.20452880859375
        ],
        [
          126.5537109375,
          116.20452880859375
        ]
      ]
    },
    {
      "title": "\u0905\u093e\u0927\u093e\u0928 \u0938\u0902\u0936\u092f\u093e\u092e\u093e \u093f\u0935\u0928\u092f\u093f\u0924\u0964\n\u0928\u093e\u092f\u0902 \u0932\u094b\u0915\u094b\u093d\u093f\u0924 \u0928 \u092a\u0930\u094b \u0928 \u0938\u0941\u0916\u0902 \u0938\u0902\u0936\u092f\u093e\u092e\u0928:\u0965\u096a\u0966\u0965",
      "heading_level": null,
      "page_id": 0,
      "polygon": [
        [
          125.806640625,
          616.04296875
        ],
        [
          477.8554382324219,
          616.04296875
        ],
        [
          477.8554382324219,
          662.2045593261719
        ],
        [
          125.806640625,
          662.2045593261719
        ]
      ]
    }
  ],
  "page_stats": [
    {
      "page_id": 0,
      "text_extraction_method": "pdftext",
      "block_counts": [
        [
          "Span",
          124
        ],
        [
          "Line",
          32
        ],
        [
          "Text",
          6
        ],
        [
          "SectionHeader",
          2
        ]
      ],
      "block_metadata": {
        "llm_request_count": 0,
        "llm_error_count": 0,
        "llm_tokens_used": 0
      }
    }
  ],
  "debug_data_path": "debug_data/page-186"
}