{
  "table_of_contents": [
    {
      "title": "\u0936\u092e\u094b \u0926\u092e\u0924\u092a: \u0936\u094c\u091a\u0902 \u093e\u093f\u0924\u0930\u093e\u091c\u0935\u092e\u0947\u0935 \u091a\u0964\n\u093e\u0928\u0902 \u093f\u0935\u093e\u0928\u092e\u093e\u093f\u0924\u092f\u0902 \u0915\u092e \u0935\u092d\u093e\u0935\u091c\u092e\u094d\u0965\u096a\u0968\u0965",
      "heading_level": null,
      "page_id": 0,
      "polygon": [
        [
          125.0595703125,
          530.96484375
        ],
        [
          454.226318359375,
          530.96484375
        ],
        [
          454.226318359375,
          578.2045593261719
        ],
        [
          125.0595703125,
          578.2045593261719
        ]
      ]
    }
  ],
  "page_stats": [
    {
      "page_id": 0,
      "text_extraction_method": "pdftext",
      "block_counts": [
        [
          "Span",
          122
        ],
        [
          "Line",
          31
        ],
        [
          "Text",
          8
        ],
        [
          "SectionHeader",
          1
        ]
      ],
      "block_metadata": {
        "llm_request_count": 0,
        "llm_error_count": 0,
        "llm_tokens_used": 0
      }
    }
  ],
  "debug_data_path": "debug_data/page-544"
}