{
  "table_of_contents": [
    {
      "title": "\u0905\u093f\u0935\u0928\u093e\u093f\u0936 \u0924\u0941 \u0924\u093f\u093f \u092f\u0947\u0928 \u0938\u0935\u093f\u092e\u0926\u0902 \u0924\u0924\u092e\u094d\u0964\n\u093f\u0935\u0928\u093e\u0936\u092e\u092f\u092f\u092f\u093e\u092f \u0928 \u0915\u093f\u0915\u0924\u0941\n\u092e\u0939\u093f\u0924\u0965\u0967\u096d\u0965",
      "heading_level": null,
      "page_id": 0,
      "polygon": [
        [
          126.62841796875,
          660.12890625
        ],
        [
          427.921875,
          660.12890625
        ],
        [
          427.921875,
          704.21484375
        ],
        [
          126.62841796875,
          704.21484375
        ]
      ]
    }
  ],
  "page_stats": [
    {
      "page_id": 0,
      "text_extraction_method": "pdftext",
      "block_counts": [
        [
          "Span",
          121
        ],
        [
          "Line",
          33
        ],
        [
          "Text",
          6
        ],
        [
          "SectionHeader",
          1
        ]
      ],
      "block_metadata": {
        "llm_request_count": 0,
        "llm_error_count": 0,
        "llm_tokens_used": 0
      }
    }
  ],
  "debug_data_path": "debug_data/page-055"
}