{
  "table_of_contents": [
    {
      "title": "\u0930\u091c\u0924\u092e\u093e\u093f\u092d\u092d\u0942\u092f \u0938\u0935\u0902 \u092d\u0935\u093f\u0924 \u092d\u093e\u0930\u0924\u0964\n\u0930\u091c: \u0938\u0935\u0902 \u0924\u092e\u0948\u0935 \u0924\u092e: \u0938\u0935\u0902 \u0930\u091c\u0924\u0925\u093e\u0965\u0967\u0966\u0965",
      "heading_level": null,
      "page_id": 0,
      "polygon": [
        [
          126.8525390625,
          196.453125
        ],
        [
          459.67474365234375,
          196.453125
        ],
        [
          459.67474365234375,
          242.20477294921875
        ],
        [
          126.8525390625,
          242.20477294921875
        ]
      ]
    },
    {
      "title": "\u0938\u0935\u093e\u0930\u0947\u0937\u0941 \u0926\u0947\u0939\u0947\n\u093d\u093f\u092e\u0915\u093e\u0936 \u0909\u092a\u091c\u093e\u092f\u0924\u0947\u0964\n\u093e\u0928\u0902 \u092f\u0926\u093e \u0924\u0926\u093e \u093f\u0935\u093e\u093f\u0935\u0943\u0902 \u0938\u0935\u093f\u092e\u092f\u0941\u0924\u0965\u0967\u0967\u0965",
      "heading_level": null,
      "page_id": 0,
      "polygon": [
        [
          126.404296875,
          509.6953125
        ],
        [
          441.3995361328125,
          509.6953125
        ],
        [
          441.3995361328125,
          558.421875
        ],
        [
          126.404296875,
          558.421875
        ]
      ]
    }
  ],
  "page_stats": [
    {
      "page_id": 0,
      "text_extraction_method": "pdftext",
      "block_counts": [
        [
          "Span",
          162
        ],
        [
          "Line",
          32
        ],
        [
          "Text",
          7
        ],
        [
          "SectionHeader",
          2
        ]
      ],
      "block_metadata": {
        "llm_request_count": 0,
        "llm_error_count": 0,
        "llm_tokens_used": 0
      }
    }
  ],
  "debug_data_path": "debug_data/page-449"
}