{
  "table_of_contents": [
    {
      "title": "\u0924\u0935\u094d\u091c: \u0938\u0902\u0938\u094d\u0915\u093e\u0930\u094b\u093d\u0928\u094d\u092f\u0938\u0902\u0938\u094d\u0915\u093e\u0930\u092a\u094d\u0930\u0924\u093f\u092c\u0928\u094d\u0927\u0940 \u0965 \u096b\u0966 \u0965",
      "heading_level": null,
      "page_id": 0,
      "polygon": [
        [
          95.91939546599497,
          137.20926090828138
        ],
        [
          358.5107421875,
          139.45859305431878
        ],
        [
          358.5107421875,
          156.127685546875
        ],
        [
          95.91939546599497,
          156.127685546875
        ]
      ]
    },
    {
      "title": "The Latent Impression Born Of Such Knowledge (1) Is\nOpposed To The Formation Of Other Latent\nImpressions. 50.",
      "heading_level": null,
      "page_id": 0,
      "polygon": [
        [
          75.68639798488665,
          347.14692787177205
        ],
        [
          517.42919921875,
          349.3962600178094
        ],
        [
          517.42919921875,
          394.89306640625
        ],
        [
          75.68639798488665,
          394.89306640625
        ]
      ]
    }
  ],
  "page_stats": [
    {
      "page_id": 0,
      "text_extraction_method": "surya",
      "block_counts": [
        [
          "Line",
          34
        ],
        [
          "Span",
          34
        ],
        [
          "Text",
          5
        ],
        [
          "PageHeader",
          2
        ],
        [
          "SectionHeader",
          2
        ]
      ],
      "block_metadata": {
        "llm_request_count": 0,
        "llm_error_count": 0,
        "llm_tokens_used": 0
      }
    }
  ],
  "debug_data_path": "debug_data/page-142"
}