{
  "table_of_contents": [
    {
      "title": "\u0935\u0947\u0926\u093e\u093f\u0935\u0928\u093e\u093f\u0936\u0928\u0902 \u093f\u0928\u092f\u0902 \u092f \u090f\u0928\u092e\u091c\u092e\u092f\u092f\u092e\u094d\u0964\n\u0915\u0925\u0902 \u0938 \u092a\u0941\u0937: \u092a\u093e\u0925 \u0915\u0902 \u0918\u093e\u0924\u092f\u093f\u0924 \u0939\u093f\u0924 \u0915\u092e\u094d\u0965\u0968\u0967\u0965",
      "heading_level": null,
      "page_id": 0,
      "polygon": [
        [
          124.013671875,
          322.13671875
        ],
        [
          476.8906555175781,
          322.13671875
        ],
        [
          476.8906555175781,
          368.2045593261719
        ],
        [
          124.013671875,
          368.2045593261719
        ]
      ]
    }
  ],
  "page_stats": [
    {
      "page_id": 0,
      "text_extraction_method": "pdftext",
      "block_counts": [
        [
          "Span",
          163
        ],
        [
          "Line",
          33
        ],
        [
          "Text",
          5
        ],
        [
          "SectionHeader",
          1
        ]
      ],
      "block_metadata": {
        "llm_request_count": 0,
        "llm_error_count": 0,
        "llm_tokens_used": 0
      }
    }
  ],
  "debug_data_path": "debug_data/page-060"
}