{
  "table_of_contents": [
    {
      "title": "SUPERNORMAL POWERS 331",
      "heading_level": null,
      "page_id": 0,
      "polygon": [
        [
          200.89999389648438,
          64.03416015580297
        ],
        [
          530.212158203125,
          64.03416015580297
        ],
        [
          530.212158203125,
          78.218017578125
        ],
        [
          200.89999389648438,
          78.218017578125
        ]
      ]
    }
  ],
  "page_stats": [
    {
      "page_id": 0,
      "text_extraction_method": "pdftext",
      "block_counts": [
        [
          "Span",
          637
        ],
        [
          "Line",
          36
        ],
        [
          "Text",
          4
        ],
        [
          "SectionHeader",
          1
        ]
      ],
      "block_metadata": {
        "llm_request_count": 0,
        "llm_error_count": 0,
        "llm_tokens_used": 0
      }
    }
  ],
  "debug_data_path": "debug_data/page-353"
}