{
  "table_of_contents": [
    {
      "title": "\u0935\u092f\u092e\u0947\u0935\u093e\u092e\u0928\u093e\u092e\u093e\u0928\u0902 \u0935\u0947\u0925 \u0935\u0902 \u092a\u0941\u0937\u094b\u092e\u0964\n\u092d\u0942\u0924\u092d\u093e\u0935\u0928 \u092d\u0942\u0924\u0947\u0936 \u0926\u0947\u0935\u0926\u0947\u0935 \u091c\u0917\u092a\u0924\u0947\u0965\u0967\u096b\u0965",
      "heading_level": null,
      "page_id": 0,
      "polygon": [
        [
          127.74610900878906,
          219.26953125
        ],
        [
          393.51690673828125,
          219.26953125
        ],
        [
          393.51690673828125,
          267.70452880859375
        ],
        [
          127.74610900878906,
          267.70452880859375
        ]
      ]
    },
    {
      "title": "\u0935\u0924\u0941\u092e\u0939\u092f\u0936\u0947\u0937\u0947\u0923 \u093f\u0926\u092f\u093e \u093e\u092e\u093f\u0935\u092d\u0942\u0924\u092f:\u0964\n\u092f\u093e\u093f\u092d\u093f\u0935\u092d\u0942\u093f\u0924\u093f\u092d\u0932\u0915\u093e\u093f\u0928\u092e\u0935\u0902 \u092f\u093e\u092f \u093f\u0924\u093f\u0938\u0965\u0967\u096c\u0965",
      "heading_level": null,
      "page_id": 0,
      "polygon": [
        [
          125.208984375,
          474.890625
        ],
        [
          458.36865234375,
          474.890625
        ],
        [
          458.36865234375,
          521.296875
        ],
        [
          125.208984375,
          521.296875
        ]
      ]
    },
    {
      "title": "\u0915\u0925\u0902 \u093f\u0935\u093e\u092e\u0939\u0902 \u092f\u094b\u093f\u0917\u0902\u0935 \u0938\u0926\u093e \u092a\u093f\u0930\u093f\u091a\u0924\u092f\u0928\u094d\u0964",
      "heading_level": null,
      "page_id": 0,
      "polygon": [
        [
          124.53662109375,
          692.2265625
        ],
        [
          424.2406005859375,
          692.2265625
        ],
        [
          424.2406005859375,
          716.9765625
        ],
        [
          124.53662109375,
          716.9765625
        ]
      ]
    }
  ],
  "page_stats": [
    {
      "page_id": 0,
      "text_extraction_method": "pdftext",
      "block_counts": [
        [
          "Span",
          171
        ],
        [
          "Line",
          31
        ],
        [
          "Text",
          8
        ],
        [
          "SectionHeader",
          3
        ]
      ],
      "block_metadata": {
        "llm_request_count": 0,
        "llm_error_count": 0,
        "llm_tokens_used": 0
      }
    }
  ],
  "debug_data_path": "debug_data/page-324"
}