{
  "table_of_contents": [
    {
      "title": "\u092f\u0947 \u093f\u0939 \u0938\u0902\u092a\u0936\u091c\u093e \u092d\u094b\u0917\u093e \u0926:\n\u0941\n\u0916\u092f\u094b\u0928\u092f \u090f\u0935 \u0924\u0947\u0964\n\u0906\u0924\u0935\u0924: \u0915\u094c\u0924\u0947\u092f \u0928 \u0924\u0947\u0937\u0941 \u0930\u092e\u0924\u0947 \u092c\u0941\u0927:\u0965\u0968\u0968\u0965",
      "heading_level": null,
      "page_id": 0,
      "polygon": [
        [
          126.703125,
          219.849609375
        ],
        [
          442.7048645019531,
          219.849609375
        ],
        [
          442.7048645019531,
          267.802734375
        ],
        [
          126.703125,
          267.802734375
        ]
      ]
    }
  ],
  "page_stats": [
    {
      "page_id": 0,
      "text_extraction_method": "pdftext",
      "block_counts": [
        [
          "Span",
          135
        ],
        [
          "Line",
          34
        ],
        [
          "Text",
          6
        ],
        [
          "SectionHeader",
          1
        ]
      ],
      "block_metadata": {
        "llm_request_count": 0,
        "llm_error_count": 0,
        "llm_tokens_used": 0
      }
    }
  ],
  "debug_data_path": "debug_data/page-214"
}