{
  "table_of_contents": [
    {
      "title": "SUPERNORMAL POWERS 297",
      "heading_level": null,
      "page_id": 0,
      "polygon": [
        [
          216.7333984375,
          66.10593749955297
        ],
        [
          535.8988647460938,
          66.10593749955297
        ],
        [
          535.8988647460938,
          79.96533203125
        ],
        [
          216.7333984375,
          79.96533203125
        ]
      ]
    }
  ],
  "page_stats": [
    {
      "page_id": 0,
      "text_extraction_method": "pdftext",
      "block_counts": [
        [
          "Span",
          654
        ],
        [
          "Line",
          37
        ],
        [
          "Text",
          4
        ],
        [
          "SectionHeader",
          1
        ],
        [
          "PageHeader",
          1
        ]
      ],
      "block_metadata": {
        "llm_request_count": 0,
        "llm_error_count": 0,
        "llm_tokens_used": 0
      }
    }
  ],
  "debug_data_path": "debug_data/page-319"
}