{
  "table_of_contents": [
    {
      "title": "\u092e\u092e\u0928\u093e \u092d\u0935 \u092e\u0924\u094b \u092e\u093e\u091c\u0940 \u092e \u0928\u092e\u0915\u0941 \u0964\n\u092e\u093e\u092e\u0947\u0935\u0948\u092f\u093f\u0938 \u092f\u0941\u0935\u0948\u0935\u092e\u093e\u092e\u093e\u0928\u0902 \u092e\u092a\u0930\u093e\u092f\u0923:\u0965\u0969\u096a\u0965",
      "heading_level": null,
      "page_id": 0,
      "polygon": [
        [
          126.18017578125,
          248.66015625
        ],
        [
          424.4577941894531,
          248.66015625
        ],
        [
          424.4577941894531,
          296.61328125
        ],
        [
          126.18017578125,
          296.61328125
        ]
      ]
    },
    {
      "title": "FOOTNOTES AND REFERENCES",
      "heading_level": null,
      "page_id": 0,
      "polygon": [
        [
          187.6640625,
          607.1484375
        ],
        [
          427.0092468261719,
          607.1484375
        ],
        [
          427.0092468261719,
          625.7109375
        ],
        [
          187.6640625,
          625.7109375
        ]
      ]
    }
  ],
  "page_stats": [
    {
      "page_id": 0,
      "text_extraction_method": "pdftext",
      "block_counts": [
        [
          "Span",
          147
        ],
        [
          "Line",
          29
        ],
        [
          "Text",
          5
        ],
        [
          "SectionHeader",
          2
        ]
      ],
      "block_metadata": {
        "llm_request_count": 0,
        "llm_error_count": 0,
        "llm_tokens_used": 0
      }
    }
  ],
  "debug_data_path": "debug_data/page-313"
}