{
  "table_of_contents": [
    {
      "title": "CHAPTER 18\nMONASTICISM AND\nLIBERATION",
      "heading_level": null,
      "page_id": 0,
      "polygon": [
        [
          162.4130859375,
          93.392578125
        ],
        [
          456.3280029296875,
          93.392578125
        ],
        [
          456.3280029296875,
          216.17578125
        ],
        [
          162.4130859375,
          216.17578125
        ]
      ]
    },
    {
      "title": "\u092e\u094b\u0938\u093e\u0938\u092f\u094b\u0917\u0903",
      "heading_level": null,
      "page_id": 0,
      "polygon": [
        [
          205.8046875,
          237.4453125
        ],
        [
          412.3828125,
          237.4453125
        ],
        [
          412.3828125,
          279.2109375
        ],
        [
          205.8046875,
          279.2109375
        ]
      ]
    },
    {
      "title": "\u0938\u0902\u092f\u093e\u0938\u092f \u092e\u0939\u093e\u092c\u093e\u0939\u094b \u0924\u0935\u093f\u092e\u091b\u093e\u093f\u092e \u0935\u0947\u093f\u0926\u0924\u0941\u092e\u094d\u0964\n\u092f\u093e\u0917\u092f \u091a \u0939\n\u0943\n\u0937\u0940\u0915\u0947 \u0936 \u092a\u0943\u0925\u0947\u093f\u0936\u093f\u0928\u0937\u0942\u0926\u0928\u0965\u0967\u0965",
      "heading_level": null,
      "page_id": 0,
      "polygon": [
        [
          126.10546875,
          461.35546875
        ],
        [
          423.8243103027344,
          461.35546875
        ],
        [
          423.8243103027344,
          510.0248107910156
        ],
        [
          126.10546875,
          510.0248107910156
        ]
      ]
    }
  ],
  "page_stats": [
    {
      "page_id": 0,
      "text_extraction_method": "pdftext",
      "block_counts": [
        [
          "Span",
          105
        ],
        [
          "Line",
          24
        ],
        [
          "Text",
          4
        ],
        [
          "SectionHeader",
          3
        ]
      ],
      "block_metadata": {
        "llm_request_count": 0,
        "llm_error_count": 0,
        "llm_tokens_used": 0
      }
    }
  ],
  "debug_data_path": "debug_data/page-512"
}