{
  "table_of_contents": [
    {
      "title": "\u0905\u0928\u093e\u093f\u0926\u0935\u093e\u093f\u0917\u0941\n\u0923\u0935\u093e\u092a\u0930\u092e\u093e\u092e\u093e\u092f\u092e\u092f\u092f:\u0964\n\u0936\u0930\u0940\u0930\u0925\u094b\u093d\u093f\u092a \u0915\u094c\u0924\u0947\u092f \u0928 \u0915\u0930\u094b\u093f\u0924 \u0928 \u093f\u0932\u092f\u0924\u0947\u0965\u0969\u0967\u0965",
      "heading_level": null,
      "page_id": 0,
      "polygon": [
        [
          127.74610900878906,
          322.330078125
        ],
        [
          465.6719970703125,
          322.330078125
        ],
        [
          465.6719970703125,
          368.2045593261719
        ],
        [
          127.74610900878906,
          368.2045593261719
        ]
      ]
    }
  ],
  "page_stats": [
    {
      "page_id": 0,
      "text_extraction_method": "pdftext",
      "block_counts": [
        [
          "Span",
          133
        ],
        [
          "Line",
          33
        ],
        [
          "Text",
          5
        ],
        [
          "SectionHeader",
          1
        ]
      ],
      "block_metadata": {
        "llm_request_count": 0,
        "llm_error_count": 0,
        "llm_tokens_used": 0
      }
    }
  ],
  "debug_data_path": "debug_data/page-435"
}