{
  "table_of_contents": [
    {
      "title": "\u092f\u093e\u0928\u0928\u0947 \u093e\u092e\u093f\u0928 \u092a\u092f\u093f\u0924 \u0915\u0947 \u093f\u091a\u0926\u093e\u092e\u093e\u0928\u092e\u093e\u092e\u0928\u093e\u0964\n\u0905\u092f\u0947 \u0938\u092f\u0947\u0928 \u092f\u094b\u0917\u0947\u0928 \u0915\u092e\u092f\u094b\u0917\u0947\u0928 \u091a\u093e\u092a\u0930\u0947\u0965\u0968\u096a\u0965",
      "heading_level": null,
      "page_id": 0,
      "polygon": [
        [
          127.1513671875,
          376.27734375
        ],
        [
          429.9349365234375,
          376.27734375
        ],
        [
          429.9349365234375,
          422.2045593261719
        ],
        [
          127.1513671875,
          422.2045593261719
        ]
      ]
    }
  ],
  "page_stats": [
    {
      "page_id": 0,
      "text_extraction_method": "pdftext",
      "block_counts": [
        [
          "Span",
          109
        ],
        [
          "Line",
          32
        ],
        [
          "Text",
          4
        ],
        [
          "SectionHeader",
          1
        ]
      ],
      "block_metadata": {
        "llm_request_count": 0,
        "llm_error_count": 0,
        "llm_tokens_used": 0
      }
    }
  ],
  "debug_data_path": "debug_data/page-428"
}