{
  "table_of_contents": [
    {
      "title": "ON! CONCENTRATION I b",
      "heading_level": null,
      "page_id": 0,
      "polygon": [
        [
          226.0302734375,
          73.84830810502172
        ],
        [
          538.0999145507812,
          73.84830810502172
        ],
        [
          538.0999145507812,
          88.49326660111547
        ],
        [
          226.0302734375,
          88.49326660111547
        ]
      ]
    }
  ],
  "page_stats": [
    {
      "page_id": 0,
      "text_extraction_method": "pdftext",
      "block_counts": [
        [
          "Span",
          810
        ],
        [
          "Line",
          41
        ],
        [
          "Text",
          3
        ],
        [
          "SectionHeader",
          1
        ],
        [
          "PageHeader",
          1
        ]
      ],
      "block_metadata": {
        "llm_request_count": 0,
        "llm_error_count": 0,
        "llm_tokens_used": 0
      }
    }
  ],
  "debug_data_path": "debug_data/page-037"
}