{
  "table_of_contents": [
    {
      "title": "\u0936\u0930\u0940\u0930\u0935\u093e\u092e\u0928\u094b\u093f\u092d\u092f\u0915\u092e \u093e\u0930\u092d\u0924\u0947 \u0928\u0930:\u0964\n\u092f\u093e\u092f\u0902 \u0935\u093e \u093f\u0935\u092a\u0930\u0940\u0924\u0902 \u0935\u093e \u092a\u091a\u0948\u0924\u0947 \u0924\u092f \u0939\u0947\u0924\u0935:\u0965\u0967\u096b\u0965",
      "heading_level": null,
      "page_id": 0,
      "polygon": [
        [
          126.8525390625,
          224.296875
        ],
        [
          461.13153076171875,
          224.296875
        ],
        [
          461.13153076171875,
          270.70452880859375
        ],
        [
          126.8525390625,
          270.70452880859375
        ]
      ]
    }
  ],
  "page_stats": [
    {
      "page_id": 0,
      "text_extraction_method": "pdftext",
      "block_counts": [
        [
          "Span",
          148
        ],
        [
          "Line",
          34
        ],
        [
          "Text",
          6
        ],
        [
          "SectionHeader",
          1
        ]
      ],
      "block_metadata": {
        "llm_request_count": 0,
        "llm_error_count": 0,
        "llm_tokens_used": 0
      }
    }
  ],
  "debug_data_path": "debug_data/page-526"
}