{
  "table_of_contents": [
    {
      "title": "\u092e\u0939\u0937\u092f: \u0938\u0924 \u092a\u0942\u0935 \u091a\u0935\u093e\u0930\u094b \u092e\u0928\u0935\u0924\u0925\u093e\u0964\n\u092e\u093e\u0935\u093e \u092e\u093e\u0928\u0938\u093e \u091c\u093e\u0924\u093e \u092f\u0947\u0937 \u0932\u094b\u0915 \u0907\u092e\u093e: \u091c\u093e:\u0965\u096c\u0965",
      "heading_level": null,
      "page_id": 0,
      "polygon": [
        [
          126.404296875,
          96.82470703125
        ],
        [
          460.38519287109375,
          96.82470703125
        ],
        [
          460.38519287109375,
          144.70465087890625
        ],
        [
          126.404296875,
          144.70465087890625
        ]
      ]
    },
    {
      "title": "\u090f\u0924 \u093f\u0935\u092d\u0942\u093f\u0924\u0902 \u092f\u094b\u0917\u0902 \u091a \u092e\u092e \u092f\u094b \u0935\u0947\u093f \u0924\u0935\u0924:\u0964\n\u0938\u094b\u093d\u093f\u0935\u0915\u092a\u0947\u0928 \u092f\u094b\u0917\u0947\u0928 \u092f\u0941\n\u092f\u0924\u0947 \u0928\u093e \u0938\u0902\u0936\u092f:\u0965\u096d\u0965",
      "heading_level": null,
      "page_id": 0,
      "polygon": [
        [
          125.13427734375,
          387.685546875
        ],
        [
          433.6048278808594,
          387.685546875
        ],
        [
          433.6048278808594,
          434.2048034667969
        ],
        [
          125.13427734375,
          434.2048034667969
        ]
      ]
    }
  ],
  "page_stats": [
    {
      "page_id": 0,
      "text_extraction_method": "pdftext",
      "block_counts": [
        [
          "Span",
          184
        ],
        [
          "Line",
          31
        ],
        [
          "Text",
          7
        ],
        [
          "SectionHeader",
          2
        ]
      ],
      "block_metadata": {
        "llm_request_count": 0,
        "llm_error_count": 0,
        "llm_tokens_used": 0
      }
    }
  ],
  "debug_data_path": "debug_data/page-320"
}