{
  "table_of_contents": [
    {
      "title": "\u0947\u092f: \u0938 \u093f\u0928\u092f\u0938\u0902\u092f\u093e\u0938\u0940 \u092f\u094b \u0928 \u0947\u093f \u0928 \u0915\u093f\u0924\u0964\n\u093f\u0928\u094b \u093f\u0939 \u092e\u0939\u093e\u092c\u093e\u0939\u094b \u0938\u0941\u0916\u0902 \u092c\u0927\u093e\u092e\u0941\n\u092f\u0924\u0947\u0965\u0969\u0965",
      "heading_level": null,
      "page_id": 0,
      "polygon": [
        [
          123.416015625,
          165.8056640625
        ],
        [
          451.4453125,
          165.8056640625
        ],
        [
          451.4453125,
          214.048828125
        ],
        [
          123.416015625,
          214.048828125
        ]
      ]
    },
    {
      "title": "\u0938\u092f\u092f\u094b\u0917\u094c \u092a\u0943\u0925\u092c\u093e\u0932\u093e: \u0935\u0926\u093f\u0924 \u0928 \u092a\u093f\u0921\u0924\u093e:\u0964\n\u090f\u0915\u092e\u092f\u093e\u093f\u0925\u0924: \u0938\u092f\u0917\u0941\u092d\u092f\u094b\u093f\u0935\u0926\u0924\u0947 \u092b\u0932\u092e\u094d\u0965\u096a\u0965",
      "heading_level": null,
      "page_id": 0,
      "polygon": [
        [
          125.13427734375,
          560.7421875
        ],
        [
          429.2917785644531,
          560.7421875
        ],
        [
          429.2917785644531,
          608.6953125
        ],
        [
          125.13427734375,
          608.6953125
        ]
      ]
    }
  ],
  "page_stats": [
    {
      "page_id": 0,
      "text_extraction_method": "pdftext",
      "block_counts": [
        [
          "Span",
          139
        ],
        [
          "Line",
          31
        ],
        [
          "Text",
          9
        ],
        [
          "SectionHeader",
          2
        ]
      ],
      "block_metadata": {
        "llm_request_count": 0,
        "llm_error_count": 0,
        "llm_tokens_used": 0
      }
    }
  ],
  "debug_data_path": "debug_data/page-200"
}