{
  "table_of_contents": [
    {
      "title": "\u092d\u0942\u093f\u092e\u0930\u093e\u092a\u094b\u093d\u0928\u0932\u094b \u0935\u093e\u092f\u0941: \u0916\u0902 \u092e\u0928\u094b \u092c\u0941\u093f\u0930\u0947\u0935 \u091a\u0964\n\u0905\u0939\u0915\u093e\u0930 \u0902 \u0907\u0924\u0940\u092f\u0902 \u092e\u0947 \u093f\u092d\u093e \u0915\u0943\n\u093f\u0924\u0930\u0927\u093e\u0965\u096a\u0965",
      "heading_level": null,
      "page_id": 0,
      "polygon": [
        [
          126.10546875,
          313.2421875
        ],
        [
          415.0650329589844,
          313.2421875
        ],
        [
          415.0650329589844,
          357.9505310058594
        ],
        [
          126.10546875,
          357.9505310058594
        ]
      ]
    }
  ],
  "page_stats": [
    {
      "page_id": 0,
      "text_extraction_method": "pdftext",
      "block_counts": [
        [
          "Span",
          156
        ],
        [
          "Line",
          33
        ],
        [
          "Text",
          7
        ],
        [
          "SectionHeader",
          1
        ]
      ],
      "block_metadata": {
        "llm_request_count": 0,
        "llm_error_count": 0,
        "llm_tokens_used": 0
      }
    }
  ],
  "debug_data_path": "debug_data/page-256"
}