{
  "table_of_contents": [
    {
      "title": "\u0905\u092f\u093f\u0924: \u092f\u094b\u092a\u0947\u0924\u094b \u092f\u094b\u0917\u093e\u091a\u093f\u0932\u0924\u092e\u093e\u0928\u0938:\u0964\n\u0905\u093e\u092f \u092f\u094b\u0917\u0938\u0902\u093f\u0938\u093f\u0902 \u0915 \u0917\u093f\u0924\u0902 \u0915\u0943\n\u0923 \u0917\u091b\u093f\u0924\u0965\u0969\u096d\u0965",
      "heading_level": null,
      "page_id": 0,
      "polygon": [
        [
          126.10546875,
          265.869140625
        ],
        [
          465.6341857910156,
          265.869140625
        ],
        [
          465.6341857910156,
          312.9506530761719
        ],
        [
          126.10546875,
          312.9506530761719
        ]
      ]
    },
    {
      "title": "\u0915\u093f\u091a\u094b\u092d\u092f\u093f\u0935\u093f\u091b\u093e\u093f\u092e\u0935 \u0928\u092f\u093f\u0924\u0964\n\u0905\u093f\u0924\u094b \u092e\u0939\u093e\u092c\u093e\u0939\u094b \u093f\u0935\u092e\u0942\u0922\u094b \u0923: \u092a\u093f\u0925\u0965\u0969\u096e\u0965",
      "heading_level": null,
      "page_id": 0,
      "polygon": [
        [
          126.703125,
          520.5234375
        ],
        [
          436.2890625,
          520.5234375
        ],
        [
          436.2890625,
          566.2045593261719
        ],
        [
          126.703125,
          566.2045593261719
        ]
      ]
    }
  ],
  "page_stats": [
    {
      "page_id": 0,
      "text_extraction_method": "pdftext",
      "block_counts": [
        [
          "Span",
          127
        ],
        [
          "Line",
          31
        ],
        [
          "Text",
          7
        ],
        [
          "SectionHeader",
          2
        ]
      ],
      "block_metadata": {
        "llm_request_count": 0,
        "llm_error_count": 0,
        "llm_tokens_used": 0
      }
    }
  ],
  "debug_data_path": "debug_data/page-246"
}