{
  "table_of_contents": [
    {
      "title": "4J9 VOGA PHILOSOPHY OF PATASjALI",
      "heading_level": null,
      "page_id": 0,
      "polygon": [
        [
          49.900001525878906,
          75.59128906205297
        ],
        [
          420.1025390625,
          75.59128906205297
        ],
        [
          420.1025390625,
          93.03904296830297
        ],
        [
          49.900001525878906,
          93.03904296830297
        ]
      ]
    }
  ],
  "page_stats": [
    {
      "page_id": 0,
      "text_extraction_method": "pdftext",
      "block_counts": [
        [
          "Span",
          692
        ],
        [
          "Line",
          39
        ],
        [
          "Text",
          5
        ],
        [
          "SectionHeader",
          1
        ]
      ],
      "block_metadata": {
        "llm_request_count": 0,
        "llm_error_count": 0,
        "llm_tokens_used": 0
      }
    }
  ],
  "debug_data_path": "debug_data/page-070"
}