{
  "table_of_contents": [
    {
      "title": "\u0915\u0943\n\u092f\u0948\u0935 \u091a \u0915\u092e\u093f\u0923 \u093f\u092f\u092e\u093e\u0923\u093e\u093f\u0928 \u0938\u0935\u0936:\u0964\n\u092f: \u092a\u092f\u093f\u0924 \u0924\u0925\u093e\u092e\u093e\u0928\u092e\u0915\u0924\u0930\u0902 \u0938 \u092a\u092f\u093f\u0924\u0965\u0968\u096f\u0965",
      "heading_level": null,
      "page_id": 0,
      "polygon": [
        [
          125.0595703125,
          170.736328125
        ],
        [
          443.4609375,
          170.736328125
        ],
        [
          443.4609375,
          216.70452880859375
        ],
        [
          125.0595703125,
          216.70452880859375
        ]
      ]
    },
    {
      "title": "\u092f\u0926\u093e \u092d\u0942\u0924\u092a\u0943\u0925\u092d\u093e\u0935\u092e\u0947\u0915\u0925\u092e\u0928\u0941\u092a\u092f\u093f\u0924\u0964\n\u0924\u0924 \u090f\u0935 \u091a \u093f\u0935\u0924\u093e\u0930\u0902  \u0938\u092a\u0924\u0947 \u0924\u0926\u093e\u0965\u0969\u0966\u0965",
      "heading_level": null,
      "page_id": 0,
      "polygon": [
        [
          124.4619140625,
          558.80859375
        ],
        [
          440.2834167480469,
          558.80859375
        ],
        [
          440.2834167480469,
          604.44140625
        ],
        [
          124.4619140625,
          604.44140625
        ]
      ]
    }
  ],
  "page_stats": [
    {
      "page_id": 0,
      "text_extraction_method": "pdftext",
      "block_counts": [
        [
          "Span",
          131
        ],
        [
          "Line",
          32
        ],
        [
          "Text",
          6
        ],
        [
          "SectionHeader",
          2
        ]
      ],
      "block_metadata": {
        "llm_request_count": 0,
        "llm_error_count": 0,
        "llm_tokens_used": 0
      }
    }
  ],
  "debug_data_path": "debug_data/page-434"
}