{
  "table_of_contents": [
    {
      "title": "on concentration ft",
      "heading_level": null,
      "page_id": 0,
      "polygon": [
        [
          218.76708984375,
          75.67612792924047
        ],
        [
          533.5197143554688,
          75.67612792924047
        ],
        [
          533.5197143554688,
          89.93888427689672
        ],
        [
          218.76708984375,
          89.93888427689672
        ]
      ]
    }
  ],
  "page_stats": [
    {
      "page_id": 0,
      "text_extraction_method": "pdftext",
      "block_counts": [
        [
          "Span",
          798
        ],
        [
          "Line",
          42
        ],
        [
          "Text",
          2
        ],
        [
          "SectionHeader",
          1
        ],
        [
          "TextInlineMath",
          1
        ]
      ],
      "block_metadata": {
        "llm_request_count": 0,
        "llm_error_count": 0,
        "llm_tokens_used": 0
      }
    }
  ],
  "debug_data_path": "debug_data/page-031"
}