{
  "table_of_contents": [
    {
      "title": "\u0935\u0947 \u0935\u0947 \u0915\u092e\u092f\u093f\u092d\u0930\u0924: \u0938\u0902\u093f\u0938\u093f\u0902 \u0932\u092d\u0924\u0947 \u0928\u0930:\u0964\n\u0935\u0915\u092e\u093f\u0928\u0930\u0924: \u093f\u0938\u093f\u0902 \u092f\u0925\u093e \u093f\u0935\u0926\u093f\u0924 \u0924\u091b\n\u0943\n\u0923\u0941\u0965\u096a\u096b\u0965",
      "heading_level": null,
      "page_id": 0,
      "polygon": [
        [
          124.1630859375,
          427.7109375
        ],
        [
          452.3912353515625,
          427.7109375
        ],
        [
          452.3912353515625,
          473.6010437011719
        ],
        [
          124.1630859375,
          473.6010437011719
        ]
      ]
    }
  ],
  "page_stats": [
    {
      "page_id": 0,
      "text_extraction_method": "pdftext",
      "block_counts": [
        [
          "Span",
          121
        ],
        [
          "Line",
          33
        ],
        [
          "Text",
          6
        ],
        [
          "SectionHeader",
          1
        ]
      ],
      "block_metadata": {
        "llm_request_count": 0,
        "llm_error_count": 0,
        "llm_tokens_used": 0
      }
    }
  ],
  "debug_data_path": "debug_data/page-546"
}