{
  "table_of_contents": [
    {
      "title": "\u0915\u093e\u092f\u0915\u0930\u0923\u0915\u0924\u0943\n\u0935\u0947 \u0939\u0947\u0924\u0941: \u0915\u0943\n\u093f\u0924\u092f\u0924\u0947\u0964\n\u092a\u0941\u0937: \u0938\u0941\u0916\u0926:\n\u0941\n\u0916\u093e\u0928 \u092d\u094b\u0924\u0943\n\u0935\u0947 \u0939\u0947\u0924\u0941\u092f\u0924\u0947\u0965\u0968\u0966\u0965",
      "heading_level": null,
      "page_id": 0,
      "polygon": [
        [
          127.74610900878906,
          231.451171875
        ],
        [
          438.0698547363281,
          231.451171875
        ],
        [
          438.0698547363281,
          279.404296875
        ],
        [
          127.74610900878906,
          279.404296875
        ]
      ]
    }
  ],
  "page_stats": [
    {
      "page_id": 0,
      "text_extraction_method": "pdftext",
      "block_counts": [
        [
          "Span",
          120
        ],
        [
          "Line",
          36
        ],
        [
          "Text",
          5
        ],
        [
          "SectionHeader",
          1
        ]
      ],
      "block_metadata": {
        "llm_request_count": 0,
        "llm_error_count": 0,
        "llm_tokens_used": 0
      }
    }
  ],
  "debug_data_path": "debug_data/page-421"
}