{
  "table_of_contents": [
    {
      "title": "YOGA PHILOSOPHY OF FATASJAI.I",
      "heading_level": null,
      "page_id": 0,
      "polygon": [
        [
          180.9399871826172,
          71.85087158158422
        ],
        [
          419.521484375,
          71.85087158158422
        ],
        [
          419.521484375,
          87.36572265625
        ],
        [
          180.9399871826172,
          87.36572265625
        ]
      ]
    },
    {
      "title": "Repression Of Attention To AH And Development Of One-\nPyjittedness It Called Samiidbi-Parinama Or\nConccntrative Mutation Of The Mind, II.",
      "heading_level": null,
      "page_id": 0,
      "polygon": [
        [
          73.212890625,
          97.22935058549047
        ],
        [
          523.5302734375,
          97.22935058549047
        ],
        [
          523.5302734375,
          151.44242431595922
        ],
        [
          73.212890625,
          151.44242431595922
        ]
      ]
    }
  ],
  "page_stats": [
    {
      "page_id": 0,
      "text_extraction_method": "pdftext",
      "block_counts": [
        [
          "Span",
          616
        ],
        [
          "Line",
          35
        ],
        [
          "Text",
          5
        ],
        [
          "SectionHeader",
          2
        ]
      ],
      "block_metadata": {
        "llm_request_count": 0,
        "llm_error_count": 0,
        "llm_tokens_used": 0
      }
    }
  ],
  "debug_data_path": "debug_data/page-312"
}