{
  "table_of_contents": [
    {
      "title": "\u093f\u092f\u094b \u093f\u0939 \u093e\u093f\u0928\u0928\u094b\u093d\u092f\u0925\u092e\u0939\u0902 \u0938 \u091a \u092e\u092e \u093f\u092f:\u0965\u0967\u096d\u0965",
      "heading_level": null,
      "page_id": 0,
      "polygon": [
        [
          126.10546875,
          68.3525390625
        ],
        [
          461.490966796875,
          68.3525390625
        ],
        [
          461.490966796875,
          93.70452880859375
        ],
        [
          126.10546875,
          93.70452880859375
        ]
      ]
    },
    {
      "title": "\u0909\u0926\u093e\u0930\u093e: \u0938\u0935 \u090f\u0935\u0948\u0924\u0947\n\u093e\u0928\u0940 \u0935\u093e\u092e\u0948\u0935 \u092e\u0947 \u092e\u0924\u092e\u094d\u0964\n\u0906\u093f\u0925\u0924: \u0938 \u093f\u0939 \u092f\u0941\u0924\u093e\u092e\u093e \u092e\u093e\u092e\u0947\u0935\u093e\u0928\u0941\n\u092e \u0917\u093f\u0924\u092e\u094d\u0965\u0967\u096e\u0965",
      "heading_level": null,
      "page_id": 0,
      "polygon": [
        [
          126.2548828125,
          478.7578125
        ],
        [
          483.4363708496094,
          478.7578125
        ],
        [
          483.4363708496094,
          524.390625
        ],
        [
          126.2548828125,
          524.390625
        ]
      ]
    }
  ],
  "page_stats": [
    {
      "page_id": 0,
      "text_extraction_method": "pdftext",
      "block_counts": [
        [
          "Span",
          135
        ],
        [
          "Line",
          32
        ],
        [
          "Text",
          6
        ],
        [
          "SectionHeader",
          2
        ]
      ],
      "block_metadata": {
        "llm_request_count": 0,
        "llm_error_count": 0,
        "llm_tokens_used": 0
      }
    }
  ],
  "debug_data_path": "debug_data/page-263"
}