{
  "table_of_contents": [
    {
      "title": "4 YOGA PHILOSOPHY OF PATaSjaLI",
      "heading_level": null,
      "page_id": 0,
      "polygon": [
        [
          61.900001525878906,
          65.90110351517797
        ],
        [
          425.33203125,
          65.90110351517797
        ],
        [
          425.33203125,
          85.0531005859375
        ],
        [
          61.900001525878906,
          85.0531005859375
        ]
      ]
    }
  ],
  "page_stats": [
    {
      "page_id": 0,
      "text_extraction_method": "pdftext",
      "block_counts": [
        [
          "Span",
          805
        ],
        [
          "Line",
          40
        ],
        [
          "Text",
          4
        ],
        [
          "SectionHeader",
          1
        ]
      ],
      "block_metadata": {
        "llm_request_count": 0,
        "llm_error_count": 0,
        "llm_tokens_used": 0
      }
    }
  ],
  "debug_data_path": "debug_data/page-026"
}