{
  "table_of_contents": [
    {
      "title": "\u0938\u0935\u092d\u0942\u0924\u0947\u0937\u0941 \u092f\u0947\u0928\u0915\u0948 \u0902 \u092d\u093e\u0935\u092e\u092f\u092f\u092e\u0940\u0924\u0947\u0964\n\u0905\u093f\u0935\u092d\u0924\u0902 \u093f\u0935\u092d\u0924\u0947\u0937\u0941 \u0924\u093e\u0928\u0902 \u093f\u0935\u093f \u0938\u093e\u093f\u0935\u0915\u092e\u094d\u0965\u0968\u0966\u0965",
      "heading_level": null,
      "page_id": 0,
      "polygon": [
        [
          125.3583984375,
          443.953125
        ],
        [
          480.4661560058594,
          443.953125
        ],
        [
          480.4661560058594,
          491.2045593261719
        ],
        [
          125.3583984375,
          491.2045593261719
        ]
      ]
    }
  ],
  "page_stats": [
    {
      "page_id": 0,
      "text_extraction_method": "pdftext",
      "block_counts": [
        [
          "Span",
          140
        ],
        [
          "Line",
          32
        ],
        [
          "Text",
          6
        ],
        [
          "SectionHeader",
          1
        ]
      ],
      "block_metadata": {
        "llm_request_count": 0,
        "llm_error_count": 0,
        "llm_tokens_used": 0
      }
    }
  ],
  "debug_data_path": "debug_data/page-532"
}