{
  "table_of_contents": [
    {
      "title": "\u0924\u092e\u0947\u0935 \u0936\u0930\u0923\u0902 \u0917\u091b \u0938\u0935\u092d\u093e\u0935\u0947\u0928 \u092d\u093e\u0930\u0924\u0964\n\u0924\u0938\u093e\u0926\u093e\u092a\u0930 \u0936\u093e\u093f\u0924\u0902 \u0925\u093e\u0928\u0902 \u093e\u092f\u093f\u0938 \u0936\u093e\u0924\u092e\u094d\u0965\u096c\u0968\u0965",
      "heading_level": null,
      "page_id": 0,
      "polygon": [
        [
          125.6572265625,
          375.50390625
        ],
        [
          486.2174072265625,
          375.50390625
        ],
        [
          486.2174072265625,
          422.68359375
        ],
        [
          125.6572265625,
          422.68359375
        ]
      ]
    }
  ],
  "page_stats": [
    {
      "page_id": 0,
      "text_extraction_method": "pdftext",
      "block_counts": [
        [
          "Span",
          139
        ],
        [
          "Line",
          31
        ],
        [
          "Text",
          5
        ],
        [
          "SectionHeader",
          1
        ]
      ],
      "block_metadata": {
        "llm_request_count": 0,
        "llm_error_count": 0,
        "llm_tokens_used": 0
      }
    }
  ],
  "debug_data_path": "debug_data/page-566"
}