{
  "table_of_contents": [
    {
      "title": "\u092f\u093e\u0925\u0915\u092e\u0923\u094b\u093d\u092f \u0932\u094b\u0915\u094b\u093d\u092f\u0902 \u0915\u092e\u092c\u0927\u0928:\u0964\n\u0924\u0926\u0925\u0902 \u0915\u092e \u0915\u094c\u0924\u0947\u092f \u092e\u0941\u0924\u0938: \u0938\u092e\u093e\u091a\u0930\u0965\u096f\u0965",
      "heading_level": null,
      "page_id": 0,
      "polygon": [
        [
          127.74610900878906,
          232.224609375
        ],
        [
          423.4081115722656,
          232.224609375
        ],
        [
          423.4081115722656,
          278.65863037109375
        ],
        [
          127.74610900878906,
          278.65863037109375
        ]
      ]
    },
    {
      "title": "\u0938\u0939\u092f\u093e: \u091c\u093e: \u0938\u0943\n\u0935\u093e \u092a\u0941\u0930\u094b\u0935\u093e\u091a \u091c\u093e\u092a\u093f\u0924:\u0964\n\u0905\u0928\u0928\u0947 \u0938\u093f\u0935\u092f\u0935\u092e\u0937 \u0935\u094b\u093d\u093f\u0935\u0915\u093e\u092e\u0927\u0941\u0915\u094d \u0965\u0967\u0966\u0965",
      "heading_level": null,
      "page_id": 0,
      "polygon": [
        [
          125.208984375,
          592.83984375
        ],
        [
          444.65625,
          592.83984375
        ],
        [
          444.65625,
          636.92578125
        ],
        [
          125.208984375,
          636.92578125
        ]
      ]
    }
  ],
  "page_stats": [
    {
      "page_id": 0,
      "text_extraction_method": "pdftext",
      "block_counts": [
        [
          "Span",
          141
        ],
        [
          "Line",
          31
        ],
        [
          "Text",
          7
        ],
        [
          "SectionHeader",
          2
        ]
      ],
      "block_metadata": {
        "llm_request_count": 0,
        "llm_error_count": 0,
        "llm_tokens_used": 0
      }
    }
  ],
  "debug_data_path": "debug_data/page-124"
}