{
  "table_of_contents": [
    {
      "title": "'4^iK(HI cp'j i i ^ it",
      "heading_level": null,
      "page_id": 0,
      "polygon": [
        [
          88.465576171875,
          174.17606689408422
        ],
        [
          377.1044921875,
          174.17606689408422
        ],
        [
          377.1044921875,
          227.44327880814672
        ],
        [
          88.465576171875,
          227.44327880814672
        ]
      ]
    },
    {
      "title": "By Siray^nia On The Kdltiodship Between Abasa And The\nPower Of Hearing, Divine Sense Of Hearing Tk Gained. 41.",
      "heading_level": null,
      "page_id": 0,
      "polygon": [
        [
          67.257080078125,
          357.35398437455297
        ],
        [
          516.5576171875,
          357.35398437455297
        ],
        [
          516.5576171875,
          395.0270190425217
        ],
        [
          67.257080078125,
          395.0270190425217
        ]
      ]
    }
  ],
  "page_stats": [
    {
      "page_id": 0,
      "text_extraction_method": "pdftext",
      "block_counts": [
        [
          "Span",
          541
        ],
        [
          "Line",
          32
        ],
        [
          "Text",
          5
        ],
        [
          "PageHeader",
          2
        ],
        [
          "SectionHeader",
          2
        ]
      ],
      "block_metadata": {
        "llm_request_count": 0,
        "llm_error_count": 0,
        "llm_tokens_used": 0
      }
    }
  ],
  "debug_data_path": "debug_data/page-369"
}