{
  "table_of_contents": [
    {
      "title": "\u093f\u091c\u0924\u093e\u092e\u0928: \u0936\u093e\u0924\u092f \u092a\u0930\u092e\u093e\u092e\u093e \u0938\u092e\u093e\u093f\u0939\u0924:\u0964\n\u0936\u0940\u0924\u094b\u0923\u0938\u0941\u0916\u0926:\n\u0941\n\u0916\u0947\u0937\u0941 \u0924\u0925\u093e \u092e\u093e\u0928\u093e\u092a\u092e\u093e\u0928\u092f\u094b:\u0965\u096d\u0965",
      "heading_level": null,
      "page_id": 0,
      "polygon": [
        [
          124.1630859375,
          305.5078125
        ],
        [
          416.0865783691406,
          305.5078125
        ],
        [
          416.0865783691406,
          351.140625
        ],
        [
          124.1630859375,
          351.140625
        ]
      ]
    },
    {
      "title": "\u093e\u0928\u093f\u0935\u093e\u0928\u0924\u0943\n\u0924\u093e\u092e\u093e \u0915\u0942\n\u091f\u0925\u094b \u093f\u0935\u093f\u091c\u0924\u0947\u093f\u092f:\u0964\n\u092f\u0941\u0924 \u0907\u092f\u0941\n\u092f\u0924\u0947 \u092f\u094b\u0917\u0940 \u0938\u092e\u0932\u094b\u093e\u092e\u0915\u093e\u091a\u0928:\u0965\u096e\u0965",
      "heading_level": null,
      "page_id": 0,
      "polygon": [
        [
          123.8642578125,
          575.4375
        ],
        [
          448.4183044433594,
          575.4375
        ],
        [
          448.4183044433594,
          623.390625
        ],
        [
          123.8642578125,
          623.390625
        ]
      ]
    }
  ],
  "page_stats": [
    {
      "page_id": 0,
      "text_extraction_method": "pdftext",
      "block_counts": [
        [
          "Span",
          151
        ],
        [
          "Line",
          36
        ],
        [
          "Text",
          5
        ],
        [
          "SectionHeader",
          2
        ]
      ],
      "block_metadata": {
        "llm_request_count": 0,
        "llm_error_count": 0,
        "llm_tokens_used": 0
      }
    }
  ],
  "debug_data_path": "debug_data/page-230"
}