{
  "table_of_contents": [
    {
      "title": "\u0924\u0941\u092f\u093f\u0928\u0926\u093e\u0924\u0941\u093f\u0924\u092e\u0928\u0940 \u0938\u0924\u0941\n\u094b \u092f\u0947\u0928 \u0915\u0947 \u0928\u093f\u091a\u0924\u094d\u0964\n\u0905\u093f\u0928\u0915\u0947 \u0924: \u093f\u0925\u0930\u092e\u093f\u0924\u092d\u093f\u0924\u092e\u093e\u092e\u0947 \u093f\u092f\u094b \u0928\u0930:\u0965\u0967\u096f\u0965",
      "heading_level": null,
      "page_id": 0,
      "polygon": [
        [
          126.5537109375,
          193.939453125
        ],
        [
          448.30487060546875,
          193.939453125
        ],
        [
          448.30487060546875,
          242.20501708984375
        ],
        [
          126.5537109375,
          242.20501708984375
        ]
      ]
    },
    {
      "title": "\u092f\u0947 \u0924\u0941 \u0927\u092f\u092e\u0943\u0924\u093f\u092e\u0926\u0902 \u092f\u0925\u094b\u0924\u0902 \u092a\u092f\u0941\n\u092a\u093e\u0938\u0924\u0947\u0964\n\u0927\u093e\u0928\u093e \u092e\u092a\u0930\u092e\u093e \u092d\u0924\u093e\u0924\u0947\n\u093d\u0924\u0940\u0935 \u092e\u0947 \u093f\u092f\u093e:\u0965\u0968\u0966\u0965",
      "heading_level": null,
      "page_id": 0,
      "polygon": [
        [
          125.9560546875,
          617.58984375
        ],
        [
          452.9208984375,
          617.58984375
        ],
        [
          452.9208984375,
          665.2055282592773
        ],
        [
          125.9560546875,
          665.2055282592773
        ]
      ]
    }
  ],
  "page_stats": [
    {
      "page_id": 0,
      "text_extraction_method": "pdftext",
      "block_counts": [
        [
          "Span",
          141
        ],
        [
          "Line",
          34
        ],
        [
          "Text",
          6
        ],
        [
          "SectionHeader",
          2
        ]
      ],
      "block_metadata": {
        "llm_request_count": 0,
        "llm_error_count": 0,
        "llm_tokens_used": 0
      }
    }
  ],
  "debug_data_path": "debug_data/page-384"
}