{
  "table_of_contents": [
    {
      "title": "\u0947\u092f\u093e\u092f\u092e\u092f\u093e\u093e\u093e\u0928\u092f: \u092a\u0930\u0924\u092a\u0964\n\u0938\u0935\u0902 \u0915\u092e\u093f\u0916\u0932\u0902 \u092a\u093e\u0925 \u093e\u0928\u0947 \u092a\u093f\u0930\u0938\u092e\u093e\u092f\u0924\u0947\u0965\u0969\u0969\u0965",
      "heading_level": null,
      "page_id": 0,
      "polygon": [
        [
          127.52490234375,
          331.03125
        ],
        [
          433.6429748535156,
          331.03125
        ],
        [
          433.6429748535156,
          376.1576843261719
        ],
        [
          127.52490234375,
          376.1576843261719
        ]
      ]
    }
  ],
  "page_stats": [
    {
      "page_id": 0,
      "text_extraction_method": "pdftext",
      "block_counts": [
        [
          "Span",
          118
        ],
        [
          "Line",
          32
        ],
        [
          "Text",
          7
        ],
        [
          "SectionHeader",
          1
        ]
      ],
      "block_metadata": {
        "llm_request_count": 0,
        "llm_error_count": 0,
        "llm_tokens_used": 0
      }
    }
  ],
  "debug_data_path": "debug_data/page-182"
}