{
  "table_of_contents": [
    {
      "title": "\u092a\u0902 \u092a\u0941\n\u092a\u0902 \u092b\u0932\u0902 \u0924\u094b\u092f\u0902 \u092f\u094b \u092e\u0947 \u092d\u092f\u093e \u092f\u091b\u093f\u0924\u0964\n\u0924\u0926\u0939\u0902 \u092d\u092f\u0941\u092a\u0939\n\u0943\n\u0924\u092e\u093e\u093f\u092e \u092f\u0924\u093e\u092e\u0928:\u0965\u0968\u096c\u0965",
      "heading_level": null,
      "page_id": 0,
      "polygon": [
        [
          124.4619140625,
          394.259765625
        ],
        [
          435.59161376953125,
          394.259765625
        ],
        [
          435.59161376953125,
          441.7748718261719
        ],
        [
          124.4619140625,
          441.7748718261719
        ]
      ]
    }
  ],
  "page_stats": [
    {
      "page_id": 0,
      "text_extraction_method": "pdftext",
      "block_counts": [
        [
          "Span",
          160
        ],
        [
          "Line",
          33
        ],
        [
          "Text",
          5
        ],
        [
          "SectionHeader",
          1
        ],
        [
          "Handwriting",
          1
        ]
      ],
      "block_metadata": {
        "llm_request_count": 0,
        "llm_error_count": 0,
        "llm_tokens_used": 0
      }
    }
  ],
  "debug_data_path": "debug_data/page-309"
}