{
  "table_of_contents": [
    {
      "title": "\u0906\u0939\u093e\u0930\u0935\u093f\u092a \u0938\u0935\u092f \u093f\u093f\u0935\u0927\u094b \u092d\u0935\u093f\u0924 \u093f\u092f:\u0964\n\u092f\u0924\u092a\u0924\u0925\u093e \u0926\u093e\u0928\u0902 \u0924\u0947\u0937 \u092d\u0947\u0926\u093f\u092e\u092e\u0902 \u0936\u0943\u0923\u0941\u0965\u096d\u0965",
      "heading_level": null,
      "page_id": 0,
      "polygon": [
        [
          127.22607421875,
          258.521484375
        ],
        [
          418.9244079589844,
          258.521484375
        ],
        [
          418.9244079589844,
          306.861328125
        ],
        [
          127.22607421875,
          306.861328125
        ]
      ]
    },
    {
      "title": "\u0906\u092f\u0941:\u0938\u0935\u092c\u0932\u093e\u0930\u094b\u092f\u0938\u0941\u0916\u0940\u093f\u0924\u093f\u0935\u0935\u0927\u0928\u093e:\u0964\n\u0930\u092f\u093e: \u093f\u0928\u0927\u093e: \u093f\u0925\u0930\u093e \u0939\n\u0943\n\u093e \u0906\u0939\u093e\u0930\u093e: \u0938\u093e\u093f\u0935\u0915\u093f\u092f\u093e:\u0965\u096e\u0965",
      "heading_level": null,
      "page_id": 0,
      "polygon": [
        [
          125.0595703125,
          478.37109375
        ],
        [
          512.835693359375,
          478.37109375
        ],
        [
          512.835693359375,
          525.7748718261719
        ],
        [
          125.0595703125,
          525.7748718261719
        ]
      ]
    },
    {
      "title": "\u0915\u0935\u0932\u0932\u0935\u0923\u093e\u092f\u0941\n\u0923\u0924\u0940\u0923\u093f\u0935\u0926\u093e\u093f\u0939\u0928:\u0964",
      "heading_level": null,
      "page_id": 0,
      "polygon": [
        [
          127.74610900878906,
          696.48046875
        ],
        [
          387.7657165527344,
          696.48046875
        ],
        [
          387.7657165527344,
          720.45703125
        ],
        [
          127.74610900878906,
          720.45703125
        ]
      ]
    }
  ],
  "page_stats": [
    {
      "page_id": 0,
      "text_extraction_method": "pdftext",
      "block_counts": [
        [
          "Span",
          177
        ],
        [
          "Line",
          35
        ],
        [
          "Text",
          6
        ],
        [
          "SectionHeader",
          3
        ]
      ],
      "block_metadata": {
        "llm_request_count": 0,
        "llm_error_count": 0,
        "llm_tokens_used": 0
      }
    }
  ],
  "debug_data_path": "debug_data/page-499"
}