{
  "table_of_contents": [
    {
      "title": "162 YOGA PHILOSOPHY Ot FATANjALI",
      "heading_level": null,
      "page_id": 0,
      "polygon": [
        [
          54.95000076293945,
          73.72654296830297
        ],
        [
          426.494140625,
          73.72654296830297
        ],
        [
          426.494140625,
          89.13785888627172
        ],
        [
          54.95000076293945,
          89.13785888627172
        ]
      ]
    }
  ],
  "page_stats": [
    {
      "page_id": 0,
      "text_extraction_method": "pdftext",
      "block_counts": [
        [
          "Span",
          607
        ],
        [
          "Line",
          34
        ],
        [
          "Text",
          4
        ],
        [
          "SectionHeader",
          1
        ]
      ],
      "block_metadata": {
        "llm_request_count": 0,
        "llm_error_count": 0,
        "llm_tokens_used": 0
      }
    }
  ],
  "debug_data_path": "debug_data/page-184"
}