{
  "table_of_contents": [
    {
      "title": "34 J YOGA PHILOSOPHY OF PATANJAU",
      "heading_level": null,
      "page_id": 0,
      "polygon": [
        [
          60.95000076293945,
          71.04441406205297
        ],
        [
          431.7236328125,
          71.04441406205297
        ],
        [
          431.7236328125,
          86.37437011674047
        ],
        [
          60.95000076293945,
          86.37437011674047
        ]
      ]
    },
    {
      "title": "\u25a0e^7 u 11",
      "heading_level": null,
      "page_id": 0,
      "polygon": [
        [
          95.147705078125,
          173.60178710892797
        ],
        [
          252.032470703125,
          173.60178710892797
        ],
        [
          252.032470703125,
          192.512939453125
        ],
        [
          95.147705078125,
          192.512939453125
        ]
      ]
    },
    {
      "title": "(By Practiaiog Samyania) On The Heart, Knowledge\nOf The Mind is Acquired. 34.",
      "heading_level": null,
      "page_id": 0,
      "polygon": [
        [
          96.019287109375,
          247.84928466752172
        ],
        [
          502.03125,
          247.84928466752172
        ],
        [
          502.03125,
          281.5238452143967
        ],
        [
          96.019287109375,
          281.5238452143967
        ]
      ]
    }
  ],
  "page_stats": [
    {
      "page_id": 0,
      "text_extraction_method": "pdftext",
      "block_counts": [
        [
          "Span",
          510
        ],
        [
          "Line",
          29
        ],
        [
          "Text",
          6
        ],
        [
          "SectionHeader",
          3
        ],
        [
          "PageHeader",
          1
        ]
      ],
      "block_metadata": {
        "llm_request_count": 0,
        "llm_error_count": 0,
        "llm_tokens_used": 0
      }
    }
  ],
  "debug_data_path": "debug_data/page-362"
}