{
  "table_of_contents": [
    {
      "title": "\u091c\u0930\u093e\u092e\u0930\u0923\u092e\u094b\u093e\u092f \u092e\u093e\u092e\u093e\u093f\u092f \u092f\u0924\u093f\u0924 \u092f\u0947\u0964\n\u0924\u0947  \u0924\u093f\u0926:\n\u0941\n\u0915\u0943\n\u0928\u092e\u092f\u093e\u092e\u0902 \u0915\u092e \u091a\u093e\u093f\u0916\u0932\u092e\u094d\u0965\u0968\u096f\u0965",
      "heading_level": null,
      "page_id": 0,
      "polygon": [
        [
          125.3583984375,
          69.85107421875
        ],
        [
          478.5743103027344,
          69.85107421875
        ],
        [
          478.5743103027344,
          117.03753662109375
        ],
        [
          125.3583984375,
          117.03753662109375
        ]
      ]
    },
    {
      "title": "\u0938\u093e\u093f\u0927\u092d\u0942\u0924\u093e\u093f\u0927\u0926\u0948\u0935\u0902 \u092e \u0938\u093e\u093f\u0927\u092f\u0902 \u091a \u092f\u0947 \u093f\u0935\u0926:\n\u0941 \u0964\n\u092f\u093e\u0923\u0915\u093e\u0932\u0947\u093d\u093f\u092a \u091a \u092e \u0924\u0947 \u093f\u0935\u0926\u092f\n\u0941\n\u0941\n\u0924\u091a\u0947\u0924\u0938:\u0965\u0969\u0966\u0965",
      "heading_level": null,
      "page_id": 0,
      "polygon": [
        [
          125.6572265625,
          323.296875
        ],
        [
          443.9346008300781,
          323.296875
        ],
        [
          443.9346008300781,
          370.5375671386719
        ],
        [
          125.6572265625,
          370.5375671386719
        ]
      ]
    },
    {
      "title": "FOOTNOTES AND REFERENCES",
      "heading_level": null,
      "page_id": 0,
      "polygon": [
        [
          186.767578125,
          590.90625
        ],
        [
          427.143310546875,
          590.90625
        ],
        [
          427.143310546875,
          609.46875
        ],
        [
          186.767578125,
          609.46875
        ]
      ]
    }
  ],
  "page_stats": [
    {
      "page_id": 0,
      "text_extraction_method": "pdftext",
      "block_counts": [
        [
          "Span",
          166
        ],
        [
          "Line",
          36
        ],
        [
          "Text",
          4
        ],
        [
          "SectionHeader",
          3
        ],
        [
          "Footnote",
          1
        ]
      ],
      "block_metadata": {
        "llm_request_count": 0,
        "llm_error_count": 0,
        "llm_tokens_used": 0
      }
    }
  ],
  "debug_data_path": "debug_data/page-270"
}