{
  "table_of_contents": [
    {
      "title": "How?",
      "heading_level": null,
      "page_id": 0,
      "polygon": [
        [
          98.98681640625,
          231.451171875
        ],
        [
          140.61219787597656,
          231.451171875
        ],
        [
          140.61219787597656,
          248.466796875
        ],
        [
          98.98681640625,
          248.466796875
        ]
      ]
    },
    {
      "title": "Objections: How?",
      "heading_level": null,
      "page_id": 0,
      "polygon": [
        [
          99.43505859375,
          639.24609375
        ],
        [
          219.78546142578125,
          639.24609375
        ],
        [
          219.78546142578125,
          656.26171875
        ],
        [
          99.43505859375,
          656.26171875
        ]
      ]
    }
  ],
  "page_stats": [
    {
      "page_id": 0,
      "text_extraction_method": "pdftext",
      "block_counts": [
        [
          "Span",
          99
        ],
        [
          "Line",
          33
        ],
        [
          "Text",
          6
        ],
        [
          "SectionHeader",
          2
        ]
      ],
      "block_metadata": {
        "llm_request_count": 0,
        "llm_error_count": 0,
        "llm_tokens_used": 0
      }
    }
  ],
  "debug_data_path": "debug_data/page-112"
}