{
  "table_of_contents": [
    {
      "title": "\u092f\u092f\u093e \u0927\u092e\u092e\u0927\u092e\u0902 \u091a \u0915\u093e\u092f\u0902 \u091a\u093e\u0915\u093e\u092f\u092e\u0947\u0935 \u091a\u0964\n\u0905\u092f\u0925\u093e\u0935\u091c\u093e\u0928\u093e\u093f\u0924 \u092c\u0941\u093f: \u0938\u093e \u092a\u093e\u0925 \u0930\u093e\u091c\u0938\u0940\u0965\u0969\u0967\u0965",
      "heading_level": null,
      "page_id": 0,
      "polygon": [
        [
          126.10546875,
          394.259765625
        ],
        [
          452.8452453613281,
          394.259765625
        ],
        [
          452.8452453613281,
          440.2045593261719
        ],
        [
          126.10546875,
          440.2045593261719
        ]
      ]
    }
  ],
  "page_stats": [
    {
      "page_id": 0,
      "text_extraction_method": "pdftext",
      "block_counts": [
        [
          "Span",
          158
        ],
        [
          "Line",
          31
        ],
        [
          "Text",
          5
        ],
        [
          "SectionHeader",
          1
        ]
      ],
      "block_metadata": {
        "llm_request_count": 0,
        "llm_error_count": 0,
        "llm_tokens_used": 0
      }
    }
  ],
  "debug_data_path": "debug_data/page-538"
}