{
  "table_of_contents": [
    {
      "title": "ON PRACTICE",
      "heading_level": null,
      "page_id": 0,
      "polygon": [
        [
          215.81863979848868,
          67.47996438112199
        ],
        [
          352.95340050377837,
          67.47996438112199
        ],
        [
          352.95340050377837,
          80.4278564453125
        ],
        [
          215.81863979848868,
          80.4278564453125
        ]
      ]
    }
  ],
  "page_stats": [
    {
      "page_id": 0,
      "text_extraction_method": "surya",
      "block_counts": [
        [
          "Line",
          31
        ],
        [
          "Span",
          31
        ],
        [
          "Text",
          8
        ],
        [
          "SectionHeader",
          1
        ],
        [
          "PageHeader",
          1
        ]
      ],
      "block_metadata": {
        "llm_request_count": 0,
        "llm_error_count": 0,
        "llm_tokens_used": 0
      }
    }
  ],
  "debug_data_path": "debug_data/page-155"
}