{
  "table_of_contents": [
    {
      "title": "\u0905\u0936\u093e\u093f\u0935\u093f\u0939\u0924\u0902 \u0918\u094b\u0930\u0902 \u0924\u092f\u0924\u0947 \u092f\u0947 \u0924\u092a\u094b \u091c\u0928\u093e:\u0964\n\u0926\u092d\u093e\u0939\u093e\u0930\u0938\u0902\u092f\u0941\u0924\u093e: \u0915\u093e\u092e\u0930\u093e\u0917\u092c\u0932\u093e\u093f\u0935\u0924\u093e:\u0965\u096b\u0965",
      "heading_level": null,
      "page_id": 0,
      "polygon": [
        [
          125.6572265625,
          169.8662109375
        ],
        [
          422.1327819824219,
          169.8662109375
        ],
        [
          422.1327819824219,
          216.70477294921875
        ],
        [
          125.6572265625,
          216.70477294921875
        ]
      ]
    },
    {
      "title": "\u0915\u0936\u092f\u0924: \u0936\u0930\u0940\u0930\u0925\u0902 \u092d\u0942\u0924\u093e\u092e\u092e\u091a\u0947\u0924\u0938:\u0964\n\u092e \u091a\u0948\u0935\u093e\u0924:\u0936\u0930\u0940\u0930\u0925\u0902 \u0924\u093e\u093f\u0935\u092f\u093e\u0938\u0941\u0930\u093f\u0928\u092f\u093e\u0928\u094d\u0965\u096c\u0965",
      "heading_level": null,
      "page_id": 0,
      "polygon": [
        [
          123.8642578125,
          425.00390625
        ],
        [
          448.32373046875,
          425.00390625
        ],
        [
          448.32373046875,
          471.41015625
        ],
        [
          123.8642578125,
          471.41015625
        ]
      ]
    }
  ],
  "page_stats": [
    {
      "page_id": 0,
      "text_extraction_method": "pdftext",
      "block_counts": [
        [
          "Span",
          138
        ],
        [
          "Line",
          31
        ],
        [
          "Text",
          6
        ],
        [
          "SectionHeader",
          2
        ]
      ],
      "block_metadata": {
        "llm_request_count": 0,
        "llm_error_count": 0,
        "llm_tokens_used": 0
      }
    }
  ],
  "debug_data_path": "debug_data/page-498"
}