{
  "table_of_contents": [
    {
      "title": "ON CONCENTRATION 31",
      "heading_level": null,
      "page_id": 0,
      "polygon": [
        [
          223.89999389648438,
          76.27915527299047
        ],
        [
          538.4649658203125,
          76.27915527299047
        ],
        [
          538.4649658203125,
          90.3978271484375
        ],
        [
          223.89999389648438,
          90.3978271484375
        ]
      ]
    },
    {
      "title": "facrcrat 11 <= 11",
      "heading_level": null,
      "page_id": 0,
      "polygon": [
        [
          96.95000457763672,
          105.35532714799047
        ],
        [
          348.6383361816406,
          105.35532714799047
        ],
        [
          348.6383361816406,
          121.798095703125
        ],
        [
          96.95000457763672,
          121.798095703125
        ]
      ]
    },
    {
      "title": "Viparyaya Or Illusion Is Wrong Knowledge Formed\nOf A Thing As Other Than What It Is. &.",
      "heading_level": null,
      "page_id": 0,
      "polygon": [
        [
          98.9000015258789,
          247.99039794877172
        ],
        [
          504.9365234375,
          247.99039794877172
        ],
        [
          504.9365234375,
          283.42380859330297
        ],
        [
          98.9000015258789,
          283.42380859330297
        ]
      ]
    }
  ],
  "page_stats": [
    {
      "page_id": 0,
      "text_extraction_method": "pdftext",
      "block_counts": [
        [
          "Span",
          593
        ],
        [
          "Line",
          36
        ],
        [
          "Text",
          4
        ],
        [
          "SectionHeader",
          3
        ],
        [
          "PageHeader",
          1
        ]
      ],
      "block_metadata": {
        "llm_request_count": 0,
        "llm_error_count": 0,
        "llm_tokens_used": 0
      }
    }
  ],
  "debug_data_path": "debug_data/page-053"
}