{
  "table_of_contents": [
    {
      "title": "YOGA PHILOSOPHY OF PATA\u00d1JALI",
      "heading_level": null,
      "page_id": 0,
      "polygon": [
        [
          179.84886649874056,
          68.22974176313446
        ],
        [
          421.2646484375,
          68.97951914514692
        ],
        [
          421.2646484375,
          80.9417724609375
        ],
        [
          179.84886649874056,
          80.9417724609375
        ]
      ]
    }
  ],
  "page_stats": [
    {
      "page_id": 0,
      "text_extraction_method": "surya",
      "block_counts": [
        [
          "Line",
          34
        ],
        [
          "Span",
          34
        ],
        [
          "Text",
          5
        ],
        [
          "SectionHeader",
          1
        ]
      ],
      "block_metadata": {
        "llm_request_count": 0,
        "llm_error_count": 0,
        "llm_tokens_used": 0
      }
    }
  ],
  "debug_data_path": "debug_data/page-336"
}