{
  "table_of_contents": [
    {
      "title": "Objection: How?",
      "heading_level": null,
      "page_id": 0,
      "polygon": [
        [
          99.49219512939453,
          636.92578125
        ],
        [
          212.28549194335938,
          636.92578125
        ],
        [
          212.28549194335938,
          653.16796875
        ],
        [
          99.49219512939453,
          653.16796875
        ]
      ]
    }
  ],
  "page_stats": [
    {
      "page_id": 0,
      "text_extraction_method": "pdftext",
      "block_counts": [
        [
          "Span",
          99
        ],
        [
          "Line",
          32
        ],
        [
          "Text",
          9
        ],
        [
          "SectionHeader",
          1
        ]
      ],
      "block_metadata": {
        "llm_request_count": 0,
        "llm_error_count": 0,
        "llm_tokens_used": 0
      }
    }
  ],
  "debug_data_path": "debug_data/page-549"
}