{
  "table_of_contents": [
    {
      "title": "\u0928\u093e\u092f\u0924\u0924\u0941 \u092f\u094b\u0917\u094b\u093d\u093f\u0924 \u0928 \u091a\u0948\u0915\u093e\u0924\u092e\u0928\u0924:\u0964\n\u0928 \u091a\u093e\u093f\u0924\u0935\u0936\u0940\u0932\u092f \u091c\u093e\u0924\u094b \u0928\u0935\u0948 \u091a\u093e\u091c\u0941\n\u0928\u0965\u0967\u096c\u0965",
      "heading_level": null,
      "page_id": 0,
      "polygon": [
        [
          123.2666015625,
          177.2138671875
        ],
        [
          442.6292419433594,
          177.2138671875
        ],
        [
          442.6292419433594,
          224.296875
        ],
        [
          123.2666015625,
          224.296875
        ]
      ]
    },
    {
      "title": "\u092f\u0941\u0924\u093e\u0939\u093e\u0930\u093f\u0935\u0939\u093e\u0930\u092f \u092f\u0941\u0924\u091a\u0947\u092f \u0915\u092e\u0938\u0941\u0964\n\u092f\u0941\u0924\u0935\u093e\u0935\u092c\u094b\u0927\u092f \u092f\u094b\u0917\u094b \u092d\u0935\u093f\u0924 \u0926:\n\u0941\n\u0916\u0939\u093e\u0965\u0967\u096d\u0965",
      "heading_level": null,
      "page_id": 0,
      "polygon": [
        [
          127.599609375,
          625.7109375
        ],
        [
          437.8337097167969,
          625.7109375
        ],
        [
          437.8337097167969,
          673.6640625
        ],
        [
          127.599609375,
          673.6640625
        ]
      ]
    }
  ],
  "page_stats": [
    {
      "page_id": 0,
      "text_extraction_method": "pdftext",
      "block_counts": [
        [
          "Span",
          126
        ],
        [
          "Line",
          34
        ],
        [
          "Text",
          7
        ],
        [
          "SectionHeader",
          2
        ]
      ],
      "block_metadata": {
        "llm_request_count": 0,
        "llm_error_count": 0,
        "llm_tokens_used": 0
      }
    }
  ],
  "debug_data_path": "debug_data/page-235"
}