{
  "table_of_contents": [
    {
      "title": "YOGA PHILOSOPHY OF PATANJALI",
      "heading_level": null,
      "page_id": 0,
      "polygon": [
        [
          200.899658203125,
          71.9786286731968
        ],
        [
          444.5068359375,
          72.72840605520926
        ],
        [
          444.5068359375,
          84.9503173828125
        ],
        [
          200.899658203125,
          84.9503173828125
        ]
      ]
    },
    {
      "title": "\u0915\u094d\u0930\u092e\u093e\u0928\u094d\u092f\u0924\u094d\u0935\u0902 \u092a\u0930\u093f\u0923\u093e\u092e\u093e\u0928\u094d\u092f\u0924\u094d\u0935\u0947 \u0939\u0947\u0924\u0941\u0903 \u0965 \u0967\u096b \u0965",
      "heading_level": null,
      "page_id": 0,
      "polygon": [
        [
          101.16498740554157,
          171.69902048085484
        ],
        [
          347.470703125,
          171.69902048085484
        ],
        [
          347.470703125,
          187.990478515625
        ],
        [
          101.16498740554157,
          187.990478515625
        ]
      ]
    },
    {
      "title": "Change Of Sequence (Of Characteristics) Is The Cause\nOf Mutative Differences, 15.",
      "heading_level": null,
      "page_id": 0,
      "polygon": [
        [
          98.91687657430731,
          533.0917186108637
        ],
        [
          519.75341796875,
          533.0917186108637
        ],
        [
          519.75341796875,
          563.6630859375
        ],
        [
          98.91687657430731,
          563.6630859375
        ]
      ]
    }
  ],
  "page_stats": [
    {
      "page_id": 0,
      "text_extraction_method": "surya",
      "block_counts": [
        [
          "Line",
          32
        ],
        [
          "Span",
          32
        ],
        [
          "Text",
          5
        ],
        [
          "SectionHeader",
          3
        ],
        [
          "PageHeader",
          1
        ]
      ],
      "block_metadata": {
        "llm_request_count": 0,
        "llm_error_count": 0,
        "llm_tokens_used": 0
      }
    }
  ],
  "debug_data_path": "debug_data/page-330"
}