{
  "table_of_contents": [
    {
      "title": "ON CONCENTRATION 2\\",
      "heading_level": null,
      "page_id": 0,
      "polygon": [
        [
          222.5439453125,
          79.19834472611547
        ],
        [
          532.30859375,
          79.19834472611547
        ],
        [
          532.30859375,
          93.87174560502172
        ],
        [
          222.5439453125,
          93.87174560502172
        ]
      ]
    }
  ],
  "page_stats": [
    {
      "page_id": 0,
      "text_extraction_method": "pdftext",
      "block_counts": [
        [
          "Span",
          760
        ],
        [
          "Line",
          41
        ],
        [
          "Text",
          4
        ],
        [
          "SectionHeader",
          1
        ]
      ],
      "block_metadata": {
        "llm_request_count": 0,
        "llm_error_count": 0,
        "llm_tokens_used": 0
      }
    }
  ],
  "debug_data_path": "debug_data/page-043"
}