{
  "table_of_contents": [
    {
      "title": "\u093f\u0928\u0930\u093e\u0936\u0940\u092f\u0924\u093f\u091a\u093e\u092e\u093e \u092f\u0924\u0938\u0935\u092a\u093f\u0930\u0939:\u0964\n\u0936\u093e\u0930\u0940\u0930\u0902 \u0915\u0947 \u0935\u0932\u0902 \u0915\u092e \u0915\u0941 \u0935\u093e\u094b\u093f\u0924 \u093f\u0915\u093f\u092c\u0937\u092e\u094d\u0965\u0968\u0967\u0965",
      "heading_level": null,
      "page_id": 0,
      "polygon": [
        [
          123.2666015625,
          570.41015625
        ],
        [
          448.62640380859375,
          570.41015625
        ],
        [
          448.62640380859375,
          617.4311218261719
        ],
        [
          123.2666015625,
          617.4311218261719
        ]
      ]
    }
  ],
  "page_stats": [
    {
      "page_id": 0,
      "text_extraction_method": "pdftext",
      "block_counts": [
        [
          "Span",
          111
        ],
        [
          "Line",
          31
        ],
        [
          "Text",
          5
        ],
        [
          "SectionHeader",
          1
        ]
      ],
      "block_metadata": {
        "llm_request_count": 0,
        "llm_error_count": 0,
        "llm_tokens_used": 0
      }
    }
  ],
  "debug_data_path": "debug_data/page-169"
}