{
  "table_of_contents": [
    {
      "title": "\u0938\u0902\u092f\u093e\u0938\u0924\u0941 \u092e\u0939\u093e\u092c\u093e\u0939\u094b \u0926:\n\u0941\n\u0916\u092e\u093e\u0924\u0941\u092e\u092f\u094b\u0917\u0924:\u0964\n\u092f\u094b\u0917\u092f\u0941\u0924\u094b \u092e\u0941\u093f\u0928 \u0928\u093f\u091a\u0930\u0947\u0923\u093e\u093f\u0927\u0917\u091b\u093f\u0924\u0965\u096c\u0965",
      "heading_level": null,
      "page_id": 0,
      "polygon": [
        [
          124.4619140625,
          435.05859375
        ],
        [
          410.01385498046875,
          435.05859375
        ],
        [
          410.01385498046875,
          481.46484375
        ],
        [
          124.4619140625,
          481.46484375
        ]
      ]
    }
  ],
  "page_stats": [
    {
      "page_id": 0,
      "text_extraction_method": "pdftext",
      "block_counts": [
        [
          "Span",
          115
        ],
        [
          "Line",
          34
        ],
        [
          "Text",
          7
        ],
        [
          "SectionHeader",
          1
        ]
      ],
      "block_metadata": {
        "llm_request_count": 0,
        "llm_error_count": 0,
        "llm_tokens_used": 0
      }
    }
  ],
  "debug_data_path": "debug_data/page-202"
}