{
  "table_of_contents": [
    {
      "title": "\u0927\u0943\n\u092f\u093e \u092f\u092f\u093e \u0927\u093e\u0930\u092f\u0924\u0947 \u092e\u0928:\u093e\u0923\u0947\u093f\u092f\u093f\u092f\u093e:\u0964\n\u092f\u094b\u0917\u0947\u0928\u093e\u092f\u093f\u092d\u091a\u093e\u093f\u0930\u092f\u093e \u0927\u0943\u093f\u0924: \u0938\u093e \u092a\u093e\u0925 \u0938\u093e\u093f\u0935\u0915\u0940\u0965\u0969\u0969\u0965",
      "heading_level": null,
      "page_id": 0,
      "polygon": [
        [
          126.703125,
          249.240234375
        ],
        [
          479.9480285644531,
          249.240234375
        ],
        [
          479.9480285644531,
          296.2045593261719
        ],
        [
          126.703125,
          296.2045593261719
        ]
      ]
    },
    {
      "title": "\u092f\u092f\u093e \u0924\u0941 \u0927\u092e\u0915\u093e\u092e\u093e\u0925\u0928\u094d \u0927\u0943\n\u092f\u093e \u0927\u093e\u0930\u092f\u0924\u0947\n\u093d\u091c\u0941\n\u0928\u0964\n\u0938\u0947\u0928 \u092b\u0932\u093e\u0915\u0940 \u0927\u0943\u093f\u0924: \u0938\u093e \u092a\u093e\u0925 \u0930\u093e\u091c\u0938\u0940\u0965\u0969\u096a\u0965",
      "heading_level": null,
      "page_id": 0,
      "polygon": [
        [
          126.703125,
          618.36328125
        ],
        [
          459.90179443359375,
          618.36328125
        ],
        [
          459.90179443359375,
          665.2045516967773
        ],
        [
          126.703125,
          665.2045516967773
        ]
      ]
    }
  ],
  "page_stats": [
    {
      "page_id": 0,
      "text_extraction_method": "pdftext",
      "block_counts": [
        [
          "Span",
          166
        ],
        [
          "Line",
          35
        ],
        [
          "Text",
          6
        ],
        [
          "SectionHeader",
          2
        ]
      ],
      "block_metadata": {
        "llm_request_count": 0,
        "llm_error_count": 0,
        "llm_tokens_used": 0
      }
    }
  ],
  "debug_data_path": "debug_data/page-539"
}