{
  "table_of_contents": [
    {
      "title": "SUPERNORMAL POWERS 341",
      "heading_level": null,
      "page_id": 0,
      "polygon": [
        [
          205.693359375,
          73.01401855424047
        ],
        [
          531.0999755859375,
          73.01401855424047
        ],
        [
          531.0999755859375,
          87.36572265625
        ],
        [
          205.693359375,
          87.36572265625
        ]
      ]
    }
  ],
  "page_stats": [
    {
      "page_id": 0,
      "text_extraction_method": "pdftext",
      "block_counts": [
        [
          "Span",
          510
        ],
        [
          "Line",
          34
        ],
        [
          "Text",
          5
        ],
        [
          "SectionHeader",
          1
        ],
        [
          "PageHeader",
          1
        ]
      ],
      "block_metadata": {
        "llm_request_count": 0,
        "llm_error_count": 0,
        "llm_tokens_used": 0
      }
    }
  ],
  "debug_data_path": "debug_data/page-363"
}