{
  "table_of_contents": [
    {
      "title": "\u0915\u0943 \u0924\u0947\n: \u093f\u092f\u092e\u093e\u0923\u093e\u093f\u0928 \u0917\u0941\u0923\u0948\n: \u0915\u092e\u093f\u0923 \u0938\u0935\u0936:\u0964\n\u0905\u0939\u093e\u0930\u093f\u0935\u092e\u0942\u0922\u093e\u092e\u093e \u0915\u0924\u0939\u093f\u092e\u093f\u0924 \u092e\u092f\u0924\u0947\u0965\u0968\u096d\u0965",
      "heading_level": null,
      "page_id": 0,
      "polygon": [
        [
          127.599609375,
          231.64453125
        ],
        [
          414.0056457519531,
          231.64453125
        ],
        [
          414.0056457519531,
          278.20452880859375
        ],
        [
          127.599609375,
          278.20452880859375
        ]
      ]
    },
    {
      "title": "\u0924\u0935\u093f\u0935\n\u0941 \u092e\u0939\u093e\u092c\u093e\u0939\u094b \u0917\u0941\u0923\u0915\u092e\u093f\u0935\u092d\u093e\u0917\u092f\u094b:\u0964\n\u0917\u0941\u0923\u093e \u0917\u0941\u0923\u0947\u0937\u0941 \u0935\u0924\u0924 \u0907\u093f\u0924 \u092e\u0935\u093e \u0928 \u0938\u091c\u0924\u0947\u0965\u0968\u096e\u0965",
      "heading_level": null,
      "page_id": 0,
      "polygon": [
        [
          125.5078125,
          617.9765625
        ],
        [
          448.247314453125,
          617.9765625
        ],
        [
          448.247314453125,
          665.9296875
        ],
        [
          125.5078125,
          665.9296875
        ]
      ]
    }
  ],
  "page_stats": [
    {
      "page_id": 0,
      "text_extraction_method": "pdftext",
      "block_counts": [
        [
          "Span",
          155
        ],
        [
          "Line",
          34
        ],
        [
          "Text",
          6
        ],
        [
          "SectionHeader",
          2
        ]
      ],
      "block_metadata": {
        "llm_request_count": 0,
        "llm_error_count": 0,
        "llm_tokens_used": 0
      }
    }
  ],
  "debug_data_path": "debug_data/page-134"
}