{
  "table_of_contents": [
    {
      "title": "ON PRACTICE 193",
      "heading_level": null,
      "page_id": 0,
      "polygon": [
        [
          245.931396484375,
          71.37583496049047
        ],
        [
          534.0357055664062,
          71.37583496049047
        ],
        [
          534.0357055664062,
          85.9267578125
        ],
        [
          245.931396484375,
          85.9267578125
        ]
      ]
    }
  ],
  "page_stats": [
    {
      "page_id": 0,
      "text_extraction_method": "pdftext",
      "block_counts": [
        [
          "Span",
          806
        ],
        [
          "Line",
          42
        ],
        [
          "Text",
          4
        ],
        [
          "SectionHeader",
          1
        ],
        [
          "TextInlineMath",
          1
        ],
        [
          "PageHeader",
          1
        ]
      ],
      "block_metadata": {
        "llm_request_count": 0,
        "llm_error_count": 0,
        "llm_tokens_used": 0
      }
    }
  ],
  "debug_data_path": "debug_data/page-215"
}