{
  "table_of_contents": [
    {
      "title": "\u0928 \u0947\u092f\u0915\u0941 \u0936\u0932\u0902 \u0915\u092e \u0915\u0941 \u0936\u0932\u0947 \u0928\u093e\u0928\u0941\u0937\u091c\u0924\u0947\u0964\n\u092f\u093e\u0917\u0940 \u0938\u0935\u0938\u092e\u093e\u093f\u0935\u094b \u092e\u0947\u0927\u093e\u0935\u0940 \u093f\u091b\u0938\u0902\u0936\u092f:\u0965\u0967\u0966\u0965",
      "heading_level": null,
      "page_id": 0,
      "polygon": [
        [
          126.8525390625,
          544.11328125
        ],
        [
          451.80474853515625,
          544.11328125
        ],
        [
          451.80474853515625,
          591.7045593261719
        ],
        [
          126.8525390625,
          591.7045593261719
        ]
      ]
    }
  ],
  "page_stats": [
    {
      "page_id": 0,
      "text_extraction_method": "pdftext",
      "block_counts": [
        [
          "Span",
          139
        ],
        [
          "Line",
          33
        ],
        [
          "Text",
          5
        ],
        [
          "SectionHeader",
          1
        ]
      ],
      "block_metadata": {
        "llm_request_count": 0,
        "llm_error_count": 0,
        "llm_tokens_used": 0
      }
    }
  ],
  "debug_data_path": "debug_data/page-521"
}