{
  "table_of_contents": [
    {
      "title": "YOGA PHILOSOPHY OF PATA\u00d1IALI",
      "heading_level": null,
      "page_id": 0,
      "polygon": [
        [
          196.33501259445845,
          67.47996438112199
        ],
        [
          438.115234375,
          67.47996438112199
        ],
        [
          438.115234375,
          81.1473388671875
        ],
        [
          196.33501259445845,
          81.1473388671875
        ]
      ]
    },
    {
      "title": "\u092d\u093e\u0937\u094d\u092f\u092e\u094d \u0964- \u0938\u0902\u092f\u094b\u0917\u0938\u094d\u0935\u0930\u0942\u092a\u093e\u093d\u092d\u093f\u0927\u093f\u0924\u094d\u0938\u092f\u0947\u091f \u0938\u094d\u0928\u094d\u0928\u0902 \u092a\u094d\u0930\u0935\u0939\u0924\u0947-\n\u0916\u094d\u0935\u0938\u094d\u0924\u093e\u092e\u093f\u0936\u0924\u094d\u0924\u094d\u092f\u094b: \u0938\u094d\u0935\u0930\u0942\u092a\u094b\u092a\u0932\u092c\u094d\u0927\u093f\u0939\u0947\u0924\u0941\u0903 \u0938\u0902\u092f\u094b\u0917\u0903 \u0965 \u0968\u0969 \u0965",
      "heading_level": null,
      "page_id": 0,
      "polygon": [
        [
          97.762451171875,
          203.18967052537843
        ],
        [
          406.1572265625,
          203.18967052537843
        ],
        [
          406.1572265625,
          244.212890625
        ],
        [
          97.762451171875,
          244.212890625
        ]
      ]
    }
  ],
  "page_stats": [
    {
      "page_id": 0,
      "text_extraction_method": "surya",
      "block_counts": [
        [
          "Line",
          30
        ],
        [
          "Span",
          30
        ],
        [
          "Text",
          5
        ],
        [
          "SectionHeader",
          2
        ]
      ],
      "block_metadata": {
        "llm_request_count": 0,
        "llm_error_count": 0,
        "llm_tokens_used": 0
      }
    }
  ],
  "debug_data_path": "debug_data/page-234"
}