{
  "table_of_contents": [
    {
      "title": "\u092e \u091a \u092f\u094b\u093d\u092f\u093f\u092d\u091a\u093e\u0930\u0947\u0923 \u092d\u093f\u0924\u092f\u094b\u0917\u0947\u0928 \u0938\u0947\u0935\u0924\u0947\u0964\n\u0938 \u0917\u0941\u0923\u093e\u0938\u092e\u0924\u0940\u092f\u0948\u0924\u093e\u0928\u094d \u092d\u0942\u092f\u093e\u092f \u0915\u092a\u0924\u0947\u0965\u0968\u096c\u0965",
      "heading_level": null,
      "page_id": 0,
      "polygon": [
        [
          124.3125,
          160.0048828125
        ],
        [
          441.966796875,
          160.0048828125
        ],
        [
          441.966796875,
          208.44140625
        ],
        [
          124.3125,
          208.44140625
        ]
      ]
    },
    {
      "title": "\u0923\u094b \u093f\u0939 \u093f\u0924\u093e\u0939\u092e\u092e\u0943\u0924\u092f\u093e\u092f\u092f\u092f \u091a\u0964\n\u0936\u093e\u0924\u092f \u091a \u0927\u092e\u092f \u0938\u0941\u0916\u092f\u0948\u0915\u093e\u093f\u0924\u0915\u092f \u091a\u0965\u0968\u096d\u0965",
      "heading_level": null,
      "page_id": 0,
      "polygon": [
        [
          126.10546875,
          459.421875
        ],
        [
          470.00433349609375,
          459.421875
        ],
        [
          470.00433349609375,
          503.5078125
        ],
        [
          126.10546875,
          503.5078125
        ]
      ]
    }
  ],
  "page_stats": [
    {
      "page_id": 0,
      "text_extraction_method": "pdftext",
      "block_counts": [
        [
          "Span",
          153
        ],
        [
          "Line",
          30
        ],
        [
          "Text",
          7
        ],
        [
          "SectionHeader",
          2
        ]
      ],
      "block_metadata": {
        "llm_request_count": 0,
        "llm_error_count": 0,
        "llm_tokens_used": 0
      }
    }
  ],
  "debug_data_path": "debug_data/page-458"
}