{
  "table_of_contents": [
    {
      "title": "\u093f\u0915\u0930\u0940\u093f\u091f\u0928\u0902 \u0917\u093f\u0926\u0928\u0902 \u091a\u0939\u0924-\n\u093f\u092e\u091b\u093e\u093f\u092e \u0935 \u0941\u092e\u0939\u0902 \u0924\u0925\u0948\u0935\u0964\n\u0924\u0947\u0928\u0935\u0948 \u092a\u0947\u0923 \u091a\u0924\u0941\u092d\u0941\n\u091c\u0947\u0928\n\u0938\u0939\u092c\u093e\u0939\u094b \u092d\u0935 \u093f\u0935\u092e\u0942\u0924\u0965\u096a\u096c\u0965",
      "heading_level": null,
      "page_id": 0,
      "polygon": [
        [
          126.5537109375,
          433.125
        ],
        [
          333.0346374511719,
          433.125
        ],
        [
          333.0346374511719,
          524.2045593261719
        ],
        [
          126.5537109375,
          524.2045593261719
        ]
      ]
    }
  ],
  "page_stats": [
    {
      "page_id": 0,
      "text_extraction_method": "pdftext",
      "block_counts": [
        [
          "Span",
          185
        ],
        [
          "Line",
          36
        ],
        [
          "Text",
          5
        ],
        [
          "Picture",
          1
        ],
        [
          "SectionHeader",
          1
        ]
      ],
      "block_metadata": {
        "llm_request_count": 0,
        "llm_error_count": 0,
        "llm_tokens_used": 0
      }
    }
  ],
  "debug_data_path": "debug_data/page-364"
}