{
  "table_of_contents": [
    {
      "title": "\u0926\u0948\u0935\u094b \u093f\u0935\u0924\u0930\u0936: \u094b\u0924 \u0906\u0938\u0941\u0930\u0902 \u092a\u093e\u0925 \u092e\u0947 \u0936\u0943\u0923\u0941\u0965\u096c\u0965",
      "heading_level": null,
      "page_id": 0,
      "polygon": [
        [
          125.3583984375,
          68.3525390625
        ],
        [
          446.5075378417969,
          68.3525390625
        ],
        [
          446.5075378417969,
          93.97265625
        ],
        [
          125.3583984375,
          93.97265625
        ]
      ]
    },
    {
      "title": "\u0935\u0943\u093f\u0902 \u091a \u093f\u0928\u0935\u0943\u093f\u0902 \u091a \u091c\u0928\u093e \u0928 \u093f\u0935\u0926\u0930\n\u0941\n\u093e\u0938\u0941\u0930\u093e:\u0964\n\u0928 \u0936\u094c\u091a\u0902 \u0928\u093e\u093f\u092a \u091a\u093e\u091a\u093e\u0930\u094b \u0928 \u0938\u092f\u0902 \u0924\u0947\u0937\u0941 \u093f\u0935\u0924\u0947\u0965\u096d\u0965",
      "heading_level": null,
      "page_id": 0,
      "polygon": [
        [
          123.71484375,
          550.6875
        ],
        [
          449.9696960449219,
          550.6875
        ],
        [
          449.9696960449219,
          596.3203125
        ],
        [
          123.71484375,
          596.3203125
        ]
      ]
    }
  ],
  "page_stats": [
    {
      "page_id": 0,
      "text_extraction_method": "pdftext",
      "block_counts": [
        [
          "Span",
          146
        ],
        [
          "Line",
          33
        ],
        [
          "Text",
          6
        ],
        [
          "SectionHeader",
          2
        ]
      ],
      "block_metadata": {
        "llm_request_count": 0,
        "llm_error_count": 0,
        "llm_tokens_used": 0
      }
    }
  ],
  "debug_data_path": "debug_data/page-484"
}