{
  "table_of_contents": [
    {
      "title": "Sl.'PI-Hi\\OKMAL POWERS 333",
      "heading_level": null,
      "page_id": 0,
      "polygon": [
        [
          209.324951171875,
          67.20341064408422
        ],
        [
          534.9500122070312,
          67.20341064408422
        ],
        [
          534.9500122070312,
          82.02099609375
        ],
        [
          209.324951171875,
          82.02099609375
        ]
      ]
    }
  ],
  "page_stats": [
    {
      "page_id": 0,
      "text_extraction_method": "pdftext",
      "block_counts": [
        [
          "Span",
          587
        ],
        [
          "Line",
          35
        ],
        [
          "Text",
          5
        ],
        [
          "SectionHeader",
          1
        ],
        [
          "TextInlineMath",
          1
        ]
      ],
      "block_metadata": {
        "llm_request_count": 0,
        "llm_error_count": 0,
        "llm_tokens_used": 0
      }
    }
  ],
  "debug_data_path": "debug_data/page-355"
}