{
  "table_of_contents": [
    {
      "title": "\u093e\u093f\u0935\u092e\u094c \u092a\u0941\u0937\u094c \u0932\u094b\u0915\u0947\n\u0930\u093e\u0930 \u090f\u0935 \u091a\u0964\n\u0930: \u0938\u0935\u093f\u0923 \u092d\u0942\u0924\u093e\u093f\u0928 \u0915\u0942\n\u091f\u0925\u094b\u093d\u0930 \u0909\u092f\u0924\u0947\u0965\u0967\u096c\u0965",
      "heading_level": null,
      "page_id": 0,
      "polygon": [
        [
          123.2666015625,
          578.91796875
        ],
        [
          451.27496337890625,
          578.91796875
        ],
        [
          451.27496337890625,
          625.32421875
        ],
        [
          123.2666015625,
          625.32421875
        ]
      ]
    }
  ],
  "page_stats": [
    {
      "page_id": 0,
      "text_extraction_method": "pdftext",
      "block_counts": [
        [
          "Span",
          128
        ],
        [
          "Line",
          33
        ],
        [
          "Text",
          6
        ],
        [
          "SectionHeader",
          1
        ]
      ],
      "block_metadata": {
        "llm_request_count": 0,
        "llm_error_count": 0,
        "llm_tokens_used": 0
      }
    }
  ],
  "debug_data_path": "debug_data/page-474"
}