{
  "table_of_contents": [
    {
      "title": "Arjuna said:",
      "heading_level": null,
      "page_id": 0,
      "polygon": [
        [
          76.089111328125,
          324.650390625
        ],
        [
          182.8828125,
          324.650390625
        ],
        [
          182.8828125,
          345.146484375
        ],
        [
          76.089111328125,
          345.146484375
        ]
      ]
    },
    {
      "title": "\u093f\u0925\u0924\u092f \u0915\u093e \u092d\u093e\u0937\u093e \u0938\u092e\u093e\u093f\u0927\u0925\u092f \u0915\u0947 \u0936\u0935\u0964\n\u093f\u0925\u0924\u0927\u0940: \u093f\u0915\u0902 \u092d\u093e\u0937\u0947\u0924 \u093f\u0915\u092e\u093e\u0938\u0940\u0924 \u0935\u091c\u0947\u0924 \u093f\u0915\u092e\u094d\u0965\u096b\u096a\u0965",
      "heading_level": null,
      "page_id": 0,
      "polygon": [
        [
          127.74610900878906,
          356.748046875
        ],
        [
          477.004150390625,
          356.748046875
        ],
        [
          477.004150390625,
          402.7045593261719
        ],
        [
          127.74610900878906,
          402.7045593261719
        ]
      ]
    }
  ],
  "page_stats": [
    {
      "page_id": 0,
      "text_extraction_method": "pdftext",
      "block_counts": [
        [
          "Span",
          144
        ],
        [
          "Line",
          31
        ],
        [
          "Text",
          7
        ],
        [
          "SectionHeader",
          2
        ]
      ],
      "block_metadata": {
        "llm_request_count": 0,
        "llm_error_count": 0,
        "llm_tokens_used": 0
      }
    }
  ],
  "debug_data_path": "debug_data/page-084"
}