{
  "table_of_contents": [
    {
      "title": "OlN PRACTICE 165",
      "heading_level": null,
      "page_id": 0,
      "polygon": [
        [
          247.81982421875,
          67.71543456986547
        ],
        [
          535.4998779296875,
          67.71543456986547
        ],
        [
          535.4998779296875,
          85.515625
        ],
        [
          247.81982421875,
          85.515625
        ]
      ]
    }
  ],
  "page_stats": [
    {
      "page_id": 0,
      "text_extraction_method": "pdftext",
      "block_counts": [
        [
          "Span",
          754
        ],
        [
          "Line",
          37
        ],
        [
          "Text",
          5
        ],
        [
          "SectionHeader",
          1
        ],
        [
          "PageHeader",
          1
        ]
      ],
      "block_metadata": {
        "llm_request_count": 0,
        "llm_error_count": 0,
        "llm_tokens_used": 0
      }
    }
  ],
  "debug_data_path": "debug_data/page-187"
}