{
  "table_of_contents": [
    {
      "title": "\u0924\u0947\u0937 \u093f\u0928\u092f\u093e\u093f\u092d\u092f\u0941\u0924\u093e\u0928 \u092f\u094b\u0917\u0947\u092e\u0902 \u0935\u0939\u093e\u092f\u0939\u092e\u094d\u0965\u0968\u0968\u0965",
      "heading_level": null,
      "page_id": 0,
      "polygon": [
        [
          125.3583984375,
          68.98095703125
        ],
        [
          441.7967834472656,
          68.98095703125
        ],
        [
          441.7967834472656,
          93.70452880859375
        ],
        [
          125.3583984375,
          93.70452880859375
        ]
      ]
    },
    {
      "title": "\u092f\u0947\n\u093d\u092f\u092f\u0926\u0947\u0935\u0924\u093e\u092d\u0924\u093e \u092f\u091c\u0924\u0947 \u092f\u093e\u093d\u093f\u0935\u0924\u093e:\u0964",
      "heading_level": null,
      "page_id": 0,
      "polygon": [
        [
          127.07666015625,
          675.984375
        ],
        [
          417.2218017578125,
          675.984375
        ],
        [
          417.2218017578125,
          699.7045516967773
        ],
        [
          127.07666015625,
          699.7045516967773
        ]
      ]
    }
  ],
  "page_stats": [
    {
      "page_id": 0,
      "text_extraction_method": "pdftext",
      "block_counts": [
        [
          "Span",
          119
        ],
        [
          "Line",
          34
        ],
        [
          "Text",
          5
        ],
        [
          "SectionHeader",
          2
        ]
      ],
      "block_metadata": {
        "llm_request_count": 0,
        "llm_error_count": 0,
        "llm_tokens_used": 0
      }
    }
  ],
  "debug_data_path": "debug_data/page-307"
}