{
  "table_of_contents": [
    {
      "title": "\u0938\u0902\u093f\u0928\u092f\u092f\u0947\u093f\u092f\u093e\u092e\u0902 \u0938\u0935 \u0938\u092e\u092c\u0941\u092f:\u0964\n\u0924\u0947 \u0941\u0935\u093f\u0924 \u092e\u093e\u092e\u0947\u0935 \u0938\u0935\u092d\u0942\u0924\u093f\u0939\u0924\u0947 \u0930\u0924\u093e:\u0965\u096a\u0965",
      "heading_level": null,
      "page_id": 0,
      "polygon": [
        [
          127.74610900878906,
          212.501953125
        ],
        [
          402.3518371582031,
          212.501953125
        ],
        [
          402.3518371582031,
          260.841796875
        ],
        [
          127.74610900878906,
          260.841796875
        ]
      ]
    },
    {
      "title": "\u0932\u0947\u0936\u094b\u093d\u093f\u0927\u0915\u0924\u0930\u0924\u0947\u0937\u093e\u092e\u092f\u0924\u093e\u0938\u0924\u091a\u0947\u0924\u0938\u093e\u092e\u094d\u0964\n\u0905\u092f\u0924\u093e \u093f\u0939 \u0917\u093f\u0924\u0926\u0941\n\n:\u0916\u0902 \u0926\u0947\u0939\u0935\u093f\u0930\u0935\u093e\u092f\u0924\u0947\u0965\u096b\u0965",
      "heading_level": null,
      "page_id": 0,
      "polygon": [
        [
          126.2548828125,
          545.66015625
        ],
        [
          416.2001647949219,
          545.66015625
        ],
        [
          416.2001647949219,
          594.38671875
        ],
        [
          126.2548828125,
          594.38671875
        ]
      ]
    }
  ],
  "page_stats": [
    {
      "page_id": 0,
      "text_extraction_method": "pdftext",
      "block_counts": [
        [
          "Span",
          125
        ],
        [
          "Line",
          33
        ],
        [
          "Text",
          7
        ],
        [
          "SectionHeader",
          2
        ]
      ],
      "block_metadata": {
        "llm_request_count": 0,
        "llm_error_count": 0,
        "llm_tokens_used": 0
      }
    }
  ],
  "debug_data_path": "debug_data/page-375"
}