{
  "table_of_contents": [
    {
      "title": "LIST OF ABBREVIATIONS",
      "heading_level": null,
      "page_id": 0,
      "polygon": [
        [
          186.71485900878906,
          79.857421875
        ],
        [
          429.56744384765625,
          79.857421875
        ],
        [
          429.56744384765625,
          105.380859375
        ],
        [
          186.71485900878906,
          105.380859375
        ]
      ]
    }
  ],
  "page_stats": [
    {
      "page_id": 0,
      "text_extraction_method": "pdftext",
      "block_counts": [
        [
          "Span",
          119
        ],
        [
          "TableCell",
          58
        ],
        [
          "Line",
          30
        ],
        [
          "SectionHeader",
          1
        ],
        [
          "Table",
          1
        ]
      ],
      "block_metadata": {
        "llm_request_count": 0,
        "llm_error_count": 0,
        "llm_tokens_used": 0
      }
    }
  ],
  "debug_data_path": "debug_data/page-004"
}