{
  "table_of_contents": [
    {
      "title": "\u092a\u0930\u0924\u092e\u093e\n\u0941 \u092d\u093e\u0935\u094b\u093d\u092f\u094b\u093d\u092f\u0924\u094b\u093d\u092f\u0924\u093e\u0938\u0928\u093e\u0924\u0928:\u0964\n\u092f: \u0938 \u0938\u0935\u0937\u0941 \u092d\u0942\u0924\u0947\u0937\u0941 \u0928\u092f\u0938\u0941 \u0928 \u093f\u0935\u0928\u092f\u093f\u0924\u0965\u0968\u0966\u0965",
      "heading_level": null,
      "page_id": 0,
      "polygon": [
        [
          126.5537109375,
          132.5478515625
        ],
        [
          450.73779296875,
          132.5478515625
        ],
        [
          450.73779296875,
          182.6279296875
        ],
        [
          126.5537109375,
          182.6279296875
        ]
      ]
    },
    {
      "title": "\u0905\u092f\u0924\u094b\u093d\u0930 \u0907\u092f\u0941\u0924\u0924\u092e\u093e\u0939:\n\u0941\n\u092a\u0930\u092e \u0917\u093f\u0924\u092e\u094d\u0964\n\u092f\u0902 \u093e\u092f \u0928 \u093f\u0928\u0935\u0924\u0924\u0947 \u0924\u093e\u092e \u092a\u0930\u092e\u0902 \u092e\u092e\u0965\u0968\u0967\u0965",
      "heading_level": null,
      "page_id": 0,
      "polygon": [
        [
          126.8525390625,
          599.80078125
        ],
        [
          428.5615234375,
          599.80078125
        ],
        [
          428.5615234375,
          644.2055358886719
        ],
        [
          126.8525390625,
          644.2055358886719
        ]
      ]
    }
  ],
  "page_stats": [
    {
      "page_id": 0,
      "text_extraction_method": "pdftext",
      "block_counts": [
        [
          "Span",
          126
        ],
        [
          "Line",
          33
        ],
        [
          "Text",
          8
        ],
        [
          "SectionHeader",
          2
        ]
      ],
      "block_metadata": {
        "llm_request_count": 0,
        "llm_error_count": 0,
        "llm_tokens_used": 0
      }
    }
  ],
  "debug_data_path": "debug_data/page-285"
}