{
  "table_of_contents": [
    {
      "title": "ON PRACTICE",
      "heading_level": null,
      "page_id": 0,
      "polygon": [
        [
          235.3022670025189,
          78.72662511130899
        ],
        [
          353.8623046875,
          78.72662511130899
        ],
        [
          353.8623046875,
          90.7061767578125
        ],
        [
          235.3022670025189,
          90.7061767578125
        ]
      ]
    },
    {
      "title": "\u0924\u0938\u094d\u092f \u0938\u092a\u094d\u0924\u0927\u093e \u092a\u094d\u0930\u093e\u0928\u094d\u0924\u092d\u0942\u092e\u093f\u0903 \u092a\u094d\u0930\u091c\u094d\u091e\u093e \u0965 \u0968\u0966 \u0965",
      "heading_level": null,
      "page_id": 0,
      "polygon": [
        [
          101.91435768261965,
          487.3552983081033
        ],
        [
          325.390625,
          487.3552983081033
        ],
        [
          325.390625,
          502.404296875
        ],
        [
          101.91435768261965,
          502.404296875
        ]
      ]
    }
  ],
  "page_stats": [
    {
      "page_id": 0,
      "text_extraction_method": "surya",
      "block_counts": [
        [
          "Line",
          33
        ],
        [
          "Span",
          33
        ],
        [
          "Text",
          3
        ],
        [
          "SectionHeader",
          2
        ],
        [
          "PageHeader",
          1
        ]
      ],
      "block_metadata": {
        "llm_request_count": 0,
        "llm_error_count": 0,
        "llm_tokens_used": 0
      }
    }
  ],
  "debug_data_path": "debug_data/page-245"
}