{
  "table_of_contents": [
    {
      "title": "\u0915\u093f\u091a\u0926\u0947\u0924\u0941\u0924\u0902 \u092a\u093e\u0925 \u0935\u092f\u0948\u0915\u093e\u0947\u0923 \u091a\u0947\u0924\u0938\u093e\u0964\n\u0915\u093f\u091a\u0926\u093e\u0928\u0938\u0902\u092e\u094b\u0939: \u0928\u0924\u0947 \u0927\u0928\u092f\u0965\u096d\u0968\u0965",
      "heading_level": null,
      "page_id": 0,
      "polygon": [
        [
          126.10546875,
          204.1875
        ],
        [
          418.5649719238281,
          204.1875
        ],
        [
          418.5649719238281,
          252.70452880859375
        ],
        [
          126.10546875,
          252.70452880859375
        ]
      ]
    },
    {
      "title": "\u0928\u094b \u092e\u094b\u0939: \u092e\u0943\u093f\u0924\u0932\u0927\u093e \u0935\u0938\u093e\u0926\u093e\u092e\u092f\u093e\u092f\u0941\u0924\u0964\n\u093f\u0925\u0924\u094b\u093d\u093f\u092e \u0917\u0924\u0938\u0926\u0947\u0939: \u0915\u093f\u0930\u092f\u0947 \u0935\u091a\u0928\u0902 \u0924\u0935\u0965\u096d\u0969\u0965",
      "heading_level": null,
      "page_id": 0,
      "polygon": [
        [
          127.1513671875,
          512.015625
        ],
        [
          454.4344177246094,
          512.015625
        ],
        [
          454.4344177246094,
          558.7045593261719
        ],
        [
          127.1513671875,
          558.7045593261719
        ]
      ]
    }
  ],
  "page_stats": [
    {
      "page_id": 0,
      "text_extraction_method": "pdftext",
      "block_counts": [
        [
          "Span",
          116
        ],
        [
          "Line",
          30
        ],
        [
          "Text",
          6
        ],
        [
          "SectionHeader",
          2
        ]
      ],
      "block_metadata": {
        "llm_request_count": 0,
        "llm_error_count": 0,
        "llm_tokens_used": 0
      }
    }
  ],
  "debug_data_path": "debug_data/page-587"
}