{
  "table_of_contents": [
    {
      "title": "14 YOGA PHILOSOPHY OF PATA&JALI",
      "heading_level": null,
      "page_id": 0,
      "polygon": [
        [
          58.099998474121094,
          68.67612792924047
        ],
        [
          421.55517578125,
          68.67612792924047
        ],
        [
          421.55517578125,
          84.590576171875
        ],
        [
          58.099998474121094,
          84.590576171875
        ]
      ]
    },
    {
      "title": "At Other Times The Seer Appears To Aasmne The Form\nOf The Modification Of The Mind. 4.",
      "heading_level": null,
      "page_id": 0,
      "polygon": [
        [
          81.783447265625,
          94.25461914017797
        ],
        [
          521.787109375,
          94.25461914017797
        ],
        [
          521.787109375,
          131.08433105424047
        ],
        [
          81.783447265625,
          131.08433105424047
        ]
      ]
    }
  ],
  "page_stats": [
    {
      "page_id": 0,
      "text_extraction_method": "pdftext",
      "block_counts": [
        [
          "Span",
          711
        ],
        [
          "Line",
          38
        ],
        [
          "Text",
          5
        ],
        [
          "SectionHeader",
          2
        ],
        [
          "PageHeader",
          1
        ]
      ],
      "block_metadata": {
        "llm_request_count": 0,
        "llm_error_count": 0,
        "llm_tokens_used": 0
      }
    }
  ],
  "debug_data_path": "debug_data/page-036"
}