{
  "table_of_contents": [
    {
      "title": "\u092f\u0925\u093e\u0915\u093e\u0936\u093f\u0925\u0924\u094b \u093f\u0928\u092f\u0902 \u0935\u093e\u092f\u0941: \u0938\u0935\u0917\u094b \u092e\u0939\u093e\u0928\u094d\u0964\n\u0924\u0925\u093e \u0938\u0935\u093f\u0923 \u092d\u0942\u0924\u093e\u093f\u0928 \u092e\u0925\u093e\u0928\u0940\u092f\u0941\u092a\u0927\u093e\u0930\u092f\u0965\u096c\u0965",
      "heading_level": null,
      "page_id": 0,
      "polygon": [
        [
          125.88134765625,
          525.9375
        ],
        [
          429.82147216796875,
          525.9375
        ],
        [
          429.82147216796875,
          571.5703125
        ],
        [
          125.88134765625,
          571.5703125
        ]
      ]
    }
  ],
  "page_stats": [
    {
      "page_id": 0,
      "text_extraction_method": "pdftext",
      "block_counts": [
        [
          "Span",
          135
        ],
        [
          "Line",
          31
        ],
        [
          "Text",
          7
        ],
        [
          "SectionHeader",
          1
        ]
      ],
      "block_metadata": {
        "llm_request_count": 0,
        "llm_error_count": 0,
        "llm_tokens_used": 0
      }
    }
  ],
  "debug_data_path": "debug_data/page-297"
}