{
  "table_of_contents": [
    {
      "title": "\u090f\u0935\u0902 \u092a\u0930\u092a\u0930\u093e\u093e\u0924\u093f\u092e\u092e\u0902 \u0930\u093e\u091c\u0937\u092f\u094b \u093f\u0935\u0926:\n\u0941 \u0964\n\u0938 \u0915\u093e\u0932\u0947\u0928\u0939\u0947 \u092e\u0939\u0924\u093e \u092f\u094b\u0917\u094b \u0928: \u092a\u0930\u0924\u092a\u0965\u0968\u0965",
      "heading_level": null,
      "page_id": 0,
      "polygon": [
        [
          126.8525390625,
          231.064453125
        ],
        [
          423.3891906738281,
          231.064453125
        ],
        [
          423.3891906738281,
          278.244140625
        ],
        [
          126.8525390625,
          278.244140625
        ]
      ]
    },
    {
      "title": "\u0938 \u090f\u0935\u093e\u092f\u0902 \u092e\u092f\u093e \u0924\u0947\n\u093d \u092f\u094b\u0917: \u094b\u0924: \u092a\u0941\u0930\u093e\u0924\u0928:\u0964\n\u092d\u0924\u094b\u093d\u093f\u0938 \u092e\u0947 \u0938\u0916\u093e \u091a\u0947\u093f\u0924 \u0930\u0939\u092f\u0902 \u0947\u0924\u0926\n\u0941\n\u092e\u092e\u094d\u0965\u0969\u0965",
      "heading_level": null,
      "page_id": 0,
      "polygon": [
        [
          123.71484375,
          583.55859375
        ],
        [
          458.103515625,
          583.55859375
        ],
        [
          458.103515625,
          630.0370788574219
        ],
        [
          123.71484375,
          630.0370788574219
        ]
      ]
    }
  ],
  "page_stats": [
    {
      "page_id": 0,
      "text_extraction_method": "pdftext",
      "block_counts": [
        [
          "Span",
          155
        ],
        [
          "Line",
          34
        ],
        [
          "Text",
          6
        ],
        [
          "SectionHeader",
          2
        ]
      ],
      "block_metadata": {
        "llm_request_count": 0,
        "llm_error_count": 0,
        "llm_tokens_used": 0
      }
    }
  ],
  "debug_data_path": "debug_data/page-152"
}