{
  "table_of_contents": [
    {
      "title": "13* YOGA PHILOSOPHY OF PATASjALJ",
      "heading_level": null,
      "page_id": 0,
      "polygon": [
        [
          64.0989990234375,
          72.82548095658422
        ],
        [
          432.3046875,
          72.82548095658422
        ],
        [
          432.3046875,
          91.55045654252172
        ],
        [
          64.0989990234375,
          91.55045654252172
        ]
      ]
    }
  ],
  "page_stats": [
    {
      "page_id": 0,
      "text_extraction_method": "pdftext",
      "block_counts": [
        [
          "Span",
          716
        ],
        [
          "Line",
          37
        ],
        [
          "Text",
          3
        ],
        [
          "SectionHeader",
          1
        ]
      ],
      "block_metadata": {
        "llm_request_count": 0,
        "llm_error_count": 0,
        "llm_tokens_used": 0
      }
    }
  ],
  "debug_data_path": "debug_data/page-158"
}