{
  "table_of_contents": [
    {
      "title": "\u092e\u092f\u093e\u0935\u0947\u092f \u092e\u0928\u094b \u092f\u0947 \u092e \u093f\u0928\u092f\u092f\u0941\u0924\u093e \u0909\u092a\u093e\u0938\u0924\u0947\u0964\n\u092f\u093e \u092a\u0930\u092f\u094b\u092a\u0947\u0924\u093e\u0924\u0947 \u092e\u0947 \u092f\u0941\u0924\u0924\u092e\u093e \u092e\u0924\u093e:\u0965\u0968\u0965",
      "heading_level": null,
      "page_id": 0,
      "polygon": [
        [
          127.22607421875,
          456.71484375
        ],
        [
          423.95672607421875,
          456.71484375
        ],
        [
          423.95672607421875,
          501.7046813964844
        ],
        [
          127.22607421875,
          501.7046813964844
        ]
      ]
    }
  ],
  "page_stats": [
    {
      "page_id": 0,
      "text_extraction_method": "pdftext",
      "block_counts": [
        [
          "Span",
          141
        ],
        [
          "Line",
          33
        ],
        [
          "Text",
          5
        ],
        [
          "SectionHeader",
          1
        ]
      ],
      "block_metadata": {
        "llm_request_count": 0,
        "llm_error_count": 0,
        "llm_tokens_used": 0
      }
    }
  ],
  "debug_data_path": "debug_data/page-373"
}