{
  "table_of_contents": [
    {
      "title": "\u092f\u0926\u093e \u0924\u0947 \u092e\u094b\u0939\u0915\u093f\u0932\u0932\u0902 \u092c\u0941\u093f\u092f\u093f\u0924\u0924\u093f\u0930\u092f\u093f\u0924\u0964\n\u0924\u0926\u093e \u0917\u0924\u093e\u093f\u0938 \u093f\u0928\u0935\u0926\u0902 \u094b\u0924\u092f\u092f \u0941\u0924\u092f \u091a\u0965\u096b\u0968\u0965",
      "heading_level": null,
      "page_id": 0,
      "polygon": [
        [
          124.013671875,
          149.853515625
        ],
        [
          458.103515625,
          149.853515625
        ],
        [
          458.103515625,
          199.93359375
        ],
        [
          124.013671875,
          199.93359375
        ]
      ]
    },
    {
      "title": "\u0941\u093f\u0924\u093f\u0935\u093f\u0924\u092a\u093e \u0924\u0947 \u092f\u0926\u093e \u0925\u093e\u092f\u093f\u0924 \u093f\u0928\u0932\u093e\u0964\n\u0938\u092e\u093e\u0927\u093e\u0935\u091a\u0932\u093e \u092c\u0941\u093f\u0924\u0926\u093e \u092f\u094b\u0917\u092e\u0935\u093e\u092f\u093f\u0938\u0965\u096b\u0969\u0965",
      "heading_level": null,
      "page_id": 0,
      "polygon": [
        [
          127.07666015625,
          512.015625
        ],
        [
          432.5079040527344,
          512.015625
        ],
        [
          432.5079040527344,
          560.7421875
        ],
        [
          127.07666015625,
          560.7421875
        ]
      ]
    }
  ],
  "page_stats": [
    {
      "page_id": 0,
      "text_extraction_method": "pdftext",
      "block_counts": [
        [
          "Span",
          137
        ],
        [
          "Line",
          31
        ],
        [
          "Text",
          5
        ],
        [
          "SectionHeader",
          2
        ]
      ],
      "block_metadata": {
        "llm_request_count": 0,
        "llm_error_count": 0,
        "llm_tokens_used": 0
      }
    }
  ],
  "debug_data_path": "debug_data/page-083"
}