{
  "table_of_contents": [
    {
      "title": "\u0928\u093e\u0939\u0902 \u0915\u093e\u0936: \u0938\u0935\u092f \u092f\u094b\u0917\u092e\u093e\u092f\u093e\u0938\u092e\u093e\u0935\u0943\u0924:\u0964\n\u092e\u0942\u0922\u094b\u093d\u092f\u0902 \u0928\u093e\u093f\u092d\u091c\u093e\u0928\u093e\u093f\u0924 \u0932\u094b\u0915\u094b \u092e\u093e\u092e\u091c\u092e\u092f\u092f\u092e\u094d\u0965\u0968\u096b\u0965",
      "heading_level": null,
      "page_id": 0,
      "polygon": [
        [
          126.5537109375,
          247.88671875
        ],
        [
          451.5965881347656,
          247.88671875
        ],
        [
          451.5965881347656,
          297.0
        ],
        [
          126.5537109375,
          297.0
        ]
      ]
    },
    {
      "title": "\u0935\u0947\u0926\u093e\u0939\u0902 \u0938\u092e\u0924\u0940\u0924\u093e\u093f\u0928 \u0935\u0924\u092e\u093e\u0928\u093e\u093f\u0928 \u091a\u093e\u091c\u0941\n\u0928\u0964\n\u092d\u093f\u0935\u092f\u093e\u093f\u0923 \u091a \u092d\u0942\u0924\u093e\u093f\u0928 \u092e \u0924\u0941 \u0935\u0947\u0926 \u0928 \u0915\u0928\u0965\u0968\u096c\u0965",
      "heading_level": null,
      "page_id": 0,
      "polygon": [
        [
          125.9560546875,
          617.58984375
        ],
        [
          457.7450866699219,
          617.58984375
        ],
        [
          457.7450866699219,
          665.54296875
        ],
        [
          125.9560546875,
          665.54296875
        ]
      ]
    }
  ],
  "page_stats": [
    {
      "page_id": 0,
      "text_extraction_method": "pdftext",
      "block_counts": [
        [
          "Span",
          161
        ],
        [
          "Line",
          32
        ],
        [
          "Text",
          6
        ],
        [
          "SectionHeader",
          2
        ]
      ],
      "block_metadata": {
        "llm_request_count": 0,
        "llm_error_count": 0,
        "llm_tokens_used": 0
      }
    }
  ],
  "debug_data_path": "debug_data/page-267"
}