{
  "table_of_contents": [
    {
      "title": "Shri Hari said:",
      "heading_level": null,
      "page_id": 0,
      "polygon": [
        [
          76.99219512939453,
          198.193359375
        ],
        [
          202.60546875,
          198.193359375
        ],
        [
          202.60546875,
          219.462890625
        ],
        [
          76.99219512939453,
          219.462890625
        ]
      ]
    },
    {
      "title": "\u0915\u093e\u092f\u093e\u0928 \u0915\u092e\u0923 \u092f\u093e\u0938\u0902 \u0938\u0902\u092f\u093e\u0938\u0902 \u0915\u0935\u092f\u094b \u093f\u0935\u0926:\n\u0941 \u0964\n\u0938\u0935\u0915\u092e\u092b\u0932\u092f\u093e\u0917\u0902 \u093e\u0939\n\u0941\n\u092f\u093e\u0917\u0902 \u093f\u0935\u091a\u0923\u093e:\u0965\u0968\u0965",
      "heading_level": null,
      "page_id": 0,
      "polygon": [
        [
          127.74610900878906,
          229.7109375
        ],
        [
          438.6943054199219,
          229.7109375
        ],
        [
          438.6943054199219,
          278.255859375
        ],
        [
          127.74610900878906,
          278.255859375
        ]
      ]
    }
  ],
  "page_stats": [
    {
      "page_id": 0,
      "text_extraction_method": "pdftext",
      "block_counts": [
        [
          "Span",
          147
        ],
        [
          "Line",
          34
        ],
        [
          "Text",
          6
        ],
        [
          "SectionHeader",
          2
        ]
      ],
      "block_metadata": {
        "llm_request_count": 0,
        "llm_error_count": 0,
        "llm_tokens_used": 0
      }
    }
  ],
  "debug_data_path": "debug_data/page-513"
}