{
  "table_of_contents": [
    {
      "title": "\u091a\u093e\u0924\u0941\u0935\u092f\u0902 \u092e\u092f\u093e \u0938\u0943\n\u0902 \u0917\u0941\u0923\u0915\u092e\u093f\u0935\u092d\u093e\u0917\u0936:\u0964\n\u0924\u092f \u0915\u0924\u0930\u092e\u093f\u092a \u092e \u093f\u0935\u092f\u0915\u0924\u0930\u092e\u092f\u092f\u092e\u094d\u0965\u0967\u0969\u0965",
      "heading_level": null,
      "page_id": 0,
      "polygon": [
        [
          125.6572265625,
          602.5078125
        ],
        [
          443.4805908203125,
          602.5078125
        ],
        [
          443.4805908203125,
          650.2045593261719
        ],
        [
          125.6572265625,
          650.2045593261719
        ]
      ]
    }
  ],
  "page_stats": [
    {
      "page_id": 0,
      "text_extraction_method": "pdftext",
      "block_counts": [
        [
          "Span",
          130
        ],
        [
          "Line",
          32
        ],
        [
          "Text",
          7
        ],
        [
          "SectionHeader",
          1
        ]
      ],
      "block_metadata": {
        "llm_request_count": 0,
        "llm_error_count": 0,
        "llm_tokens_used": 0
      }
    }
  ],
  "debug_data_path": "debug_data/page-158"
}