{
  "table_of_contents": [
    {
      "title": "\u093f\u093f\u0935\u0927\u0902 \u0928\u0930\u0915\u092f\u0947\u0926\u0902 \u093e\u0930\u0902 \u0928\u093e\u0936\u0928\u092e\u093e\u092e\u0928:\u0964\n\u0915\u093e\u092e: \u094b\u0927\u0924\u0925\u093e \u0932\u094b\u092d\u0924\u092e\u093e\u0926\u0947\u0924\u092f\u0902\u092f\u091c\u0947\u0924\u094d\u0965\u0968\u0967\u0965",
      "heading_level": null,
      "page_id": 0,
      "polygon": [
        [
          125.3583984375,
          363.90234375
        ],
        [
          465.6340637207031,
          363.90234375
        ],
        [
          465.6340637207031,
          411.7045593261719
        ],
        [
          125.3583984375,
          411.7045593261719
        ]
      ]
    }
  ],
  "page_stats": [
    {
      "page_id": 0,
      "text_extraction_method": "pdftext",
      "block_counts": [
        [
          "Span",
          139
        ],
        [
          "Line",
          32
        ],
        [
          "Text",
          6
        ],
        [
          "SectionHeader",
          1
        ]
      ],
      "block_metadata": {
        "llm_request_count": 0,
        "llm_error_count": 0,
        "llm_tokens_used": 0
      }
    }
  ],
  "debug_data_path": "debug_data/page-491"
}