{
  "table_of_contents": [
    {
      "title": "sili YOGA PHILOSOPHY OF PATASjALt",
      "heading_level": null,
      "page_id": 0,
      "polygon": [
        [
          65.05000305175781,
          68.94138671830297
        ],
        [
          429.3994140625,
          68.94138671830297
        ],
        [
          429.3994140625,
          85.41245605424047
        ],
        [
          65.05000305175781,
          85.41245605424047
        ]
      ]
    }
  ],
  "page_stats": [
    {
      "page_id": 0,
      "text_extraction_method": "pdftext",
      "block_counts": [
        [
          "Span",
          758
        ],
        [
          "Line",
          39
        ],
        [
          "Text",
          5
        ],
        [
          "SectionHeader",
          1
        ]
      ],
      "block_metadata": {
        "llm_request_count": 0,
        "llm_error_count": 0,
        "llm_tokens_used": 0
      }
    }
  ],
  "debug_data_path": "debug_data/page-332"
}