{
  "table_of_contents": [
    {
      "title": "u; VOtiA PHILOSOPHY OF PATASJALI",
      "heading_level": null,
      "page_id": 0,
      "polygon": [
        [
          67.9000015258789,
          70.19425537064672
        ],
        [
          439.8583984375,
          70.19425537064672
        ],
        [
          439.8583984375,
          89.1644287109375
        ],
        [
          67.9000015258789,
          89.1644287109375
        ]
      ]
    }
  ],
  "page_stats": [
    {
      "page_id": 0,
      "text_extraction_method": "pdftext",
      "block_counts": [
        [
          "Span",
          758
        ],
        [
          "Line",
          39
        ],
        [
          "Text",
          6
        ],
        [
          "SectionHeader",
          1
        ],
        [
          "PageHeader",
          1
        ]
      ],
      "block_metadata": {
        "llm_request_count": 0,
        "llm_error_count": 0,
        "llm_tokens_used": 0
      }
    }
  ],
  "debug_data_path": "debug_data/page-134"
}