{
  "table_of_contents": [
    {
      "title": "^JJTR^TT^JTV^n nfwvtV: Jt t R II",
      "heading_level": null,
      "page_id": 0,
      "polygon": [
        [
          91.951904296875,
          108.33349609375
        ],
        [
          350.95703125,
          108.33349609375
        ],
        [
          350.95703125,
          145.22953369095922
        ],
        [
          91.951904296875,
          145.22953369095922
        ]
      ]
    },
    {
      "title": "By Practice And Detachment They Can Be Stopped. 12,",
      "heading_level": null,
      "page_id": 0,
      "polygon": [
        [
          79.168701171875,
          272.2085375972092
        ],
        [
          507.841796875,
          272.2085375972092
        ],
        [
          507.841796875,
          290.6453051753342
        ],
        [
          79.168701171875,
          290.6453051753342
        ]
      ]
    }
  ],
  "page_stats": [
    {
      "page_id": 0,
      "text_extraction_method": "pdftext",
      "block_counts": [
        [
          "Span",
          550
        ],
        [
          "Line",
          34
        ],
        [
          "Text",
          5
        ],
        [
          "PageHeader",
          2
        ],
        [
          "SectionHeader",
          2
        ]
      ],
      "block_metadata": {
        "llm_request_count": 0,
        "llm_error_count": 0,
        "llm_tokens_used": 0
      }
    }
  ],
  "debug_data_path": "debug_data/page-062"
}