{
  "table_of_contents": [
    {
      "title": "\u092e\u092e \u092f\u094b\u093f\u0928\u092e\u0939 \u0924\u093f\u092e\u0928\u094d \u0917\u092d\u0902\u0926\u0927\u093e\u092f\u0939\u092e\u094d\u0964\n\u0938\u092d\u0935: \u0938\u0935\u092d\u0942\u0924\u093e\u0928 \u0924\u0924\u094b \u092d\u0935\u093f\u0924 \u092d\u093e\u0930\u0924\u0965\u0969\u0965",
      "heading_level": null,
      "page_id": 0,
      "polygon": [
        [
          125.43310546875,
          160.681640625
        ],
        [
          415.8595886230469,
          160.681640625
        ],
        [
          415.8595886230469,
          207.28125
        ],
        [
          125.43310546875,
          207.28125
        ]
      ]
    },
    {
      "title": "\u0938\u0935\u092f\u094b\u093f\u0928\u0937\u0941 \u0915\u094c\u0924\u0947\u092f \u092e\u0942\u0924\u092f: \u0938\u092d\u0935\u093f\u0924 \u092f\u093e:\u0964\n\u0924\u093e\u0938  \u092e\u0939\u094b\u093f\u0928\u0930\u0939\u0902 \u092c\u0940\u091c\u0926: \u093f\u092a\u0924\u093e\u0965\u096a\u0965",
      "heading_level": null,
      "page_id": 0,
      "polygon": [
        [
          124.4619140625,
          564.22265625
        ],
        [
          414.36517333984375,
          564.22265625
        ],
        [
          414.36517333984375,
          611.2045593261719
        ],
        [
          124.4619140625,
          611.2045593261719
        ]
      ]
    }
  ],
  "page_stats": [
    {
      "page_id": 0,
      "text_extraction_method": "pdftext",
      "block_counts": [
        [
          "Span",
          144
        ],
        [
          "Line",
          31
        ],
        [
          "Text",
          7
        ],
        [
          "SectionHeader",
          2
        ]
      ],
      "block_metadata": {
        "llm_request_count": 0,
        "llm_error_count": 0,
        "llm_tokens_used": 0
      }
    }
  ],
  "debug_data_path": "debug_data/page-445"
}