{
  "table_of_contents": [
    {
      "title": "YOGA PHILOSOPHY OF PATA\u00d1IALI",
      "heading_level": null,
      "page_id": 0,
      "polygon": [
        [
          195.58564231738035,
          68.97951914514692
        ],
        [
          437.82470703125,
          68.97951914514692
        ],
        [
          437.82470703125,
          82.329345703125
        ],
        [
          195.58564231738035,
          82.329345703125
        ]
      ]
    }
  ],
  "page_stats": [
    {
      "page_id": 0,
      "text_extraction_method": "surya",
      "block_counts": [
        [
          "Line",
          32
        ],
        [
          "Span",
          32
        ],
        [
          "Text",
          6
        ],
        [
          "SectionHeader",
          1
        ]
      ],
      "block_metadata": {
        "llm_request_count": 0,
        "llm_error_count": 0,
        "llm_tokens_used": 0
      }
    }
  ],
  "debug_data_path": "debug_data/page-210"
}