{
  "table_of_contents": [
    {
      "title": "\u0909\u0930\u0947\u0926\u093e\u092e\u0928\u093e\u092e\u093e\u0928\u0902 \u0928\u093e\u092e\u093e\u0928\u092e\u0935\u0938\u093e\u0926\u092f\u0947\u0924\u094d\u0964\n\u0906\u092e\u0948\u0935 \u093e\u092e\u0928\u094b \u092c\u0927\u0941\u0930\u093e\u092e\u0948\u0935 \u093f\u0930\u092a\u0941\u0930\u093e\u092e\u0928:\u0965\u096b\u0965",
      "heading_level": null,
      "page_id": 0,
      "polygon": [
        [
          124.4619140625,
          179.244140625
        ],
        [
          423.67291259765625,
          179.244140625
        ],
        [
          423.67291259765625,
          224.490234375
        ],
        [
          124.4619140625,
          224.490234375
        ]
      ]
    }
  ],
  "page_stats": [
    {
      "page_id": 0,
      "text_extraction_method": "pdftext",
      "block_counts": [
        [
          "Span",
          117
        ],
        [
          "Line",
          31
        ],
        [
          "Text",
          7
        ],
        [
          "SectionHeader",
          1
        ]
      ],
      "block_metadata": {
        "llm_request_count": 0,
        "llm_error_count": 0,
        "llm_tokens_used": 0
      }
    }
  ],
  "debug_data_path": "debug_data/page-229"
}