{
  "table_of_contents": [
    {
      "title": "TABLE OF CONTENTS",
      "heading_level": null,
      "page_id": 0,
      "polygon": [
        [
          183.59571788413098,
          100.47016918967051
        ],
        [
          414.40176322418137,
          103.46927871772039
        ],
        [
          414.40176322418137,
          124.46304541406946
        ],
        [
          183.59571788413098,
          121.46393588601958
        ]
      ]
    }
  ],
  "page_stats": [
    {
      "page_id": 0,
      "text_extraction_method": "surya",
      "block_counts": [
        [
          "TableCell",
          39
        ],
        [
          "Picture",
          1
        ],
        [
          "SectionHeader",
          1
        ],
        [
          "TableOfContents",
          1
        ],
        [
          "Line",
          1
        ],
        [
          "Span",
          1
        ]
      ],
      "block_metadata": {
        "llm_request_count": 0,
        "llm_error_count": 0,
        "llm_tokens_used": 0
      }
    }
  ],
  "debug_data_path": "debug_data/page-005"
}