{
  "table_of_contents": [
    {
      "title": "\u0935\u092e\u093e\u093f\u0926\u0926\u0947\u0935: \u092a\u0941\u0937: \u092a\u0941\u0930\u093e\u0923-\n\u0935\u092e\u092f \u093f\u0935\u092f \u092a\u0930\u0902 \u093f\u0928\u0927\u093e\u0928\u092e\u094d\u0964\n\u0935\u0947\u093e\u093d\u093f\u0938 \u0935\u0947\u0902 \u091a \u092a\u0930\u0902 \u091a \u0927\u093e\u092e\n\u0935\u092f\u093e \u0924\u0924\u0902 \u093f\u0935\u092e\u0928\u0924\u092a\u0965\u0969\u096e\u0965",
      "heading_level": null,
      "page_id": 0,
      "polygon": [
        [
          127.52490234375,
          366.609375
        ],
        [
          346.341796875,
          366.609375
        ],
        [
          346.341796875,
          456.7045593261719
        ],
        [
          127.52490234375,
          456.7045593261719
        ]
      ]
    }
  ],
  "page_stats": [
    {
      "page_id": 0,
      "text_extraction_method": "pdftext",
      "block_counts": [
        [
          "Span",
          138
        ],
        [
          "Line",
          32
        ],
        [
          "Text",
          5
        ],
        [
          "SectionHeader",
          1
        ]
      ],
      "block_metadata": {
        "llm_request_count": 0,
        "llm_error_count": 0,
        "llm_tokens_used": 0
      }
    }
  ],
  "debug_data_path": "debug_data/page-359"
}