{
  "table_of_contents": [
    {
      "title": "suPERNORMA L FOWER S 295",
      "heading_level": null,
      "page_id": 0,
      "polygon": [
        [
          225.303955078125,
          69.55509521439672
        ],
        [
          539.9986572265625,
          69.55509521439672
        ],
        [
          539.9986572265625,
          86.646240234375
        ],
        [
          225.303955078125,
          86.646240234375
        ]
      ]
    }
  ],
  "page_stats": [
    {
      "page_id": 0,
      "text_extraction_method": "pdftext",
      "block_counts": [
        [
          "Span",
          632
        ],
        [
          "Line",
          36
        ],
        [
          "Text",
          4
        ],
        [
          "SectionHeader",
          1
        ]
      ],
      "block_metadata": {
        "llm_request_count": 0,
        "llm_error_count": 0,
        "llm_tokens_used": 0
      }
    }
  ],
  "debug_data_path": "debug_data/page-317"
}