{
  "table_of_contents": [
    {
      "title": "SUPERNOKN4AF, POWERS 315",
      "heading_level": null,
      "page_id": 0,
      "polygon": [
        [
          206.56494140625,
          69.86558105424047
        ],
        [
          526.0992431640625,
          69.86558105424047
        ],
        [
          526.0992431640625,
          83.6141357421875
        ],
        [
          206.56494140625,
          83.6141357421875
        ]
      ]
    }
  ],
  "page_stats": [
    {
      "page_id": 0,
      "text_extraction_method": "pdftext",
      "block_counts": [
        [
          "Span",
          606
        ],
        [
          "Line",
          35
        ],
        [
          "Text",
          4
        ],
        [
          "SectionHeader",
          1
        ],
        [
          "PageHeader",
          1
        ]
      ],
      "block_metadata": {
        "llm_request_count": 0,
        "llm_error_count": 0,
        "llm_tokens_used": 0
      }
    }
  ],
  "debug_data_path": "debug_data/page-337"
}