{
  "table_of_contents": [
    {
      "title": "3\u00ae YOGA PHILOSOPHY OF FATaJ^JALI",
      "heading_level": null,
      "page_id": 0,
      "polygon": [
        [
          65.05000305175781,
          74.79209472611547
        ],
        [
          429.98046875,
          74.79209472611547
        ],
        [
          429.98046875,
          90.28562499955297
        ],
        [
          65.05000305175781,
          90.28562499955297
        ]
      ]
    }
  ],
  "page_stats": [
    {
      "page_id": 0,
      "text_extraction_method": "pdftext",
      "block_counts": [
        [
          "Span",
          746
        ],
        [
          "Line",
          39
        ],
        [
          "Text",
          5
        ],
        [
          "SectionHeader",
          1
        ]
      ],
      "block_metadata": {
        "llm_request_count": 0,
        "llm_error_count": 0,
        "llm_tokens_used": 0
      }
    }
  ],
  "debug_data_path": "debug_data/page-324"
}