{
  "table_of_contents": [
    {
      "title": "\u092e\u093e\u092e\u0941\u092a\u0947\u092f \u092a\u0941\u0928\u091c\u092e \u0926:\n\u0941\n\u0916\u093e\u0932\u092f\u092e\u0936\u093e\u0924\u092e\u094d\u0964\n\u0928\u093e\u0941\u0935\u093f\u0924 \u092e\u0939\u093e\u092e\u093e\u0928: \u0938\u0902\u093f\u0938\u093f\u0902 \u092a\u0930\u092e \u0917\u0924\u093e:\u0965\u0967\u096b\u0965",
      "heading_level": null,
      "page_id": 0,
      "polygon": [
        [
          126.703125,
          258.134765625
        ],
        [
          444.357421875,
          258.134765625
        ],
        [
          444.357421875,
          303.767578125
        ],
        [
          126.703125,
          303.767578125
        ]
      ]
    },
    {
      "title": "\u0906\u092d\u0941\u0935\u0928\u093e\u0932\u094b\u0915\u093e: \u092a\u0941\u0928\u0930\u093e\u0935\u093f\u0924\u0928\u094b\u093d\u091c\u0941\n\u0928\u0964\n\u092e\u093e\u092e\u0941\u092a\u0947\u092f \u0924\u0941 \u0915\u094c\u0924\u0947\u092f \u092a\u0941\u0928\u091c\u092e \u0928 \u093f\u0935\u0924\u0947\u0965\u0967\u096c\u0965",
      "heading_level": null,
      "page_id": 0,
      "polygon": [
        [
          127.1513671875,
          616.4296875
        ],
        [
          437.484375,
          616.4296875
        ],
        [
          437.484375,
          662.2045593261719
        ],
        [
          127.1513671875,
          662.2045593261719
        ]
      ]
    }
  ],
  "page_stats": [
    {
      "page_id": 0,
      "text_extraction_method": "pdftext",
      "block_counts": [
        [
          "Span",
          129
        ],
        [
          "Line",
          33
        ],
        [
          "Text",
          8
        ],
        [
          "SectionHeader",
          2
        ]
      ],
      "block_metadata": {
        "llm_request_count": 0,
        "llm_error_count": 0,
        "llm_tokens_used": 0
      }
    }
  ],
  "debug_data_path": "debug_data/page-282"
}