{
  "table_of_contents": [
    {
      "title": "\u0947\u092f\u093e\u0928\u094d \u0935\u0927\u092e \u093f\u0935\u0917\u0941\u0923: \u092a\u0930\u0927\u092e\u0924\u094d \u0935\u0928\u0941\u093f\u0924\u093e\u0924\u094d\u0964\n\u0935\u0927\u092e \u093f\u0928\u0927\u0928\u0902 \u0947\u092f: \u092a\u0930\u0927\u092e \u092d\u092f\u093e\u0935\u0939:\u0965\u0969\u096b\u0965",
      "heading_level": null,
      "page_id": 0,
      "polygon": [
        [
          124.3125,
          462.90234375
        ],
        [
          438.0699462890625,
          462.90234375
        ],
        [
          438.0699462890625,
          509.30859375
        ],
        [
          124.3125,
          509.30859375
        ]
      ]
    }
  ],
  "page_stats": [
    {
      "page_id": 0,
      "text_extraction_method": "pdftext",
      "block_counts": [
        [
          "Span",
          138
        ],
        [
          "Line",
          32
        ],
        [
          "Text",
          6
        ],
        [
          "SectionHeader",
          1
        ]
      ],
      "block_metadata": {
        "llm_request_count": 0,
        "llm_error_count": 0,
        "llm_tokens_used": 0
      }
    }
  ],
  "debug_data_path": "debug_data/page-138"
}