{
  "table_of_contents": [
    {
      "title": "\u092a\u0930\u0902  \u092a\u0930\u0902 \u0927\u093e\u092e \u092a\u093f\u0935\u0902 \u092a\u0930\u092e\u0902 \u092d\u0935\u093e\u0928\u094d\u0964\n\u092a\u0941\u0937\u0902 \u0936\u093e\u0924\u0902 \u093f\u0926\u092f\u092e\u093e\u093f\u0926\u0926\u0947\u0935\u092e\u091c\u0902 \u093f\u0935\u092d\u0941\u092e\u094d\u0965\u0967\u0968\u0965\n\u0906\u0939\n\u0941\n\u0935\u093e\u092e\u0943\u0937\u092f: \u0938\u0935 \u0926\u0947\u0935\u093f\u0937\u0928\u0930\u0926\u0924\u0925\u093e\u0964\n\u0905\u093f\u0938\u0924\u094b \u0926\u0947\u0935\u0932\u094b \u092f\u093e\u0938: \u0935\u092f\u0902 \u091a\u0948\u0935 \u0935\u0940\u093f\u0937 \u092e\u0947\u0965\u0967\u0969\u0965",
      "heading_level": null,
      "page_id": 0,
      "polygon": [
        [
          127.4501953125,
          212.30859375
        ],
        [
          463.18359375,
          212.30859375
        ],
        [
          463.18359375,
          315.5625
        ],
        [
          127.4501953125,
          315.5625
        ]
      ]
    },
    {
      "title": "\u0938\u0935\u092e\u0947\u0924\u0926\u0924\n\u0943 \u0902 \u092e\u092f\u0947 \u092f\u092e \u0935\u0926\u093f\u0938 \u0915\u0947 \u0936\u0935\u0964\n\u0928 \u093f\u0939 \u0924\u0947 \u092d\u0917\u0935\u0928\u094d \u092f\u093f\u0924\u0902 \u093f\u0935\u0926\u0926\u0941\n\u0935\u093e \u0928 \u0926\u093e\u0928\u0935\u093e:\u0965\u0967\u096a\u0965",
      "heading_level": null,
      "page_id": 0,
      "polygon": [
        [
          124.611328125,
          610.2421875
        ],
        [
          468.263671875,
          610.2421875
        ],
        [
          468.263671875,
          658.96875
        ],
        [
          124.611328125,
          658.96875
        ]
      ]
    }
  ],
  "page_stats": [
    {
      "page_id": 0,
      "text_extraction_method": "pdftext",
      "block_counts": [
        [
          "Span",
          167
        ],
        [
          "Line",
          33
        ],
        [
          "Text",
          6
        ],
        [
          "SectionHeader",
          2
        ]
      ],
      "block_metadata": {
        "llm_request_count": 0,
        "llm_error_count": 0,
        "llm_tokens_used": 0
      }
    }
  ],
  "debug_data_path": "debug_data/page-323"
}