{
  "table_of_contents": [
    {
      "title": "INDEX TO WORDS",
      "heading_level": null,
      "page_id": 0,
      "polygon": [
        [
          172.2744140625,
          94.60107421875
        ],
        [
          444.74847412109375,
          94.60107421875
        ],
        [
          444.74847412109375,
          128.4873046875
        ],
        [
          172.2744140625,
          128.4873046875
        ]
      ]
    }
  ],
  "page_stats": [
    {
      "page_id": 0,
      "text_extraction_method": "pdftext",
      "block_counts": [
        [
          "Span",
          113
        ],
        [
          "Line",
          28
        ],
        [
          "SectionHeader",
          1
        ],
        [
          "Text",
          1
        ]
      ],
      "block_metadata": {
        "llm_request_count": 0,
        "llm_error_count": 0,
        "llm_tokens_used": 0
      }
    }
  ],
  "debug_data_path": "debug_data/page-635"
}