{
  "table_of_contents": [
    {
      "title": "2&6 YOGA PHILOSOPHY OF PATANJALJ",
      "heading_level": null,
      "page_id": 0,
      "polygon": [
        [
          55.900001525878906,
          75.52335693314672
        ],
        [
          434.62890625,
          75.52335693314672
        ],
        [
          434.62890625,
          90.86918212845922
        ],
        [
          55.900001525878906,
          90.86918212845922
        ]
      ]
    },
    {
      "title": "^rrr^Tfiw^irr^w^ft",
      "heading_level": null,
      "page_id": 0,
      "polygon": [
        [
          97.1087646484375,
          143.19358398392797
        ],
        [
          343.984375,
          143.19358398392797
        ],
        [
          343.984375,
          166.919921875
        ],
        [
          97.1087646484375,
          166.919921875
        ]
      ]
    },
    {
      "title": "Suppression Of The Lateades Of Fluctuation And Appearance\nOf The Latencies Of Closed State Taking Place At Every\nMoment Of Blankness Of The Closed State In iThe",
      "heading_level": null,
      "page_id": 0,
      "polygon": [
        [
          58.97705078125,
          389.5014758296311
        ],
        [
          542.41455078125,
          389.5014758296311
        ],
        [
          542.41455078125,
          441.59992553666234
        ],
        [
          58.97705078125,
          441.59992553666234
        ]
      ]
    }
  ],
  "page_stats": [
    {
      "page_id": 0,
      "text_extraction_method": "pdftext",
      "block_counts": [
        [
          "Span",
          463
        ],
        [
          "Line",
          32
        ],
        [
          "Text",
          7
        ],
        [
          "SectionHeader",
          3
        ]
      ],
      "block_metadata": {
        "llm_request_count": 0,
        "llm_error_count": 0,
        "llm_tokens_used": 0
      }
    }
  ],
  "debug_data_path": "debug_data/page-308"
}