{
  "table_of_contents": [
    {
      "title": "\u093f\u0935\u0939\u093e\u092f \u0915\u093e\u092e\u093e\u092f: \u0938\u0935\u092a\u0941\u092e\u0930\u093f\u0924 \u093f\u0928:\u092a\u0943\u0939:\u0964\n\u093f\u0928\u092e\u092e\u094b \u093f\u0928\u0930\u0939\u0915\u093e\u0930 \u0902 : \u0938 \u0936\u093e\u093f\u0924\u092e\u093f\u0927\u0917\u091b\u093f\u0924\u0965\u096d\u0967\u0965",
      "heading_level": null,
      "page_id": 0,
      "polygon": [
        [
          123.1171875,
          177.697265625
        ],
        [
          435.64837646484375,
          177.697265625
        ],
        [
          435.64837646484375,
          224.20452880859375
        ],
        [
          123.1171875,
          224.20452880859375
        ]
      ]
    },
    {
      "title": "\u090f\u0937\u093e \u093e\u0940 \u093f\u0925\u093f\u0924: \u092a\u093e\u0925 \u0928\u0928\u0948  \u093e\u092f \u093f\u0935\u092e\u0941\u093f\u0924\u0964\n\u093f\u0925\u0935\u093e\u093d\u092f\u093e\u092e\u0924\u0915\u093e\u0932\u0947\u093d\u093f\u092a \u093f\u0928\u0935\u0923\u092e\u0943\n\u091b\u093f\u0924\u0965\u096d\u0968\u0965",
      "heading_level": null,
      "page_id": 0,
      "polygon": [
        [
          123.71484375,
          563.8359375
        ],
        [
          459.25860595703125,
          563.8359375
        ],
        [
          459.25860595703125,
          611.7890625
        ],
        [
          123.71484375,
          611.7890625
        ]
      ]
    }
  ],
  "page_stats": [
    {
      "page_id": 0,
      "text_extraction_method": "pdftext",
      "block_counts": [
        [
          "Span",
          136
        ],
        [
          "Line",
          31
        ],
        [
          "Text",
          6
        ],
        [
          "SectionHeader",
          2
        ]
      ],
      "block_metadata": {
        "llm_request_count": 0,
        "llm_error_count": 0,
        "llm_tokens_used": 0
      }
    }
  ],
  "debug_data_path": "debug_data/page-096"
}