{
  "table_of_contents": [
    {
      "title": "\u0909\u092e: \u092a\u0941\u0937\u0935\u092f: \u092a\u0930\u092e\u093e\u092e\u0947\u092f\u0941\u0926\u093e\u0939\n\u0943\n\u0924:\u0964\n\u092f\u094b \u0932\u094b\u0915\u092f\u092e\u093e\u093f\u0935\u092f \u093f\u092c\u092d\u092f\u092f\u092f \u0908\u0930:\u0965\u0967\u096d\u0965",
      "heading_level": null,
      "page_id": 0,
      "polygon": [
        [
          124.23779296875,
          396.38671875
        ],
        [
          430.1430969238281,
          396.38671875
        ],
        [
          430.1430969238281,
          440.2045593261719
        ],
        [
          124.23779296875,
          440.2045593261719
        ]
      ]
    }
  ],
  "page_stats": [
    {
      "page_id": 0,
      "text_extraction_method": "pdftext",
      "block_counts": [
        [
          "Span",
          151
        ],
        [
          "Line",
          35
        ],
        [
          "Text",
          4
        ],
        [
          "SectionHeader",
          1
        ]
      ],
      "block_metadata": {
        "llm_request_count": 0,
        "llm_error_count": 0,
        "llm_tokens_used": 0
      }
    }
  ],
  "debug_data_path": "debug_data/page-475"
}