{
  "table_of_contents": [
    {
      "title": "128 VOCA PHILOSOPHY OT FATAftjALJ",
      "heading_level": null,
      "page_id": 0,
      "polygon": [
        [
          68.4000015258789,
          69.11545898392797
        ],
        [
          438.6962890625,
          69.11545898392797
        ],
        [
          438.6962890625,
          88.18784667924047
        ],
        [
          68.4000015258789,
          88.18784667924047
        ]
      ]
    }
  ],
  "page_stats": [
    {
      "page_id": 0,
      "text_extraction_method": "pdftext",
      "block_counts": [
        [
          "Span",
          719
        ],
        [
          "Line",
          38
        ],
        [
          "Text",
          3
        ],
        [
          "SectionHeader",
          1
        ],
        [
          "PageHeader",
          1
        ]
      ],
      "block_metadata": {
        "llm_request_count": 0,
        "llm_error_count": 0,
        "llm_tokens_used": 0
      }
    }
  ],
  "debug_data_path": "debug_data/page-150"
}