{
  "table_of_contents": [
    {
      "title": "\u0905\u0926\u0947\u0936\u0915\u093e\u0932\u0947 \u092f\u093e\u0928\u092e\u092a\u093e\u0947\u092f \u0926\u0940\u092f\u0924\u0947\u0964\n\u0905\u0938\u0915\u0943 \u0924\u092e\u0935\u093e\u0924\u0902 \u0924\u093e\u092e\u0938\u092e\u0941\u0926\u093e\u0939\n\u0943\n\u0924\u092e\u094d\u0965\u0968\u0968\u0965",
      "heading_level": null,
      "page_id": 0,
      "polygon": [
        [
          127.74610900878906,
          205.34765625
        ],
        [
          402.80584716796875,
          205.34765625
        ],
        [
          402.80584716796875,
          254.27484130859375
        ],
        [
          127.74610900878906,
          254.27484130859375
        ]
      ]
    },
    {
      "title": "\u0950 \u0924\u0938\u093f\u0926\u093f\u0924 \u093f\u0928\u0926\u0936\u094b \u0923\u093f\u093f\u0935\u0927: \u092e\u0943\u0924:\u0964\n\u093e\u0923\u093e\u0924\u0947\u0928 \u0935\u0947\u0926\u093e \u092f\u093e \u093f\u0935\u093f\u0939\u0924\u093e: \u092a\u0941\u0930\u093e\u0965\u0968\u0969\u0965",
      "heading_level": null,
      "page_id": 0,
      "polygon": [
        [
          125.3583984375,
          539.0859375
        ],
        [
          444.05859375,
          539.0859375
        ],
        [
          444.05859375,
          585.7045593261719
        ],
        [
          125.3583984375,
          585.7045593261719
        ]
      ]
    }
  ],
  "page_stats": [
    {
      "page_id": 0,
      "text_extraction_method": "pdftext",
      "block_counts": [
        [
          "Span",
          168
        ],
        [
          "Line",
          33
        ],
        [
          "Text",
          6
        ],
        [
          "SectionHeader",
          2
        ]
      ],
      "block_metadata": {
        "llm_request_count": 0,
        "llm_error_count": 0,
        "llm_tokens_used": 0
      }
    }
  ],
  "debug_data_path": "debug_data/page-506"
}