{
  "table_of_contents": [
    {
      "title": "SVPRPOVV L It S 327",
      "heading_level": null,
      "page_id": 0,
      "polygon": [
        [
          202.10000610351562,
          44.678691405802965
        ],
        [
          527.9987182617188,
          44.678691405802965
        ],
        [
          527.9987182617188,
          92.80338623002172
        ],
        [
          202.10000610351562,
          92.80338623002172
        ]
      ]
    },
    {
      "title": "",
      "heading_level": null,
      "page_id": 0,
      "polygon": [
        [
          93.114013671875,
          445.2568359375
        ],
        [
          270.045166015625,
          445.2568359375
        ],
        [
          270.045166015625,
          458.4130859375
        ],
        [
          93.114013671875,
          458.4130859375
        ]
      ]
    }
  ],
  "page_stats": [
    {
      "page_id": 0,
      "text_extraction_method": "pdftext",
      "block_counts": [
        [
          "Span",
          554
        ],
        [
          "Line",
          33
        ],
        [
          "Text",
          8
        ],
        [
          "SectionHeader",
          2
        ],
        [
          "PageHeader",
          1
        ]
      ],
      "block_metadata": {
        "llm_request_count": 0,
        "llm_error_count": 0,
        "llm_tokens_used": 0
      }
    }
  ],
  "debug_data_path": "debug_data/page-349"
}