{
  "table_of_contents": [
    {
      "title": "YOGA PHILOSOPHY OF PATA\u00d1JALI",
      "heading_level": null,
      "page_id": 0,
      "polygon": [
        [
          191.83879093198993,
          69.72929652715939
        ],
        [
          437.5341796875,
          71.9786286731968
        ],
        [
          437.5341796875,
          83.66552734375
        ],
        [
          191.83879093198993,
          83.66552734375
        ]
      ]
    },
    {
      "title": "\u092e\u0947\u0935\u094d\u0930\u0917\u094d\u0930\u093e\u0926\u093f\u0937\u0941 \u092c\u0928\u093e\u0928\u093f \u0964 \u0968\u0969 \u0965 >",
      "heading_level": null,
      "page_id": 0,
      "polygon": [
        [
          100.377197265625,
          479.10774710596615
        ],
        [
          290.75566750629724,
          479.10774710596615
        ],
        [
          290.75566750629724,
          495.4150390625
        ],
        [
          100.377197265625,
          495.4150390625
        ]
      ]
    }
  ],
  "page_stats": [
    {
      "page_id": 0,
      "text_extraction_method": "surya",
      "block_counts": [
        [
          "Line",
          36
        ],
        [
          "Span",
          36
        ],
        [
          "Text",
          6
        ],
        [
          "SectionHeader",
          2
        ]
      ],
      "block_metadata": {
        "llm_request_count": 0,
        "llm_error_count": 0,
        "llm_tokens_used": 0
      }
    }
  ],
  "debug_data_path": "debug_data/page-348"
}