{
  "table_of_contents": [
    {
      "title": "\u0905\u092f\u093e\u0938\u092f\u094b\u0917\u092f\u0941\u0924\u0947\u0928 \u091a\u0947\u0924\u0938\u093e \u0928\u093e\u092f\u0917\u093e\u093f\u092e\u0928\u093e\u0964\n\u092a\u0930\u092e\u0902 \u092a\u0941\u0937\u0902 \u093f\u0926\u092f\u0902 \u092f\u093e\u093f\u0924 \u092a\u093e\u0925\u0928\u0941\u093f\u091a\u0924\u092f\u0928\u094d\u0965\u096e\u0965",
      "heading_level": null,
      "page_id": 0,
      "polygon": [
        [
          127.74610900878906,
          96.5830078125
        ],
        [
          422.8973388671875,
          96.5830078125
        ],
        [
          422.8973388671875,
          144.7294921875
        ],
        [
          127.74610900878906,
          144.7294921875
        ]
      ]
    }
  ],
  "page_stats": [
    {
      "page_id": 0,
      "text_extraction_method": "pdftext",
      "block_counts": [
        [
          "Span",
          119
        ],
        [
          "Line",
          30
        ],
        [
          "Text",
          6
        ],
        [
          "SectionHeader",
          1
        ],
        [
          "Code",
          1
        ]
      ],
      "block_metadata": {
        "llm_request_count": 0,
        "llm_error_count": 0,
        "llm_tokens_used": 0
      }
    }
  ],
  "debug_data_path": "debug_data/page-277"
}