{
  "table_of_contents": [
    {
      "title": "\u093e\u092f\u0902 \u092d\u0942\n\u0935\u093e\u093d\u092d\u093f\u0935\u0924\u093e \u0935\u093e \u0928 \u092d\u0942\u092f:\u0964\n\u0905\u091c\u094b \u093f\u0928\u092f: \u0936\u093e\u0924\u094b\u093d\u092f\u0902 \u092a\u0941\u0930\u093e\u0923\u094b\n\u0928 \u0939\u092f\u0924\u0947 \u0939\u092f\u092e\u093e\u0928\u0947 \u0936\u0930\u0940\u0930\u0947\u0965\u0968\u0966\u0965",
      "heading_level": null,
      "page_id": 0,
      "polygon": [
        [
          126.703125,
          71.2529296875
        ],
        [
          343.6289978027344,
          71.2529296875
        ],
        [
          343.6289978027344,
          138.70452880859375
        ],
        [
          126.703125,
          138.70452880859375
        ]
      ]
    }
  ],
  "page_stats": [
    {
      "page_id": 0,
      "text_extraction_method": "pdftext",
      "block_counts": [
        [
          "Span",
          147
        ],
        [
          "Line",
          34
        ],
        [
          "Text",
          3
        ],
        [
          "SectionHeader",
          1
        ]
      ],
      "block_metadata": {
        "llm_request_count": 0,
        "llm_error_count": 0,
        "llm_tokens_used": 0
      }
    }
  ],
  "debug_data_path": "debug_data/page-059"
}