{
  "table_of_contents": [
    {
      "title": "ON PRACTICE 2W",
      "heading_level": null,
      "page_id": 0,
      "polygon": [
        [
          251.451416015625,
          74.92734863236547
        ],
        [
          540.41796875,
          74.92734863236547
        ],
        [
          540.41796875,
          91.20786621049047
        ],
        [
          251.451416015625,
          91.20786621049047
        ]
      ]
    },
    {
      "title": "",
      "heading_level": null,
      "page_id": 0,
      "polygon": [
        [
          97.471923828125,
          257.16357421875
        ],
        [
          197.994384765625,
          257.16357421875
        ],
        [
          197.994384765625,
          271.55322265625
        ],
        [
          97.471923828125,
          271.55322265625
        ]
      ]
    },
    {
      "title": "Moreover\u2014",
      "heading_level": null,
      "page_id": 0,
      "polygon": [
        [
          94.857177734375,
          372.65452148392797
        ],
        [
          191.0491943359375,
          372.65452148392797
        ],
        [
          191.0491943359375,
          391.1625170893967
        ],
        [
          94.857177734375,
          391.1625170893967
        ]
      ]
    },
    {
      "title": "Purification Of The Mind, Agreeableness Of Feeling*\nConcentration And Ability for Self-Realisation\nAre Acquired. 41 h",
      "heading_level": null,
      "page_id": 0,
      "polygon": [
        [
          92.823486328125,
          398.0632434077561
        ],
        [
          501.4501953125,
          398.0632434077561
        ],
        [
          501.4501953125,
          449.779296875
        ],
        [
          92.823486328125,
          449.779296875
        ]
      ]
    }
  ],
  "page_stats": [
    {
      "page_id": 0,
      "text_extraction_method": "pdftext",
      "block_counts": [
        [
          "Span",
          516
        ],
        [
          "Line",
          34
        ],
        [
          "Text",
          7
        ],
        [
          "SectionHeader",
          4
        ],
        [
          "PageHeader",
          1
        ]
      ],
      "block_metadata": {
        "llm_request_count": 0,
        "llm_error_count": 0,
        "llm_tokens_used": 0
      }
    }
  ],
  "debug_data_path": "debug_data/page-271"
}