{
  "table_of_contents": [
    {
      "title": "\u0938\u092e\u0902 \u0938\u0935\u0937\u0941 \u092d\u0942\u0924\u0947\u0937\u0941 \u093f\u0924\u0924\u0902 \u092a\u0930\u092e\u0947\u0930\u092e\u094d\u0964\n\u093f\u0935\u0928\u092f\u0935\u093f\u0935\u0928\u092f\u0924\u0902 \u092f: \u092a\u092f\u093f\u0924 \u0938 \u092a\u092f\u093f\u0924\u0965\u0968\u096d\u0965",
      "heading_level": null,
      "page_id": 0,
      "polygon": [
        [
          125.0595703125,
          508.53515625
        ],
        [
          464.9765625,
          508.53515625
        ],
        [
          464.9765625,
          555.71484375
        ],
        [
          125.0595703125,
          555.71484375
        ]
      ]
    }
  ],
  "page_stats": [
    {
      "page_id": 0,
      "text_extraction_method": "pdftext",
      "block_counts": [
        [
          "Span",
          110
        ],
        [
          "Line",
          33
        ],
        [
          "Text",
          5
        ],
        [
          "SectionHeader",
          1
        ]
      ],
      "block_metadata": {
        "llm_request_count": 0,
        "llm_error_count": 0,
        "llm_tokens_used": 0
      }
    }
  ],
  "debug_data_path": "debug_data/page-431"
}