{
  "table_of_contents": [
    {
      "title": "\u0947\u092f\u0902 \u092f\u0935\u092f\u093e\u093f\u092e \u092f\u093e\u0935\u093e\u093d\u092e\u0943\u0924\u092e\u0941\u0924\u0947\u0964\n\u0905\u0928\u093e\u093f\u0926\u092e\u092a\u0930\u0902  \u0928 \u0938\u093e\u0938\u0926\n\u0941\n\u092f\u0924\u0947\u0965\u0967\u0968\u0965",
      "heading_level": null,
      "page_id": 0,
      "polygon": [
        [
          126.404296875,
          348.240234375
        ],
        [
          415.3404235839844,
          348.240234375
        ],
        [
          415.3404235839844,
          394.5365905761719
        ],
        [
          126.404296875,
          394.5365905761719
        ]
      ]
    }
  ],
  "page_stats": [
    {
      "page_id": 0,
      "text_extraction_method": "pdftext",
      "block_counts": [
        [
          "Span",
          142
        ],
        [
          "Line",
          34
        ],
        [
          "Text",
          6
        ],
        [
          "SectionHeader",
          1
        ]
      ],
      "block_metadata": {
        "llm_request_count": 0,
        "llm_error_count": 0,
        "llm_tokens_used": 0
      }
    }
  ],
  "debug_data_path": "debug_data/page-411"
}