{
  "table_of_contents": [
    {
      "title": "\u0928 \u0915\u092e\u0923\u093e\u092e\u0928\u093e\u0930\u092d\u093e\u0948\u0915\u092f\u0902 \u092a\u0941\u0937\u094b\u093d\u0941\u0924\u0947\u0964\n\u0928 \u091a \u0938\u0902\u092f\u0938\u0928\u093e\u0926\u0947\u0935 \u093f\u0938\u093f\u0902 \u0938\u092e\u093f\u0927\u0917\u091b\u093f\u0924\u0965\u096a\u0965",
      "heading_level": null,
      "page_id": 0,
      "polygon": [
        [
          126.18017578125,
          455.5546875
        ],
        [
          425.6026611328125,
          455.5546875
        ],
        [
          425.6026611328125,
          501.7045593261719
        ],
        [
          126.18017578125,
          501.7045593261719
        ]
      ]
    }
  ],
  "page_stats": [
    {
      "page_id": 0,
      "text_extraction_method": "pdftext",
      "block_counts": [
        [
          "Span",
          109
        ],
        [
          "Line",
          33
        ],
        [
          "Text",
          5
        ],
        [
          "SectionHeader",
          1
        ]
      ],
      "block_metadata": {
        "llm_request_count": 0,
        "llm_error_count": 0,
        "llm_tokens_used": 0
      }
    }
  ],
  "debug_data_path": "debug_data/page-120"
}