{
  "table_of_contents": [
    {
      "title": "\u0905\u093f\u092d\u0938\u0927\u093e\u092f \u0924\u0941 \u092b\u0932\u0902 \u0926\u092d\u093e\u0925\u092e\u093f\u092a \u091a\u0948\u0935 \u092f\u0924\u094d\u0964\n\u0907\u092f\u0924\u0947 \u092d\u0930\u0924\u0947 \u0924\u0902 \u092f\u0902 \u093f\u0935\u093f \u0930\u093e\u091c\u0938\u092e\u094d\u0965\u0967\u0968\u0965",
      "heading_level": null,
      "page_id": 0,
      "polygon": [
        [
          127.001953125,
          224.103515625
        ],
        [
          443.5184020996094,
          224.103515625
        ],
        [
          443.5184020996094,
          270.70477294921875
        ],
        [
          127.001953125,
          270.70477294921875
        ]
      ]
    },
    {
      "title": "\u093f\u0935\u093f\u0927\u0939\u0940\u0928\u092e\u0938\u0943\n\u093e\u0902 \u092e\u0939\u0940\u0928\u092e\u0926\u093f\u0923\u092e\u094d\u0964\n\u093e\u093f\u0935\u0930\u093f\u0939\u0924\u0902 \u092f\u0902 \u0924\u093e\u092e\u0938\u0902 \u092a\u093f\u0930\u091a\u0924\u0947\u0965\u0967\u0969\u0965",
      "heading_level": null,
      "page_id": 0,
      "polygon": [
        [
          126.18017578125,
          441.6328125
        ],
        [
          404.5653076171875,
          441.6328125
        ],
        [
          404.5653076171875,
          488.8125
        ],
        [
          126.18017578125,
          488.8125
        ]
      ]
    }
  ],
  "page_stats": [
    {
      "page_id": 0,
      "text_extraction_method": "pdftext",
      "block_counts": [
        [
          "Span",
          162
        ],
        [
          "Line",
          31
        ],
        [
          "Text",
          5
        ],
        [
          "SectionHeader",
          2
        ]
      ],
      "block_metadata": {
        "llm_request_count": 0,
        "llm_error_count": 0,
        "llm_tokens_used": 0
      }
    }
  ],
  "debug_data_path": "debug_data/page-501"
}