{
  "table_of_contents": [
    {
      "title": "ON CONCENTRATION 49",
      "heading_level": null,
      "page_id": 0,
      "polygon": [
        [
          225.73974609375,
          74.07163574174047
        ],
        [
          545.9893798828125,
          74.07163574174047
        ],
        [
          545.9893798828125,
          87.78245117142797
        ],
        [
          225.73974609375,
          87.78245117142797
        ]
      ]
    }
  ],
  "page_stats": [
    {
      "page_id": 0,
      "text_extraction_method": "pdftext",
      "block_counts": [
        [
          "Span",
          778
        ],
        [
          "Line",
          42
        ],
        [
          "Text",
          5
        ],
        [
          "SectionHeader",
          1
        ],
        [
          "PageHeader",
          1
        ]
      ],
      "block_metadata": {
        "llm_request_count": 0,
        "llm_error_count": 0,
        "llm_tokens_used": 0
      }
    }
  ],
  "debug_data_path": "debug_data/page-071"
}