{
  "table_of_contents": [
    {
      "title": "\u0928 \u093f\u0939 \u0926\u0947\u0939\u092d\u0943\u0924\u093e \u0936\u092f\u0902 \u092f\u0924\u0941\u0902 \u0915\u092e\u092f\u0936\u0947\u0937\u0924:\u0964\n\u092f\u0924\u0941 \u0915\u092e\u092b\u0932\u092f\u093e\u0917\u0940 \u0938 \u092f\u093e\u0917\u0940\u092f\u093f\u092d\u0927\u0940\u092f\u0924\u0947\u0965\u0967\u0967\u0965",
      "heading_level": null,
      "page_id": 0,
      "polygon": [
        [
          125.6572265625,
          187.6552734375
        ],
        [
          448.2421875,
          187.6552734375
        ],
        [
          448.2421875,
          235.705078125
        ],
        [
          125.6572265625,
          235.705078125
        ]
      ]
    },
    {
      "title": "\u0905\u093f\u0928\u093f\u092e\u0902 \u093f\u092e\u0902 \u091a \u093f\u093f\u0935\u0927\u0902 \u0915\u092e\u0923: \u092b\u0932\u092e\u094d\u0964\n\u092d\u0935\u092f\u092f\u093e\u093f\u0917\u0928 \u0947\u092f \u0928 \u0924\u0941 \u0938\u0902\u092f\u093e\u093f\u0938\u0928 \u0935\u093f\u091a\u0924\u094d\u0965\u0967\u0968\u0965",
      "heading_level": null,
      "page_id": 0,
      "polygon": [
        [
          125.6572265625,
          673.27734375
        ],
        [
          473.94140625,
          673.27734375
        ],
        [
          473.94140625,
          720.45703125
        ],
        [
          125.6572265625,
          720.45703125
        ]
      ]
    }
  ],
  "page_stats": [
    {
      "page_id": 0,
      "text_extraction_method": "pdftext",
      "block_counts": [
        [
          "Span",
          148
        ],
        [
          "Line",
          32
        ],
        [
          "Text",
          5
        ],
        [
          "SectionHeader",
          2
        ]
      ],
      "block_metadata": {
        "llm_request_count": 0,
        "llm_error_count": 0,
        "llm_tokens_used": 0
      }
    }
  ],
  "debug_data_path": "debug_data/page-523"
}