{
  "table_of_contents": [
    {
      "title": "\u092f\u0924: \u0935\u0943\u093f\u092d\u0942\n\u0924\u093e\u0928 \u092f\u0947\u0928 \u0938\u0935\u093f\u092e\u0926\u0902 \u0924\u0924\u092e\u094d\u0964\n\u0935\u0915\u092e\u0923\u093e \u0924\u092e\u092f\u092f \u093f\u0938\u093f\u0902 \u093f\u0935\u0926\u093f\u0924 \u092e\u093e\u0928\u0935:\u0965\u096a\u096c\u0965",
      "heading_level": null,
      "page_id": 0,
      "polygon": [
        [
          126.10546875,
          114.46875
        ],
        [
          455.3904113769531,
          114.46875
        ],
        [
          455.3904113769531,
          162.70452880859375
        ],
        [
          126.10546875,
          162.70452880859375
        ]
      ]
    },
    {
      "title": "\u0947\u092f\u093e\u0928\u094d \u0935\u0927\u092e \u093f\u0935\u0917\u0941\u0923: \u092a\u0930\u0927\u092e\u0935\u0928\u0941\u093f\u0924\u093e\u0924\u094d\u0964\n\u0935\u092d\u093e\u0935\u093f\u0928\u092f\u0924\u0902 \u0915\u092e \u0915\u0941 \u0935\u093e\u094b\u093f\u0924 \u093f\u0915\u093f\u092c\u0937\u092e\u094d\u0965\u096a\u096d\u0965",
      "heading_level": null,
      "page_id": 0,
      "polygon": [
        [
          124.91015625,
          411.85546875
        ],
        [
          443.5534973144531,
          411.85546875
        ],
        [
          443.5534973144531,
          459.9311218261719
        ],
        [
          124.91015625,
          459.9311218261719
        ]
      ]
    }
  ],
  "page_stats": [
    {
      "page_id": 0,
      "text_extraction_method": "pdftext",
      "block_counts": [
        [
          "Span",
          155
        ],
        [
          "Line",
          31
        ],
        [
          "Text",
          6
        ],
        [
          "SectionHeader",
          2
        ]
      ],
      "block_metadata": {
        "llm_request_count": 0,
        "llm_error_count": 0,
        "llm_tokens_used": 0
      }
    }
  ],
  "debug_data_path": "debug_data/page-547"
}