{
  "table_of_contents": [
    {
      "title": "154 YOGA PHILOSOPHY OF PATA^JALI",
      "heading_level": null,
      "page_id": 0,
      "polygon": [
        [
          55.900001525878906,
          71.06058837845922
        ],
        [
          423.5888671875,
          71.06058837845922
        ],
        [
          423.5888671875,
          90.24052001908422
        ],
        [
          55.900001525878906,
          90.24052001908422
        ]
      ]
    }
  ],
  "page_stats": [
    {
      "page_id": 0,
      "text_extraction_method": "pdftext",
      "block_counts": [
        [
          "Span",
          813
        ],
        [
          "Line",
          39
        ],
        [
          "Text",
          5
        ],
        [
          "SectionHeader",
          1
        ]
      ],
      "block_metadata": {
        "llm_request_count": 0,
        "llm_error_count": 0,
        "llm_tokens_used": 0
      }
    }
  ],
  "debug_data_path": "debug_data/page-176"
}