{
  "table_of_contents": [
    {
      "title": "\u0905\u0935\u091c\u093e\u0928\u093f\u0924 \u092e \u092e\u0942\u0922\u093e \u092e\u093e\u0928\u0941\u0937\u0974 \u0924\u0928\u0941\u092e\u093e\u093f\u0924\u092e\u094d\u0964\n\u092a\u0930\u0902 \u092d\u093e\u0935\u092e\u091c\u093e\u0928\u0924\u094b \u092e\u092e \u092d\u0942\u0924\u092e\u0939\u0947\u0930\u092e\u094d\u0965\u0967\u0967\u0965",
      "heading_level": null,
      "page_id": 0,
      "polygon": [
        [
          125.806640625,
          557.26171875
        ],
        [
          407.7814636230469,
          557.26171875
        ],
        [
          407.7814636230469,
          602.89453125
        ],
        [
          125.806640625,
          602.89453125
        ]
      ]
    }
  ],
  "page_stats": [
    {
      "page_id": 0,
      "text_extraction_method": "pdftext",
      "block_counts": [
        [
          "Span",
          135
        ],
        [
          "Line",
          33
        ],
        [
          "Text",
          4
        ],
        [
          "SectionHeader",
          1
        ]
      ],
      "block_metadata": {
        "llm_request_count": 0,
        "llm_error_count": 0,
        "llm_tokens_used": 0
      }
    }
  ],
  "debug_data_path": "debug_data/page-300"
}