{
  "table_of_contents": [
    {
      "title": "\u092a\u092f \u092e\u0947 \u092a\u093e\u0925 \u092a\u093e\u093f\u0923 \u0936\u0924\u0936\u094b\u093d\u0925 \u0938\u0939\u0936:\u0964\n\u0928\u093e\u0928\u093e\u093f\u0935\u0927\u093e\u093f\u0928 \u093f\u0926\u092f\u093e\u093f\u0928 \u0928\u093e\u0928\u093e\u0935\u0923\u0915\u0943 \u0924\u0940\u093f\u0928 \u091a\u0965\u096b\u0965",
      "heading_level": null,
      "page_id": 0,
      "polygon": [
        [
          125.88134765625,
          175.5703125
        ],
        [
          429.49993896484375,
          175.5703125
        ],
        [
          429.49993896484375,
          222.95037841796875
        ],
        [
          125.88134765625,
          222.95037841796875
        ]
      ]
    },
    {
      "title": "\u092a\u092f\u093e\u093f\u0926\u092f\u093e\u0935\u0938\u0942\u0928\u094d \u093e\u0928\u093f\u0928\u094c \u092e\u0924\u0924\u0925\u093e\u0964\n\u092c\u0939\n\u0942\n\u092f\u0926\n\u0943\n\u092a\u0942\u0935\u093f\u0923 \u092a\u092f\u093e\u092f\u093f\u0923 \u092d\u093e\u0930\u0924\u0965\u096c\u0965",
      "heading_level": null,
      "page_id": 0,
      "polygon": [
        [
          124.3125,
          430.03125
        ],
        [
          408.2329406738281,
          430.03125
        ],
        [
          408.2329406738281,
          477.7558288574219
        ],
        [
          124.3125,
          477.7558288574219
        ]
      ]
    },
    {
      "title": "\u0907\u0939\u0948\u0915\u0925\u0902 \u091c\u0917\u0915\u0943\n\u0928\u0902 \u092a\u092f\u093e \u0938\u091a\u0930\u093e\u091a\u0930\u092e\u094d\u0964",
      "heading_level": null,
      "page_id": 0,
      "polygon": [
        [
          127.22607421875,
          690.6796875
        ],
        [
          414.4786376953125,
          690.6796875
        ],
        [
          414.4786376953125,
          717.75
        ],
        [
          127.22607421875,
          717.75
        ]
      ]
    }
  ],
  "page_stats": [
    {
      "page_id": 0,
      "text_extraction_method": "pdftext",
      "block_counts": [
        [
          "Span",
          167
        ],
        [
          "Line",
          35
        ],
        [
          "Text",
          9
        ],
        [
          "SectionHeader",
          3
        ]
      ],
      "block_metadata": {
        "llm_request_count": 0,
        "llm_error_count": 0,
        "llm_tokens_used": 0
      }
    }
  ],
  "debug_data_path": "debug_data/page-341"
}