{
  "table_of_contents": [
    {
      "title": "\u0926\u0947\u0935\u093e\u0928\u094d \u092d\u093e\u0935\u092f\u0924\u093e\u0928\u0928\u0947 \u0924\u0947 \u0926\u0947\u0935\u093e \u092d\u093e\u0935\u092f\u0924\u0941 \u0935:\u0964\n\u092a\u0930\u092a\u0930\u0902 \u092d\u093e\u0935\u092f\u0924: \u0947\u092f: \u092a\u0930\u092e\u0935\u093e\u092f\u0925\u0965\u0967\u0967\u0965",
      "heading_level": null,
      "page_id": 0,
      "polygon": [
        [
          126.47900390625,
          247.11328125
        ],
        [
          421.61083984375,
          247.11328125
        ],
        [
          421.61083984375,
          296.2045593261719
        ],
        [
          126.47900390625,
          296.2045593261719
        ]
      ]
    },
    {
      "title": "\u0907\u093e\u092d\u094b\u0917\u093e\u093f\u0939 \u0935\u094b \u0926\u0947\u0935\u093e \u0926\u093e\u092f\u0924\u0947 \u092f\u092d\u093e\u093f\u0935\u0924\u093e:\u0964\n\u0924\u0948\u0926\u093e\u0928\u0926\u093e\u092f\u0948\u092f\u094b \u092f\u094b \u092d\u0941\u0924\u0947 \u0924\u0947\u0928 \u090f\u0935 \u0938:\u0965\u0967\u0968\u0965",
      "heading_level": null,
      "page_id": 0,
      "polygon": [
        [
          124.7607421875,
          508.53515625
        ],
        [
          461.8314208984375,
          508.53515625
        ],
        [
          461.8314208984375,
          558.03515625
        ],
        [
          124.7607421875,
          558.03515625
        ]
      ]
    }
  ],
  "page_stats": [
    {
      "page_id": 0,
      "text_extraction_method": "pdftext",
      "block_counts": [
        [
          "Span",
          174
        ],
        [
          "Line",
          31
        ],
        [
          "Text",
          7
        ],
        [
          "SectionHeader",
          2
        ]
      ],
      "block_metadata": {
        "llm_request_count": 0,
        "llm_error_count": 0,
        "llm_tokens_used": 0
      }
    }
  ],
  "debug_data_path": "debug_data/page-125"
}