{
  "table_of_contents": [
    {
      "title": "\u093f\u0928\u092f\u0902 \u0936\u0943\u0923\u0941 \u092e\u0947 \u0924 \u092f\u093e\u0917\u0947 \u092d\u0930\u0924\u0938\u092e\u0964\n\u092f\u093e\u0917\u094b \u093f\u0939 \u092a\u0941\u0937\u092f\u093e \u093f\u093f\u0935\u0927: \u0938\u0915\u0940\u093f\u0924\u0924:\u0965\u096a\u0965",
      "heading_level": null,
      "page_id": 0,
      "polygon": [
        [
          122.9677734375,
          582.01171875
        ],
        [
          445.8515625,
          582.01171875
        ],
        [
          445.8515625,
          627.7045593261719
        ],
        [
          122.9677734375,
          627.7045593261719
        ]
      ]
    }
  ],
  "page_stats": [
    {
      "page_id": 0,
      "text_extraction_method": "pdftext",
      "block_counts": [
        [
          "Span",
          106
        ],
        [
          "Line",
          32
        ],
        [
          "Text",
          4
        ],
        [
          "SectionHeader",
          1
        ]
      ],
      "block_metadata": {
        "llm_request_count": 0,
        "llm_error_count": 0,
        "llm_tokens_used": 0
      }
    }
  ],
  "debug_data_path": "debug_data/page-516"
}