{
  "table_of_contents": [
    {
      "title": "\u0924\u092a\u093e\u092f\u0939\u092e\u0939\u0902 \u0935\u0937\u0902 \u093f\u0928\u0917\u0943\u093e\u092f\u0941\n\u0938\u0943\u091c\u093e\u093f\u092e \u091a\u0964\n\u0905\u092e\u0943\u0924\u0902 \u091a\u0948\u0935 \u092e\u0943\n\u092f\u0941 \u0938\u0926\u0938\u091a\u093e\u0939\u092e\u091c\u0941\n\u0928\u0965\u0967\u096f\u0965",
      "heading_level": null,
      "page_id": 0,
      "polygon": [
        [
          127.001953125,
          177.4072265625
        ],
        [
          411.31915283203125,
          177.4072265625
        ],
        [
          411.31915283203125,
          226.037109375
        ],
        [
          127.001953125,
          226.037109375
        ]
      ]
    },
    {
      "title": "\u0948\u093f\u0935\u093e \u092e \u0938\u094b\u092e\u092a\u093e: \u092a\u0942\u0924\u092a\u093e\u092a\u093e\n\u092f\u0948\u093f\u0930\u0935\u093e \u0935\u0917\u093f\u0924\u0902 \u093e\u0925\u092f\u0924\u0947\u0964\n\u0924\u0947 \u092a\u0941\n\u092f\u092e\u093e\u0938\u093e \u0938\u0941\u0930\u0947\u0932\u094b\u0915-\n\u092e\u093f\u0924 \u093f\u0926\u092f\u093e\u093f\u0926\u093f\u0935 \u0926\u0947\u0935\u092d\u094b\u0917\u093e\u0928\u094d\u0965\u0968\u0966\u0965",
      "heading_level": null,
      "page_id": 0,
      "polygon": [
        [
          127.74610900878906,
          546.8203125
        ],
        [
          380.6524353027344,
          546.8203125
        ],
        [
          380.6524353027344,
          638.2055358886719
        ],
        [
          127.74610900878906,
          638.2055358886719
        ]
      ]
    }
  ],
  "page_stats": [
    {
      "page_id": 0,
      "text_extraction_method": "pdftext",
      "block_counts": [
        [
          "Span",
          131
        ],
        [
          "Line",
          34
        ],
        [
          "Text",
          6
        ],
        [
          "SectionHeader",
          2
        ]
      ],
      "block_metadata": {
        "llm_request_count": 0,
        "llm_error_count": 0,
        "llm_tokens_used": 0
      }
    }
  ],
  "debug_data_path": "debug_data/page-305"
}