{
  "table_of_contents": [
    {
      "title": "3SB vonA PHILOSOPHV oK pataRjaij",
      "heading_level": null,
      "page_id": 0,
      "polygon": [
        [
          68.9000015258789,
          59.239909667521715
        ],
        [
          439.27734375,
          59.239909667521715
        ],
        [
          439.27734375,
          78.2694091796875
        ],
        [
          68.9000015258789,
          78.2694091796875
        ]
      ]
    },
    {
      "title": "Thenef Develop The Power Of Minification And Other\nBodily Acquisition*. There Is Also No Resistance By\nIt* Characteristics, 45,",
      "heading_level": null,
      "page_id": 0,
      "polygon": [
        [
          91.9000015258789,
          191.32938720658422
        ],
        [
          520.625,
          191.32938720658422
        ],
        [
          520.625,
          242.40342285111547
        ],
        [
          91.9000015258789,
          242.40342285111547
        ]
      ]
    }
  ],
  "page_stats": [
    {
      "page_id": 0,
      "text_extraction_method": "pdftext",
      "block_counts": [
        [
          "Span",
          541
        ],
        [
          "Line",
          35
        ],
        [
          "Text",
          6
        ],
        [
          "SectionHeader",
          2
        ]
      ],
      "block_metadata": {
        "llm_request_count": 0,
        "llm_error_count": 0,
        "llm_tokens_used": 0
      }
    }
  ],
  "debug_data_path": "debug_data/page-380"
}