{
  "table_of_contents": [
    {
      "title": "YOGA PHILOSOPHY OF FATA?SJALJ",
      "heading_level": null,
      "page_id": 0,
      "polygon": [
        [
          188.697509765625,
          71.71464111283422
        ],
        [
          433.466796875,
          71.71464111283422
        ],
        [
          433.466796875,
          89.2158203125
        ],
        [
          188.697509765625,
          89.2158203125
        ]
      ]
    }
  ],
  "page_stats": [
    {
      "page_id": 0,
      "text_extraction_method": "pdftext",
      "block_counts": [
        [
          "Span",
          650
        ],
        [
          "Line",
          41
        ],
        [
          "Text",
          4
        ],
        [
          "SectionHeader",
          1
        ]
      ],
      "block_metadata": {
        "llm_request_count": 0,
        "llm_error_count": 0,
        "llm_tokens_used": 0
      }
    }
  ],
  "debug_data_path": "debug_data/page-174"
}