{
  "table_of_contents": [
    {
      "title": "CENTRAL LIBRARY",
      "heading_level": null,
      "page_id": 0,
      "polygon": [
        [
          278.03466796875,
          4.008544921875
        ],
        [
          311.8673095703125,
          4.008544921875
        ],
        [
          311.8673095703125,
          32.45379638671875
        ],
        [
          278.03466796875,
          32.45379638671875
        ]
      ]
    },
    {
      "title": "ON PRACTICE 221",
      "heading_level": null,
      "page_id": 0,
      "polygon": [
        [
          237.796630859375,
          77.25449706986547
        ],
        [
          526.0986328125,
          77.25449706986547
        ],
        [
          526.0986328125,
          90.35984374955297
        ],
        [
          237.796630859375,
          90.35984374955297
        ]
      ]
    },
    {
      "title": "WmTTW^f iH^JU- \u00a3***&{ II ^ II",
      "heading_level": null,
      "page_id": 0,
      "polygon": [
        [
          93.25927734375,
          233.43943359330297
        ],
        [
          412.83935546875,
          233.43943359330297
        ],
        [
          412.83935546875,
          270.6129565425217
        ],
        [
          93.25927734375,
          270.6129565425217
        ]
      ]
    },
    {
      "title": "The Absence Of Alliance That Arises From Want Of It\nIs The Escape And That Is The State Of Isolation\nOf The Seer, 25,",
      "heading_level": null,
      "page_id": 0,
      "polygon": [
        [
          80.911865234375,
          446.8669543452561
        ],
        [
          511.328125,
          446.8669543452561
        ],
        [
          511.328125,
          498.53611328080297
        ],
        [
          80.911865234375,
          498.53611328080297
        ]
      ]
    }
  ],
  "page_stats": [
    {
      "page_id": 0,
      "text_extraction_method": "pdftext",
      "block_counts": [
        [
          "Span",
          486
        ],
        [
          "Line",
          32
        ],
        [
          "Text",
          7
        ],
        [
          "SectionHeader",
          4
        ],
        [
          "PageHeader",
          1
        ]
      ],
      "block_metadata": {
        "llm_request_count": 0,
        "llm_error_count": 0,
        "llm_tokens_used": 0
      }
    }
  ],
  "debug_data_path": "debug_data/page-243"
}