{
  "table_of_contents": [
    {
      "title": "\u091c\u0939\u093e\u093f\u0924 \u092f\u0926\u093e \u0915\u093e\u092e\u093e\u0938\u0935\u092a\u093e\u0925 \u092e\u0928\u094b\u0917\u0924\u093e\u0928\u094d\u0964\n\u0906\u092e\u092f\u0947\u0935\u093e\u092e\u0928\u093e \u0924\u0941\n: \u093f\u0925\u0924\u0924\u0926\u094b\u092f\u0924\u0947\u0965\u096b\u096b\u0965",
      "heading_level": null,
      "page_id": 0,
      "polygon": [
        [
          126.404296875,
          70.3828125
        ],
        [
          449.8371887207031,
          70.3828125
        ],
        [
          449.8371887207031,
          116.20452880859375
        ],
        [
          126.404296875,
          116.20452880859375
        ]
      ]
    }
  ],
  "page_stats": [
    {
      "page_id": 0,
      "text_extraction_method": "pdftext",
      "block_counts": [
        [
          "Span",
          107
        ],
        [
          "Line",
          33
        ],
        [
          "Text",
          4
        ],
        [
          "SectionHeader",
          1
        ]
      ],
      "block_metadata": {
        "llm_request_count": 0,
        "llm_error_count": 0,
        "llm_tokens_used": 0
      }
    }
  ],
  "debug_data_path": "debug_data/page-085"
}