{
  "table_of_contents": [
    {
      "title": "\u093f\u093f\u0935\u0927\u093e \u092d\u0935\u093f\u0924 \u093e \u0926\u0947\u093f\u0939\u0928 \u0938\u093e \u0935\u092d\u093e\u0935\u091c\u093e\u0964\n\u0938\u093e\u093f\u0935\u0915\u0940 \u0930\u093e\u091c\u0938\u0940 \u091a\u0948\u0935 \u0924\u093e\u092e\u0938\u0940 \u091a\u0947\u093f\u0924 \u0924 \u0936\u0943\u0923\u0941\u0965\u0968\u0965",
      "heading_level": null,
      "page_id": 0,
      "polygon": [
        [
          126.703125,
          426.1640625
        ],
        [
          466.6746826171875,
          426.1640625
        ],
        [
          466.6746826171875,
          472.5703125
        ],
        [
          126.703125,
          472.5703125
        ]
      ]
    }
  ],
  "page_stats": [
    {
      "page_id": 0,
      "text_extraction_method": "pdftext",
      "block_counts": [
        [
          "Span",
          125
        ],
        [
          "Line",
          30
        ],
        [
          "Text",
          7
        ],
        [
          "SectionHeader",
          1
        ]
      ],
      "block_metadata": {
        "llm_request_count": 0,
        "llm_error_count": 0,
        "llm_tokens_used": 0
      }
    }
  ],
  "debug_data_path": "debug_data/page-496"
}