{
  "table_of_contents": [
    {
      "title": "\u0926\u0947\u0939\u0940 \u093f\u0928\u092f\u092e\u0935\u092f\u094b\u093d\u092f\u0902 \u0926\u0947\u0939\u0947 \u0938\u0935\u092f \u092d\u093e\u0930\u0924\u0964\n\u0924\u092e\u093e\u0938\u0935\u093f\u0923 \u092d\u0942\u0924\u093e\u093f\u0928 \u0928 \u0935\u0902 \u0936\u094b\u093f\u091a\u0924\u0941\u092e\u0939\u093f\u0938\u0965\u0969\u0966\u0965",
      "heading_level": null,
      "page_id": 0,
      "polygon": [
        [
          123.71484375,
          428.09765625
        ],
        [
          451.75860595703125,
          428.09765625
        ],
        [
          451.75860595703125,
          474.50390625
        ],
        [
          123.71484375,
          474.50390625
        ]
      ]
    }
  ],
  "page_stats": [
    {
      "page_id": 0,
      "text_extraction_method": "pdftext",
      "block_counts": [
        [
          "Span",
          142
        ],
        [
          "Line",
          31
        ],
        [
          "Text",
          6
        ],
        [
          "SectionHeader",
          1
        ]
      ],
      "block_metadata": {
        "llm_request_count": 0,
        "llm_error_count": 0,
        "llm_tokens_used": 0
      }
    }
  ],
  "debug_data_path": "debug_data/page-070"
}