{
  "table_of_contents": [
    {
      "title": "\u0926\u0947\u0935\u093f\u091c\u0917\u0941\u093e\u092a\u0942\u091c\u0928\u0902 \u0936\u094c\u091a\u092e\u093e\u091c\u0935\u092e\u094d\u0964\n\u091a\u092f\u092e\u093f\u0939\u0938\u0902 \u093e \u091a \u0936\u093e\u0930\u0940\u0930\u0902 \u0924\u092a \u0909\u092f\u0924\u0947\u0965\u0967\u096a\u0965",
      "heading_level": null,
      "page_id": 0,
      "polygon": [
        [
          126.32958984375,
          139.798828125
        ],
        [
          419.853515625,
          139.798828125
        ],
        [
          419.853515625,
          188.71875
        ],
        [
          126.32958984375,
          188.71875
        ]
      ]
    },
    {
      "title": "\u0905\u0928\u0941\u0947\u0917\u0915\u0930\u0902 \u0935\u093e\u092f\u0902 \u0938\u092f\u0902 \u093f\u092f\u093f\u0939\u0924\u0902 \u091a \u092f\u0924\u094d\u0964\n\u0935\u093e\u092f\u093e\u092f\u093e\u092f\u0938\u0928\u0902 \u091a\u0948\u0935 \u0935\u093e\u092e\u092f\u0902 \u0924\u092a \u0909\u092f\u0924\u0947\u0965\u0967\u096b\u0965",
      "heading_level": null,
      "page_id": 0,
      "polygon": [
        [
          125.5078125,
          412.2421875
        ],
        [
          451.828125,
          412.2421875
        ],
        [
          451.828125,
          459.7045593261719
        ],
        [
          125.5078125,
          459.7045593261719
        ]
      ]
    }
  ],
  "page_stats": [
    {
      "page_id": 0,
      "text_extraction_method": "pdftext",
      "block_counts": [
        [
          "Span",
          129
        ],
        [
          "Line",
          31
        ],
        [
          "Text",
          7
        ],
        [
          "SectionHeader",
          2
        ]
      ],
      "block_metadata": {
        "llm_request_count": 0,
        "llm_error_count": 0,
        "llm_tokens_used": 0
      }
    }
  ],
  "debug_data_path": "debug_data/page-502"
}