{
  "table_of_contents": [
    {
      "title": "ON PRACtlCE 177",
      "heading_level": null,
      "page_id": 0,
      "polygon": [
        [
          241.282958984375,
          72.55350830033422
        ],
        [
          531.63330078125,
          72.55350830033422
        ],
        [
          531.63330078125,
          86.84611083939672
        ],
        [
          241.282958984375,
          86.84611083939672
        ]
      ]
    }
  ],
  "page_stats": [
    {
      "page_id": 0,
      "text_extraction_method": "pdftext",
      "block_counts": [
        [
          "Span",
          604
        ],
        [
          "Line",
          36
        ],
        [
          "Text",
          4
        ],
        [
          "SectionHeader",
          1
        ],
        [
          "PageHeader",
          1
        ]
      ],
      "block_metadata": {
        "llm_request_count": 0,
        "llm_error_count": 0,
        "llm_tokens_used": 0
      }
    }
  ],
  "debug_data_path": "debug_data/page-199"
}