{
  "table_of_contents": [
    {
      "title": "CHAPTER 6\nTHE YOG OF MEDITATION",
      "heading_level": null,
      "page_id": 0,
      "polygon": [
        [
          116.841796875,
          91.845703125
        ],
        [
          501.732421875,
          91.845703125
        ],
        [
          501.732421875,
          184.46484375
        ],
        [
          116.841796875,
          184.46484375
        ]
      ]
    },
    {
      "title": "\u093e\u0928\u092f\u094b\u0917\u0903",
      "heading_level": null,
      "page_id": 0,
      "polygon": [
        [
          245.88284301757812,
          203.994140625
        ],
        [
          371.14453125,
          203.994140625
        ],
        [
          371.14453125,
          241.892578125
        ],
        [
          245.88284301757812,
          241.892578125
        ]
      ]
    }
  ],
  "page_stats": [
    {
      "page_id": 0,
      "text_extraction_method": "pdftext",
      "block_counts": [
        [
          "Span",
          68
        ],
        [
          "Line",
          26
        ],
        [
          "Text",
          4
        ],
        [
          "SectionHeader",
          2
        ]
      ],
      "block_metadata": {
        "llm_request_count": 0,
        "llm_error_count": 0,
        "llm_tokens_used": 0
      }
    }
  ],
  "debug_data_path": "debug_data/page-221"
}