{
  "table_of_contents": [
    {
      "title": "\u092e\u092f\u093e \u0939\u0924\u0935\u0902 \u091c\u093f\u0939 \u092e\u093e \u092f\u093f\u0925\u093e\n\u092f\u0941\n\u092f\u0935 \u091c\u0947\u0924\u093e\u093f\u0938 \u0930\u0923\u0947 \u0938\u092a\u093e\u0928\u094d\u0965\u0969\u096a\u0965",
      "heading_level": null,
      "page_id": 0,
      "polygon": [
        [
          125.806640625,
          70.0927734375
        ],
        [
          372.0255432128906,
          70.0927734375
        ],
        [
          372.0255432128906,
          116.20452880859375
        ],
        [
          125.806640625,
          116.20452880859375
        ]
      ]
    }
  ],
  "page_stats": [
    {
      "page_id": 0,
      "text_extraction_method": "pdftext",
      "block_counts": [
        [
          "Span",
          130
        ],
        [
          "Line",
          34
        ],
        [
          "Text",
          7
        ],
        [
          "SectionHeader",
          1
        ]
      ],
      "block_metadata": {
        "llm_request_count": 0,
        "llm_error_count": 0,
        "llm_tokens_used": 0
      }
    }
  ],
  "debug_data_path": "debug_data/page-356"
}