{
  "table_of_contents": [
    {
      "title": "\u092f\u093e\u0935\u0938\u093e\u092f\u0924\u0947 \u093f\u0915\u093f\u091a\u0938\u0935\u0902 \u0925\u093e\u0935\u0930\u091c\u092e\u092e\u094d\u0964\n\u0947\u0947\u0938\u0902\u092f\u094b\u0917\u093e\u093f\u093f \u092d\u0930\u0924\u0937\u092d\u0965\u0968\u096c\u0965",
      "heading_level": null,
      "page_id": 0,
      "polygon": [
        [
          126.10546875,
          152.3671875
        ],
        [
          423.5594482421875,
          152.3671875
        ],
        [
          423.5594482421875,
          199.353515625
        ],
        [
          126.10546875,
          199.353515625
        ]
      ]
    }
  ],
  "page_stats": [
    {
      "page_id": 0,
      "text_extraction_method": "pdftext",
      "block_counts": [
        [
          "Span",
          105
        ],
        [
          "Line",
          33
        ],
        [
          "Text",
          5
        ],
        [
          "SectionHeader",
          1
        ]
      ],
      "block_metadata": {
        "llm_request_count": 0,
        "llm_error_count": 0,
        "llm_tokens_used": 0
      }
    }
  ],
  "debug_data_path": "debug_data/page-430"
}