{
  "table_of_contents": [
    {
      "title": "\u092a\u0941\u0937: \u0915\u0943\n\u093f\u0924\u0925\u094b \u093f\u0939 \u092d\u0941\u0924\u0947 \u0915\u0943\n\u093f\u0924\u091c\u093e\u0917\u0941\u0923\u093e\u0928\u094d\u0964\n\u0915\u093e\u0930\u0923\u0902 \u0917\u0941\u0923\u0938\u094b\u093d\u092f \u0938\u0926\u0938\u094b\u093f\u0928\u091c\u092e\u0938\u0941\u0965\u0968\u0967\u0965",
      "heading_level": null,
      "page_id": 0,
      "polygon": [
        [
          125.6572265625,
          98.033203125
        ],
        [
          444.1427001953125,
          98.033203125
        ],
        [
          444.1427001953125,
          144.70452880859375
        ],
        [
          125.6572265625,
          144.70452880859375
        ]
      ]
    }
  ],
  "page_stats": [
    {
      "page_id": 0,
      "text_extraction_method": "pdftext",
      "block_counts": [
        [
          "Span",
          122
        ],
        [
          "Line",
          35
        ],
        [
          "Text",
          4
        ],
        [
          "SectionHeader",
          1
        ]
      ],
      "block_metadata": {
        "llm_request_count": 0,
        "llm_error_count": 0,
        "llm_tokens_used": 0
      }
    }
  ],
  "debug_data_path": "debug_data/page-423"
}