{
  "table_of_contents": [
    {
      "title": "182 yoga philosophy qi pataRjali",
      "heading_level": null,
      "page_id": 0,
      "polygon": [
        [
          74.9000015258789,
          59.608928222209215
        ],
        [
          447.70263671875,
          59.608928222209215
        ],
        [
          447.70263671875,
          75.17966796830297
        ],
        [
          74.9000015258789,
          75.17966796830297
        ]
      ]
    }
  ],
  "page_stats": [
    {
      "page_id": 0,
      "text_extraction_method": "pdftext",
      "block_counts": [
        [
          "Span",
          761
        ],
        [
          "Line",
          40
        ],
        [
          "Text",
          4
        ],
        [
          "SectionHeader",
          1
        ],
        [
          "PageHeader",
          1
        ]
      ],
      "block_metadata": {
        "llm_request_count": 0,
        "llm_error_count": 0,
        "llm_tokens_used": 0
      }
    }
  ],
  "debug_data_path": "debug_data/page-204"
}