{
  "table_of_contents": [
    {
      "title": "\u0905\u0939\u092e\u093e\u093f\u0926\u093f\u0939 \u0926\u0947\u0935\u093e\u0928 \u092e\u0939\u0937\u0923 \u091a \u0938\u0935\u0936:\u0965\u0968\u0965",
      "heading_level": null,
      "page_id": 0,
      "polygon": [
        [
          127.74610900878906,
          69.3193359375
        ],
        [
          413.9866943359375,
          69.3193359375
        ],
        [
          413.9866943359375,
          93.70458984375
        ],
        [
          127.74610900878906,
          93.70458984375
        ]
      ]
    },
    {
      "title": "\u092f\u094b \u092e\u093e\u092e\u091c\u092e\u0928\u093e\u093f\u0926\u0902 \u091a \u0935\u0947\u093f \u0932\u094b\u0915\u092e\u0939\u0947\u0930\u092e\u094d\u0964\n\u0905\u0938\u0902\u092e\u0942\u0922: \u0938 \u092e\u092f\u0937\u0941 \u0938\u0935\u092a\u093e\u092a\u0948\n: \u092e\u0941\n\u092f\u0924\u0947\u0965\u0969\u0965",
      "heading_level": null,
      "page_id": 0,
      "polygon": [
        [
          127.37548828125,
          326.970703125
        ],
        [
          412.0758972167969,
          326.970703125
        ],
        [
          412.0758972167969,
          372.990234375
        ],
        [
          127.37548828125,
          372.990234375
        ]
      ]
    }
  ],
  "page_stats": [
    {
      "page_id": 0,
      "text_extraction_method": "pdftext",
      "block_counts": [
        [
          "Span",
          157
        ],
        [
          "Line",
          33
        ],
        [
          "Text",
          8
        ],
        [
          "SectionHeader",
          2
        ]
      ],
      "block_metadata": {
        "llm_request_count": 0,
        "llm_error_count": 0,
        "llm_tokens_used": 0
      }
    }
  ],
  "debug_data_path": "debug_data/page-318"
}