{
  "table_of_contents": [
    {
      "title": "ON CONUF.NTRA LTON IT",
      "heading_level": null,
      "page_id": 0,
      "polygon": [
        [
          226.10000610351562,
          71.66044189408422
        ],
        [
          538.1537475585938,
          71.66044189408422
        ],
        [
          538.1537475585938,
          86.13232421875
        ],
        [
          226.10000610351562,
          86.13232421875
        ]
      ]
    }
  ],
  "page_stats": [
    {
      "page_id": 0,
      "text_extraction_method": "pdftext",
      "block_counts": [
        [
          "Span",
          861
        ],
        [
          "Line",
          41
        ],
        [
          "Text",
          4
        ],
        [
          "SectionHeader",
          1
        ],
        [
          "PageHeader",
          1
        ]
      ],
      "block_metadata": {
        "llm_request_count": 0,
        "llm_error_count": 0,
        "llm_tokens_used": 0
      }
    }
  ],
  "debug_data_path": "debug_data/page-049"
}