{
  "table_of_contents": [
    {
      "title": "\u0938\u092e\u094b\u093d\u0939\u0902 \u0938\u0935\u092d\u0942\u0924\u0947\u0937\u0941 \u0928 \u092e\u0947 \u0947\u092f\u094b\u093d\u093f\u0924 \u0928 \u093f\u092f:\u0964\n\u092f\u0947 \u092d\u091c\u093f\u0924 \u0924\u0941 \u092e \u092d\u092f\u093e \u092e\u093f\u092f \u0924\u0947 \u0924\u0947\u0937\u0941 \u091a\u093e\u092f\u0939\u092e\u094d\u0965\u0968\u096f\u0965",
      "heading_level": null,
      "page_id": 0,
      "polygon": [
        [
          124.1630859375,
          132.2578125
        ],
        [
          494.1064147949219,
          132.2578125
        ],
        [
          494.1064147949219,
          180.791015625
        ],
        [
          124.1630859375,
          180.791015625
        ]
      ]
    },
    {
      "title": "\u0905\u093f\u092a \u091a\u0947\u0924\u094d \u0938\u0941\u0926\u0930\n\u0941\n\u093e\u091a\u093e\u0930\u094b \u092d\u091c\u0924\u0947 \u092e\u093e\u092e\u0928\u092f\u092d\u093e\u0915\u094d \u0964\n\u0938\u093e\u0927\u0941\u0930\u0947\u0935 \u0938 \u092e\u0924\u092f: \u0938\u092f\u092f\u0935\u093f\u0938\u0924\u094b \u093f\u0939 \u0938:\u0965\u0969\u0966\u0965",
      "heading_level": null,
      "page_id": 0,
      "polygon": [
        [
          126.2548828125,
          468.703125
        ],
        [
          463.6287841796875,
          468.703125
        ],
        [
          463.6287841796875,
          513.7045593261719
        ],
        [
          126.2548828125,
          513.7045593261719
        ]
      ]
    }
  ],
  "page_stats": [
    {
      "page_id": 0,
      "text_extraction_method": "pdftext",
      "block_counts": [
        [
          "Span",
          186
        ],
        [
          "Line",
          34
        ],
        [
          "Text",
          7
        ],
        [
          "SectionHeader",
          2
        ]
      ],
      "block_metadata": {
        "llm_request_count": 0,
        "llm_error_count": 0,
        "llm_tokens_used": 0
      }
    }
  ],
  "debug_data_path": "debug_data/page-311"
}