{
  "table_of_contents": [
    {
      "title": "YOGA PHILOSOPHY OF PATA\u00d1IALI",
      "heading_level": null,
      "page_id": 0,
      "polygon": [
        [
          187.34256926952142,
          73.47818343722173
        ],
        [
          431.43310546875,
          73.47818343722173
        ],
        [
          431.43310546875,
          87.468505859375
        ],
        [
          187.34256926952142,
          87.468505859375
        ]
      ]
    }
  ],
  "page_stats": [
    {
      "page_id": 0,
      "text_extraction_method": "surya",
      "block_counts": [
        [
          "Line",
          31
        ],
        [
          "Span",
          31
        ],
        [
          "Text",
          5
        ],
        [
          "SectionHeader",
          1
        ],
        [
          "PageHeader",
          1
        ]
      ],
      "block_metadata": {
        "llm_request_count": 0,
        "llm_error_count": 0,
        "llm_tokens_used": 0
      }
    }
  ],
  "debug_data_path": "debug_data/page-316"
}