{
  "table_of_contents": [
    {
      "title": "\u092a\u093e\u091a\u091c\u092f\u0902 \u0939\n\u0943\n\u0937\u0940\u0915\u0947 \u0936\u094b \u0926\u0947\u0935\u0926\u0902 \u0927\u0928\u092f:\u0964\n\u092a\u094c\u0902 \u0926\u092e\u094c \u092e\u0939\u093e\u0936\u0902 \u092d\u0940\u092e\u0915\u092e \u0935\u0943\u0915\u094b\u0926\u0930:\u0965\u0967\u096b\u0965",
      "heading_level": null,
      "page_id": 0,
      "polygon": [
        [
          125.5078125,
          131.9677734375
        ],
        [
          438.8758544921875,
          131.9677734375
        ],
        [
          438.8758544921875,
          181.4677734375
        ],
        [
          125.5078125,
          181.4677734375
        ]
      ]
    },
    {
      "title": "\u0905\u0928\u0924\u093f\u0935\u091c\u092f\u0902 \u0930\u093e\u091c\u093e \u0915\u0941\n\u0924\u0940\u092a\u0941\u094b \u092f\u0941\u093f\u0927\u093f\u0930:\u0964\n\u0928\u0915\u0941 \u0932: \u0938\u0939\u0926\u0947\u0935 \u0938\u0941\u0918\u094b\u0937\u092e\u093f\u0923\u092a\u0941\n\u092a\u0915\u094c\u0965\u0967\u096c\u0965",
      "heading_level": null,
      "page_id": 0,
      "polygon": [
        [
          127.74610900878906,
          253.880859375
        ],
        [
          405.9463806152344,
          253.880859375
        ],
        [
          405.9463806152344,
          301.447265625
        ],
        [
          127.74610900878906,
          301.447265625
        ]
      ]
    },
    {
      "title": "\u0915\u093e\u092f \u092a\u0930\u092e\u0947\u0935\u093e\u0938: \u093f\u0936\u0916\u0921\u0940 \u091a \u092e\u0939\u093e\u0930\u0925:\u0964\n\u0927\u0943\n\u0941 \u094b \u093f\u0935\u0930\u093e\u091f \u0938\u093e\u092f\u093f\u0915\u093e\u092a\u0930\u093e\u093f\u091c\u0924:\u0965\u0967\u096d\u0965\n\u092a\n\u0941 \u0926\u094b \u094c\u092a\u0926\u0947\u092f\u093e \u0938\u0935\u0936: \u092a\u0943\u093f\u0925\u0935\u0940\u092a\u0924\u0947\u0964\n\u0938\u094c\u092d \u092e\u0939\u093e\u092c\u093e\u0939:\n\u0941\n\u0936\u093e\u0926\u092e\u0941: \u092a\u0943\u0925\u0915\u094d \u092a\u0943\u0925\u0915\u094d \u0965\u0967\u096e\u0965",
      "heading_level": null,
      "page_id": 0,
      "polygon": [
        [
          125.9560546875,
          374.537109375
        ],
        [
          466.2016906738281,
          374.537109375
        ],
        [
          466.2016906738281,
          477.7560729980469
        ],
        [
          125.9560546875,
          477.7560729980469
        ]
      ]
    },
    {
      "title": "\u0938 \u0918\u094b\u0937\u094b \u0927\u093e\u0924\u0930\u093e\u093e\u0923 \u0939\n\u0943\n\u0926\u092f\u093e\u093f\u0928 \u092f\u0926\u093e\u0930\u092f\u0924\u094d\u0964\n\u0928\u092d \u092a\u0943\u093f\u0925\u0935\u0974 \u091a\u0948\u0935 \u0924\u0941\u092e\u0941\u0932\u094b\u093d\u092f\u0928\u0941\u0928\u093e\u0926\u092f\u0928\u094d\u0965\u0967\u096f\u0965",
      "heading_level": null,
      "page_id": 0,
      "polygon": [
        [
          125.806640625,
          610.2421875
        ],
        [
          427.4376525878906,
          610.2421875
        ],
        [
          427.4376525878906,
          658.96875
        ],
        [
          125.806640625,
          658.96875
        ]
      ]
    }
  ],
  "page_stats": [
    {
      "page_id": 0,
      "text_extraction_method": "pdftext",
      "block_counts": [
        [
          "Span",
          150
        ],
        [
          "Line",
          37
        ],
        [
          "Text",
          6
        ],
        [
          "SectionHeader",
          4
        ]
      ],
      "block_metadata": {
        "llm_request_count": 0,
        "llm_error_count": 0,
        "llm_tokens_used": 0
      }
    }
  ],
  "debug_data_path": "debug_data/page-025"
}