{
  "table_of_contents": [
    {
      "title": "ON CONCENTRATION 117",
      "heading_level": null,
      "page_id": 0,
      "polygon": [
        [
          233.0029296875,
          72.91874267533422
        ],
        [
          546.0498657226562,
          72.91874267533422
        ],
        [
          546.0498657226562,
          87.48514892533422
        ],
        [
          233.0029296875,
          87.48514892533422
        ]
      ]
    },
    {
      "title": "^fFWTT rTT* tTST 11 \u00ab",
      "heading_level": null,
      "page_id": 0,
      "polygon": [
        [
          102.0,
          477.6851916499436
        ],
        [
          270.771484375,
          477.6851916499436
        ],
        [
          270.771484375,
          492.59492065384984
        ],
        [
          102.0,
          492.59492065384984
        ]
      ]
    },
    {
      "title": "The Knowledge That Is Gained In That State Is Called\nRtambhara (Filled With Truihf. *IB.",
      "heading_level": null,
      "page_id": 0,
      "polygon": [
        [
          92.9000015258789,
          603.0405535884202
        ],
        [
          522.94921875,
          603.0405535884202
        ],
        [
          522.94921875,
          640.5653033442795
        ],
        [
          92.9000015258789,
          640.5653033442795
        ]
      ]
    }
  ],
  "page_stats": [
    {
      "page_id": 0,
      "text_extraction_method": "pdftext",
      "block_counts": [
        [
          "Span",
          571
        ],
        [
          "Line",
          35
        ],
        [
          "Text",
          4
        ],
        [
          "SectionHeader",
          3
        ],
        [
          "PageHeader",
          1
        ]
      ],
      "block_metadata": {
        "llm_request_count": 0,
        "llm_error_count": 0,
        "llm_tokens_used": 0
      }
    }
  ],
  "debug_data_path": "debug_data/page-139"
}