{
  "table_of_contents": [
    {
      "title": "\u0938\u0935\u093e\u0930\u093e\u093f\u0923 \u0938\u0902\u092f\u092f \u092e\u0928\u094b \u0939\n\u0943\n\u093f\u0926 \u093f\u0928\u092f \u091a\u0964\n\u092e\u0942\n\u092f\u0927\u093e\u092f\u093e\u092e\u0928: \u093e\u0923\u092e\u093e\u093f\u0925\u0924\u094b \u092f\u094b\u0917\u0927\u093e\u0930\u0923\u093e\u092e\u094d\u0965\u0967\u0968\u0965",
      "heading_level": null,
      "page_id": 0,
      "polygon": [
        [
          125.3583984375,
          465.609375
        ],
        [
          457.20703125,
          465.609375
        ],
        [
          457.20703125,
          512.2045593261719
        ],
        [
          125.3583984375,
          512.2045593261719
        ]
      ]
    }
  ],
  "page_stats": [
    {
      "page_id": 0,
      "text_extraction_method": "pdftext",
      "block_counts": [
        [
          "Span",
          124
        ],
        [
          "Line",
          35
        ],
        [
          "Text",
          4
        ],
        [
          "SectionHeader",
          1
        ]
      ],
      "block_metadata": {
        "llm_request_count": 0,
        "llm_error_count": 0,
        "llm_tokens_used": 0
      }
    }
  ],
  "debug_data_path": "debug_data/page-280"
}