{
  "table_of_contents": [
    {
      "title": "\u092f\u0902 \u0932\u0935\u093e \u091a\u093e\u092a\u0930\u0902 \u0932\u093e\u092d\u0902 \u092e\u092f\u0924\u0947 \u0928\u093e\u093f\u0927\u0915\u0902 \u0924\u0924:\u0964\n\u092f\u093f\u092e\u093f\u0925\u0924\u094b \u0928 \u0926:\n\u0941\n\u0916\u0947\u0928 \u0917\u0941\u0923\u093e\u093f\u092a \u093f\u0935\u091a\u093e\u092f\u0924\u0947\u0965\u0968\u0968\u0965",
      "heading_level": null,
      "page_id": 0,
      "polygon": [
        [
          127.1513671875,
          329.09765625
        ],
        [
          465.21795654296875,
          329.09765625
        ],
        [
          465.21795654296875,
          376.5375671386719
        ],
        [
          127.1513671875,
          376.5375671386719
        ]
      ]
    }
  ],
  "page_stats": [
    {
      "page_id": 0,
      "text_extraction_method": "pdftext",
      "block_counts": [
        [
          "Span",
          150
        ],
        [
          "Line",
          34
        ],
        [
          "Text",
          7
        ],
        [
          "SectionHeader",
          1
        ]
      ],
      "block_metadata": {
        "llm_request_count": 0,
        "llm_error_count": 0,
        "llm_tokens_used": 0
      }
    }
  ],
  "debug_data_path": "debug_data/page-238"
}