{
  "table_of_contents": [
    {
      "title": "\u092f\u0926\u0939\u0915\u093e\u0930 \u0902 \u092e\u093e\u093f\u092f \u0928 \u092f\u094b\u092f \u0907\u093f\u0924 \u092e\u092f\u0938\u0947\u0964\n\u093f\u092e\u092f\u0948\u0937 \u092f\u0935\u0938\u093e\u092f\u0924\u0947 \u0915\u0943\n\u093f\u0924\u0935 \u093f\u0928\u092f\u094b\u092f\u093f\u0924\u0965\u096b\u096f\u0965",
      "heading_level": null,
      "page_id": 0,
      "polygon": [
        [
          124.91015625,
          195.873046875
        ],
        [
          458.3883361816406,
          195.873046875
        ],
        [
          458.3883361816406,
          243.052734375
        ],
        [
          124.91015625,
          243.052734375
        ]
      ]
    },
    {
      "title": "\u0935\u092d\u093e\u0935\u091c\u0947\u0928 \u0915\u094c\u0924\u0947\u092f \u093f\u0928\u092c: \u0935\u0947\u0928 \u0915\u092e\u0923\u093e\u0964\n\u0915\u0924\u0941\n\u0902 \u0928\u0947 \u091b\u093f\u0938 \u092f\u092e\u094b\u0939\u093e\u0915\u093f\u0930\u092f\u092f\u0935\u0936\u094b\u093d\u093f\u092a \u0924\u0924\u094d\u0965\u096c\u0966\u0965",
      "heading_level": null,
      "page_id": 0,
      "polygon": [
        [
          123.8642578125,
          385.9453125
        ],
        [
          467.9043273925781,
          385.9453125
        ],
        [
          467.9043273925781,
          434.671875
        ],
        [
          123.8642578125,
          434.671875
        ]
      ]
    }
  ],
  "page_stats": [
    {
      "page_id": 0,
      "text_extraction_method": "pdftext",
      "block_counts": [
        [
          "Span",
          183
        ],
        [
          "Line",
          34
        ],
        [
          "Text",
          7
        ],
        [
          "SectionHeader",
          2
        ],
        [
          "Handwriting",
          1
        ]
      ],
      "block_metadata": {
        "llm_request_count": 0,
        "llm_error_count": 0,
        "llm_tokens_used": 0
      }
    }
  ],
  "debug_data_path": "debug_data/page-565"
}