{
  "table_of_contents": [
    {
      "title": "\u092c\u0941\u0947\u092d\u0926\u0902 \u0927\u0943\u0924\u0947\u0948\u0935 \u0917\u0941\u0923\u0924\u093f\u093f\u0935\u0927\u0902 \u0936\u0943\u0923\u0941\u0964\n\u094b\u092f\u092e\u093e\u0928\u092e\u0936\u0947\u0937\u0947\u0923 \u092a\u0943\u0925\u0935\u0947\u0928 \u0927\u0928\u092f\u0965\u0968\u096f\u0965",
      "heading_level": null,
      "page_id": 0,
      "polygon": [
        [
          124.611328125,
          303.767578125
        ],
        [
          403.58154296875,
          303.767578125
        ],
        [
          403.58154296875,
          350.947265625
        ],
        [
          124.611328125,
          350.947265625
        ]
      ]
    },
    {
      "title": "\u0935\u0943\u093f\u0902 \u091a \u093f\u0928\u0935\u0943\u093f\u0902 \u091a \u0915\u093e\u092f\u0915\u093e\u092f \u092d\u092f\u093e\u092d\u092f\u0947\u0964\n\u092c\u0927\u0902 \u092e\u094b\u0902 \u091a \u092f\u093e \u0935\u0947\u093f \u092c\u0941\u093f: \u0938\u093e \u092a\u093e\u0925 \u0938\u093e\u093f\u0935\u0915\u0940\u0965\u0969\u0966\u0965",
      "heading_level": null,
      "page_id": 0,
      "polygon": [
        [
          123.416015625,
          599.80078125
        ],
        [
          506.1007385253906,
          599.80078125
        ],
        [
          506.1007385253906,
          647.2045593261719
        ],
        [
          123.416015625,
          647.2045593261719
        ]
      ]
    }
  ],
  "page_stats": [
    {
      "page_id": 0,
      "text_extraction_method": "pdftext",
      "block_counts": [
        [
          "Span",
          157
        ],
        [
          "Line",
          31
        ],
        [
          "Text",
          6
        ],
        [
          "SectionHeader",
          2
        ]
      ],
      "block_metadata": {
        "llm_request_count": 0,
        "llm_error_count": 0,
        "llm_tokens_used": 0
      }
    }
  ],
  "debug_data_path": "debug_data/page-537"
}