{
  "table_of_contents": [
    {
      "title": "CHAPTER 11\nREVELATION OF THE COSMIC\nFORM",
      "heading_level": null,
      "page_id": 0,
      "polygon": [
        [
          85.166015625,
          93.53759765625
        ],
        [
          531.7535400390625,
          93.53759765625
        ],
        [
          531.7535400390625,
          216.94921875
        ],
        [
          85.166015625,
          216.94921875
        ]
      ]
    },
    {
      "title": "\u092e\u0926\u0928\u0941\u0939\u093e\u092f \u092a\u0930\u092e\u0902 \u0917\u0941\u092e\u092f\u093e\u092e\u0938\u0902\u093f\u0924\u092e\u094d\u0964\n\u092f\u0935\u092f\u094b\u0924\u0902 \u0935\u091a\u0924\u0947\u0928 \u092e\u094b\u0939\u094b\u093d\u092f\u0902 \u093f\u0935\u0917\u0924\u094b \u092e\u092e\u0965\u0967\u0965",
      "heading_level": null,
      "page_id": 0,
      "polygon": [
        [
          124.1630859375,
          445.5
        ],
        [
          436.55645751953125,
          445.5
        ],
        [
          436.55645751953125,
          490.45458984375
        ],
        [
          124.1630859375,
          490.45458984375
        ]
      ]
    }
  ],
  "page_stats": [
    {
      "page_id": 0,
      "text_extraction_method": "pdftext",
      "block_counts": [
        [
          "Span",
          97
        ],
        [
          "Line",
          24
        ],
        [
          "Text",
          6
        ],
        [
          "SectionHeader",
          2
        ],
        [
          "Handwriting",
          1
        ]
      ],
      "block_metadata": {
        "llm_request_count": 0,
        "llm_error_count": 0,
        "llm_tokens_used": 0
      }
    }
  ],
  "debug_data_path": "debug_data/page-339"
}