{
  "table_of_contents": [
    {
      "title": "\u0928\u093e\u092f\u0902 \u0917\u0941\u0923\u0947\u092f: \u0915\u0924\u0930\u0902 \u092f\u0926\u093e \u093e\u0928\u0941\u092a\u092f\u093f\u0924\u0964\n\u0917\u0941\u0923\u0947\u092f \u092a\u0930\u0902 \u0935\u0947\u093f \u092e\u093e\u0935\u0902 \u0938\u094b\u093d\u093f\u0927\u0917\u091b\u093f\u0924\u0965\u0967\u096f\u0965",
      "heading_level": null,
      "page_id": 0,
      "polygon": [
        [
          124.91015625,
          474.1171875
        ],
        [
          440.8887634277344,
          474.1171875
        ],
        [
          440.8887634277344,
          519.75
        ],
        [
          124.91015625,
          519.75
        ]
      ]
    }
  ],
  "page_stats": [
    {
      "page_id": 0,
      "text_extraction_method": "pdftext",
      "block_counts": [
        [
          "Span",
          137
        ],
        [
          "Line",
          33
        ],
        [
          "Text",
          5
        ],
        [
          "SectionHeader",
          1
        ]
      ],
      "block_metadata": {
        "llm_request_count": 0,
        "llm_error_count": 0,
        "llm_tokens_used": 0
      }
    }
  ],
  "debug_data_path": "debug_data/page-453"
}