{
  "table_of_contents": [
    {
      "title": "51 YOGA PHILOSOPHY OF PATaSJAU",
      "heading_level": null,
      "page_id": 0,
      "polygon": [
        [
          62.900001525878906,
          64.53574706986547
        ],
        [
          425.04150390625,
          64.53574706986547
        ],
        [
          425.04150390625,
          82.49314453080297
        ],
        [
          62.900001525878906,
          82.49314453080297
        ]
      ]
    }
  ],
  "page_stats": [
    {
      "page_id": 0,
      "text_extraction_method": "pdftext",
      "block_counts": [
        [
          "Span",
          684
        ],
        [
          "Line",
          39
        ],
        [
          "Text",
          6
        ],
        [
          "SectionHeader",
          1
        ]
      ],
      "block_metadata": {
        "llm_request_count": 0,
        "llm_error_count": 0,
        "llm_tokens_used": 0
      }
    }
  ],
  "debug_data_path": "debug_data/page-074"
}