{
  "table_of_contents": [
    {
      "title": "\u0926\u0947\u093f\u0939\u0928\u094b\u093d\u093f\u092e\u0928\u094d \u092f\u0925\u093e \u0926\u0947\u0939\u0947 \u0915\u094c\u092e\u093e\u0930\u0902 \u092f\u094c\u0935\u0928\u0902 \u091c\u0930\u093e\u0964\n\u0924\u0925\u093e \u0926\u0947\u0939\u093e\u0924\u0930\u093e\u093f\u0924\u0927\u0930\u0924 \u0928 \u092e\u0941\u093f\u0924\u0965\u0967\u0969\u0965",
      "heading_level": null,
      "page_id": 0,
      "polygon": [
        [
          126.77783203125,
          240.5390625
        ],
        [
          426.3026428222656,
          240.5390625
        ],
        [
          426.3026428222656,
          289.65234375
        ],
        [
          126.77783203125,
          289.65234375
        ]
      ]
    }
  ],
  "page_stats": [
    {
      "page_id": 0,
      "text_extraction_method": "pdftext",
      "block_counts": [
        [
          "Span",
          137
        ],
        [
          "Line",
          33
        ],
        [
          "Text",
          5
        ],
        [
          "SectionHeader",
          1
        ]
      ],
      "block_metadata": {
        "llm_request_count": 0,
        "llm_error_count": 0,
        "llm_tokens_used": 0
      }
    }
  ],
  "debug_data_path": "debug_data/page-051"
}