{
  "table_of_contents": [
    {
      "title": "\u0926\u0930\n\u0942\n\u0947\u0923 \u0935\u0930\u0902 \u0915\u092e \u092c\u0941\u093f\u092f\u094b\u0917\u093e\u0928\u092f\u0964\n\u092c\u0941\u094c \u0936\u0930\u0923\u092e\u093f\u0935\u091b \u0915\u0943 \u092a\u0923\u093e: \u092b\u0932\u0939\u0947\u0924\u0935:\u0965\u096a\u096f\u0965",
      "heading_level": null,
      "page_id": 0,
      "polygon": [
        [
          126.47900390625,
          114.662109375
        ],
        [
          427.059326171875,
          114.662109375
        ],
        [
          427.059326171875,
          164.548828125
        ],
        [
          126.47900390625,
          164.548828125
        ]
      ]
    },
    {
      "title": "\u092c\u0941\u093f\u092f\u0941\u0924\u094b \u091c\u0939\u093e\u0924\u0940\u0939 \u0909\u092d\u0947 \u0938\u0941\u0915\u0943 \u0924\u0926\n\u0941\n\u0915\u0943 \u0924\u0947\u0964\n\u0924\u092e\u093e\u094b\u0917\u093e\u092f \u092f\u0941\n\u092f\u0935 \u092f\u094b\u0917: \u0915\u092e\u0938\u0941 \u0915\u094c\u0936\u0932\u092e\u094d\u0965\u096b\u0966\u0965",
      "heading_level": null,
      "page_id": 0,
      "polygon": [
        [
          125.6572265625,
          512.40234375
        ],
        [
          469.2286376953125,
          512.40234375
        ],
        [
          469.2286376953125,
          560.35546875
        ],
        [
          125.6572265625,
          560.35546875
        ]
      ]
    }
  ],
  "page_stats": [
    {
      "page_id": 0,
      "text_extraction_method": "pdftext",
      "block_counts": [
        [
          "Span",
          152
        ],
        [
          "Line",
          36
        ],
        [
          "Text",
          5
        ],
        [
          "SectionHeader",
          2
        ]
      ],
      "block_metadata": {
        "llm_request_count": 0,
        "llm_error_count": 0,
        "llm_tokens_used": 0
      }
    }
  ],
  "debug_data_path": "debug_data/page-081"
}