{
  "table_of_contents": [
    {
      "title": "\u093e\u0935\u093e\u092a\u0943\u093f\u0925\u092f\u094b\u093f\u0930\u0926\u092e\u0924\u0930\u0902 \u093f\u0939\n\u092f\u093e\u0924\u0902 \u0935\u092f\u0948\u0915\u0947 \u0928 \u093f\u0926\u0936 \u0938\u0935:\u0964\n\u0926\n\u0943 \u0935\u093e\u093d \u0941\n\u0941\u0924\u0902 \u092a\u092e\u0941\u0902 \u0924\u0935\u0947\u0926\u0902\n\u0932\u094b\u0915\u092f\u0902 \u092f\u093f\u0925\u0924\u0902 \u092e\u0939\u093e\u092e\u0928\u094d\u0965\u0968\u0966\u0965",
      "heading_level": null,
      "page_id": 0,
      "polygon": [
        [
          127.74610900878906,
          206.12109375
        ],
        [
          357.7232360839844,
          206.12109375
        ],
        [
          357.7232360839844,
          297.7045593261719
        ],
        [
          127.74610900878906,
          297.7045593261719
        ]
      ]
    }
  ],
  "page_stats": [
    {
      "page_id": 0,
      "text_extraction_method": "pdftext",
      "block_counts": [
        [
          "Span",
          161
        ],
        [
          "Line",
          33
        ],
        [
          "Text",
          6
        ],
        [
          "SectionHeader",
          1
        ]
      ],
      "block_metadata": {
        "llm_request_count": 0,
        "llm_error_count": 0,
        "llm_tokens_used": 0
      }
    }
  ],
  "debug_data_path": "debug_data/page-348"
}