{
  "table_of_contents": [
    {
      "title": "IMi YOGA FH/LOSOPtlY OF PAT/ifrjALI",
      "heading_level": null,
      "page_id": 0,
      "polygon": [
        [
          53.04899978637695,
          69.79813720658422
        ],
        [
          426.494140625,
          69.79813720658422
        ],
        [
          426.494140625,
          85.3614501953125
        ],
        [
          53.04899978637695,
          85.3614501953125
        ]
      ]
    }
  ],
  "page_stats": [
    {
      "page_id": 0,
      "text_extraction_method": "pdftext",
      "block_counts": [
        [
          "Span",
          674
        ],
        [
          "Line",
          37
        ],
        [
          "Text",
          9
        ],
        [
          "SectionHeader",
          1
        ],
        [
          "PageHeader",
          1
        ]
      ],
      "block_metadata": {
        "llm_request_count": 0,
        "llm_error_count": 0,
        "llm_tokens_used": 0
      }
    }
  ],
  "debug_data_path": "debug_data/page-178"
}