{
  "table_of_contents": [
    {
      "title": "\u092e\u0939\u0937\u0923 \u092d\u0943\u0917\u0941\u0930\u0939\u0902 \u093f\u0917\u0930\u093e\u092e\u092f\u0947\u0915\u092e\u0930\u092e\u094d\u0964\n\u092f\u093e\u0928 \u091c\u092a\u092f\u094b\u093d\u093f\u092e \u0925\u093e\u0935\u0930\u093e\u0923 \u093f\u0939\u092e\u093e\u0932\u092f:\u0965\u0968\u096b\u0965",
      "heading_level": null,
      "page_id": 0,
      "polygon": [
        [
          125.5078125,
          230.87109375
        ],
        [
          456.8559875488281,
          230.87109375
        ],
        [
          456.8559875488281,
          278.20452880859375
        ],
        [
          125.5078125,
          278.20452880859375
        ]
      ]
    },
    {
      "title": "\u0905\u0925: \u0938\u0935\u0935\u0943\u093e\u0923 \u0926\u0947\u0935\u0937\u0923 \u091a \u0928\u093e\u0930\u0926:\u0964\n\u0917\u0927\u0935\u0923 \u093f\u091a\u0930\u0925: \u093f\u0938\u093e\u0928 \u0915\u093f\u092a\u0932\u094b \u092e\u0941\u093f\u0928:\u0965\u0968\u096c\u0965",
      "heading_level": null,
      "page_id": 0,
      "polygon": [
        [
          125.5078125,
          449.75390625
        ],
        [
          455.22900390625,
          449.75390625
        ],
        [
          455.22900390625,
          495.7045593261719
        ],
        [
          125.5078125,
          495.7045593261719
        ]
      ]
    }
  ],
  "page_stats": [
    {
      "page_id": 0,
      "text_extraction_method": "pdftext",
      "block_counts": [
        [
          "Span",
          150
        ],
        [
          "Line",
          32
        ],
        [
          "Text",
          7
        ],
        [
          "SectionHeader",
          2
        ]
      ],
      "block_metadata": {
        "llm_request_count": 0,
        "llm_error_count": 0,
        "llm_tokens_used": 0
      }
    }
  ],
  "debug_data_path": "debug_data/page-328"
}