{
  "table_of_contents": [
    {
      "title": "\u093f\u092a\u0924\u093e\u0939\u092e\u092f \u091c\u0917\u0924\u094b \u092e\u093e\u0924\u093e \u0927\u093e\u0924\u093e \u093f\u092a\u0924\u093e\u092e\u0939:\u0964\n\u0935\u0947\u0902 \u092a\u093f\u0935\u092e\u094b\u093e\u0930 \u090b\u0915\u094d \u0938\u093e\u092e \u092f\u091c\u0941\u0930\u0947\u0935 \u091a\u0965\u0967\u096d\u0965",
      "heading_level": null,
      "page_id": 0,
      "polygon": [
        [
          126.10546875,
          160.5849609375
        ],
        [
          441.3995361328125,
          160.5849609375
        ],
        [
          441.3995361328125,
          208.0546875
        ],
        [
          126.10546875,
          208.0546875
        ]
      ]
    },
    {
      "title": "\u0917\u093f\u0924\u092d\u0924 \u092d\u0941: \u0938\u093e\u0940 \u093f\u0928\u0935\u093e\u0938: \u0936\u0930\u0923\u0902 \u0938\u0941\u0939\n\u0943\n\u0924\u094d\u0964\n\u092d\u0935: \u0932\u092f: \u0925\u093e\u0928\u0902 \u093f\u0928\u0927\u093e\u0928\u0902 \u092c\u0940\u091c\u092e\u092f\u092f\u092e\u094d\u0965\u0967\u096e\u0965",
      "heading_level": null,
      "page_id": 0,
      "polygon": [
        [
          125.6572265625,
          421.5234375
        ],
        [
          444.88055419921875,
          421.5234375
        ],
        [
          444.88055419921875,
          467.2045593261719
        ],
        [
          125.6572265625,
          467.2045593261719
        ]
      ]
    }
  ],
  "page_stats": [
    {
      "page_id": 0,
      "text_extraction_method": "pdftext",
      "block_counts": [
        [
          "Span",
          172
        ],
        [
          "Line",
          33
        ],
        [
          "Text",
          7
        ],
        [
          "SectionHeader",
          2
        ]
      ],
      "block_metadata": {
        "llm_request_count": 0,
        "llm_error_count": 0,
        "llm_tokens_used": 0
      }
    }
  ],
  "debug_data_path": "debug_data/page-304"
}