{
  "table_of_contents": [
    {
      "title": "\u093e\u0928\u0902 \u0947\u092f\u0902 \u092a\u093f\u0930\u093e\u0924\u093e \u093f\u093f\u0935\u0927\u093e \u0915\u092e\u091a\u094b\u0926\u0928\u093e\u0964\n\u0915\u0930\u0923\u0902 \u0915\u092e \u0915\u0924\u093f\u0924 \u093f\u093f\u0935\u0927: \u0915\u092e\u0938\u0902\u0939:\u0965\u0967\u096e\u0965",
      "heading_level": null,
      "page_id": 0,
      "polygon": [
        [
          124.08837890625,
          472.95703125
        ],
        [
          430.1619873046875,
          472.95703125
        ],
        [
          430.1619873046875,
          519.7045593261719
        ],
        [
          124.08837890625,
          519.7045593261719
        ]
      ]
    }
  ],
  "page_stats": [
    {
      "page_id": 0,
      "text_extraction_method": "pdftext",
      "block_counts": [
        [
          "Span",
          104
        ],
        [
          "Line",
          33
        ],
        [
          "Text",
          5
        ],
        [
          "SectionHeader",
          1
        ]
      ],
      "block_metadata": {
        "llm_request_count": 0,
        "llm_error_count": 0,
        "llm_tokens_used": 0
      }
    }
  ],
  "debug_data_path": "debug_data/page-530"
}