{
  "table_of_contents": [
    {
      "title": "\u092f\u093e\u0935\u093e\u0928\u0925 \u0909\u0926\u092a\u093e\u0928\u0947 \u0938\u0935\u0924: \u0938\u0902\u0932\u0941\u0924\u094b\u0926\u0915\u0947 \u0964\n\u0924\u093e\u0935\u093e\u0938\u0935\u0937\u0941 \u0935\u0947\u0926\u0947\u0937\u0941 \u093e\u0923\u092f \u093f\u0935\u091c\u093e\u0928\u0924:\u0965\u096a\u096c\u0965",
      "heading_level": null,
      "page_id": 0,
      "polygon": [
        [
          126.77783203125,
          150.8203125
        ],
        [
          424.7890930175781,
          150.8203125
        ],
        [
          424.7890930175781,
          200.513671875
        ],
        [
          126.77783203125,
          200.513671875
        ]
      ]
    }
  ],
  "page_stats": [
    {
      "page_id": 0,
      "text_extraction_method": "pdftext",
      "block_counts": [
        [
          "Span",
          130
        ],
        [
          "Line",
          33
        ],
        [
          "Text",
          6
        ],
        [
          "SectionHeader",
          1
        ]
      ],
      "block_metadata": {
        "llm_request_count": 0,
        "llm_error_count": 0,
        "llm_tokens_used": 0
      }
    }
  ],
  "debug_data_path": "debug_data/page-079"
}