{
  "table_of_contents": [
    {
      "title": "\u0924\u092e\u093e\u0926\u093e\u0928\u0938\u092d\u0942\u0924\u0902 \u0939\n\u0943\n\u0925\u0902 \u093e\u0928\u093e\u093f\u0938\u0928\u093e\u092e\u0928:\u0964\n\u093f\u091b\u0935\u0948\u0928\u0902 \u0938\u0902\u0936\u092f\u0902 \u092f\u094b\u0917\u092e\u093e\u093f\u0924\u094b\u093f \u092d\u093e\u0930\u0924\u0965\u096a\u0968\u0965",
      "heading_level": null,
      "page_id": 0,
      "polygon": [
        [
          125.5078125,
          189.685546875
        ],
        [
          438.08203125,
          189.685546875
        ],
        [
          438.08203125,
          234.70452880859375
        ],
        [
          125.5078125,
          234.70452880859375
        ]
      ]
    },
    {
      "title": "FOOTNOTES AND REFERENCES",
      "heading_level": null,
      "page_id": 0,
      "polygon": [
        [
          186.46875,
          607.1484375
        ],
        [
          427.32421875,
          607.1484375
        ],
        [
          427.32421875,
          625.7109375
        ],
        [
          186.46875,
          625.7109375
        ]
      ]
    }
  ],
  "page_stats": [
    {
      "page_id": 0,
      "text_extraction_method": "pdftext",
      "block_counts": [
        [
          "Span",
          108
        ],
        [
          "Line",
          32
        ],
        [
          "Text",
          4
        ],
        [
          "SectionHeader",
          2
        ],
        [
          "ListItem",
          2
        ],
        [
          "ListGroup",
          1
        ]
      ],
      "block_metadata": {
        "llm_request_count": 0,
        "llm_error_count": 0,
        "llm_tokens_used": 0
      }
    }
  ],
  "debug_data_path": "debug_data/page-188"
}