{
  "table_of_contents": [
    {
      "title": "\u0928 \u093f\u0939 \u093e\u0928\u0928\u0947 \u0938\u0926\u0936\n\u0943\n\u0902 \u092a\u093f\u0935\u093f\u092e\u0939 \u093f\u0935\u0924\u0947\u0964\n\u0924\u0935\u092f\u0902 \u092f\u094b\u0917\u0938\u0902\u093f\u0938: \u0915\u093e\u0932\u0947\u0928\u093e\u092e\u093f\u0928 \u093f\u0935\u0926\u093f\u0924\u0965\u0969\u096e\u0965",
      "heading_level": null,
      "page_id": 0,
      "polygon": [
        [
          124.91015625,
          401.02734375
        ],
        [
          451.74798583984375,
          401.02734375
        ],
        [
          451.74798583984375,
          447.7045593261719
        ],
        [
          124.91015625,
          447.7045593261719
        ]
      ]
    }
  ],
  "page_stats": [
    {
      "page_id": 0,
      "text_extraction_method": "pdftext",
      "block_counts": [
        [
          "Span",
          155
        ],
        [
          "Line",
          35
        ],
        [
          "Text",
          7
        ],
        [
          "SectionHeader",
          1
        ]
      ],
      "block_metadata": {
        "llm_request_count": 0,
        "llm_error_count": 0,
        "llm_tokens_used": 0
      }
    }
  ],
  "debug_data_path": "debug_data/page-185"
}