{
  "table_of_contents": [
    {
      "title": "ON PRACTICE HI",
      "heading_level": null,
      "page_id": 0,
      "polygon": [
        [
          246.221923828125,
          67.12168456986547
        ],
        [
          529.0230102539062,
          67.12168456986547
        ],
        [
          529.0230102539062,
          82.13895751908422
        ],
        [
          246.221923828125,
          82.13895751908422
        ]
      ]
    }
  ],
  "page_stats": [
    {
      "page_id": 0,
      "text_extraction_method": "pdftext",
      "block_counts": [
        [
          "Span",
          759
        ],
        [
          "Line",
          40
        ],
        [
          "Text",
          6
        ],
        [
          "SectionHeader",
          1
        ],
        [
          "PageHeader",
          1
        ]
      ],
      "block_metadata": {
        "llm_request_count": 0,
        "llm_error_count": 0,
        "llm_tokens_used": 0
      }
    }
  ],
  "debug_data_path": "debug_data/page-163"
}