{
  "table_of_contents": [
    {
      "title": "YOGA PHILOSOPHY OF PATANJALI",
      "heading_level": null,
      "page_id": 0,
      "polygon": [
        [
          175.35264483627205,
          87.72395369545859
        ],
        [
          423.0078125,
          85.47462154942119
        ],
        [
          423.0078125,
          98.6204833984375
        ],
        [
          175.35264483627205,
          98.6204833984375
        ]
      ]
    },
    {
      "title": "\u0938\u094d\u0935\u092e\u094d\u0928\u093e\u0935\u092a\u094d\u0930\u0924\u094d\u092f\u092f\u093e\u0932\u092e\u094d\u092c\u0928\u093e \u0935\u0928\u094d\u0924\u093f\u0928\u093f\u0926\u094d\u0930\u093e \u0965 \u0967\u0966 \u0965",
      "heading_level": null,
      "page_id": 0,
      "polygon": [
        [
          98.16750629722922,
          608.8192341941228
        ],
        [
          335.7178841309824,
          608.8192341941228
        ],
        [
          335.7178841309824,
          625.3330078125
        ],
        [
          98.16750629722922,
          625.3330078125
        ]
      ]
    }
  ],
  "page_stats": [
    {
      "page_id": 0,
      "text_extraction_method": "surya",
      "block_counts": [
        [
          "Line",
          35
        ],
        [
          "Span",
          35
        ],
        [
          "Text",
          5
        ],
        [
          "SectionHeader",
          2
        ]
      ],
      "block_metadata": {
        "llm_request_count": 0,
        "llm_error_count": 0,
        "llm_tokens_used": 0
      }
    }
  ],
  "debug_data_path": "debug_data/page-056"
}