{
  "table_of_contents": [
    {
      "title": "\u092f\u0947\u0937 \u0935\u0924\u0917\u0924\u0902 \u092a\u093e\u092a\u0902 \u091c\u0928\u093e\u0928 \u092a\u0941\n\u092f\u0915\u092e\u0923\u093e\u092e\u094d\u0964\n\u0924\u0947 \u092e\u094b\u0939\u093f\u0928\u092e\u0941\n\u0924\u093e \u092d\u091c\u0924\u0947 \u092e \u0926\u0922\n\u0943\n\u0935\u0924\u093e:\u0965\u0968\u096e\u0965",
      "heading_level": null,
      "page_id": 0,
      "polygon": [
        [
          124.7607421875,
          393.099609375
        ],
        [
          436.556396484375,
          393.099609375
        ],
        [
          436.556396484375,
          438.0551452636719
        ],
        [
          124.7607421875,
          438.0551452636719
        ]
      ]
    }
  ],
  "page_stats": [
    {
      "page_id": 0,
      "text_extraction_method": "pdftext",
      "block_counts": [
        [
          "Span",
          133
        ],
        [
          "Line",
          36
        ],
        [
          "Text",
          8
        ],
        [
          "SectionHeader",
          1
        ]
      ],
      "block_metadata": {
        "llm_request_count": 0,
        "llm_error_count": 0,
        "llm_tokens_used": 0
      }
    }
  ],
  "debug_data_path": "debug_data/page-269"
}