{
  "table_of_contents": [
    {
      "title": "174 YOGA PHILOSOPHY OF PATAjVJAT.I",
      "heading_level": null,
      "page_id": 0,
      "polygon": [
        [
          55.900001525878906,
          69.83787109330297
        ],
        [
          425.33203125,
          69.83787109330297
        ],
        [
          425.33203125,
          84.385009765625
        ],
        [
          55.900001525878906,
          84.385009765625
        ]
      ]
    }
  ],
  "page_stats": [
    {
      "page_id": 0,
      "text_extraction_method": "pdftext",
      "block_counts": [
        [
          "Span",
          824
        ],
        [
          "Line",
          40
        ],
        [
          "Text",
          4
        ],
        [
          "SectionHeader",
          1
        ]
      ],
      "block_metadata": {
        "llm_request_count": 0,
        "llm_error_count": 0,
        "llm_tokens_used": 0
      }
    }
  ],
  "debug_data_path": "debug_data/page-196"
}