{
  "table_of_contents": [
    {
      "title": "\u092c\u0941\u092f\u093e \u093f\u0935\u0936\u0941\u092f\u093e \u092f\u0941\u0924\u094b \u0927\u0943\n\u092f\u093e\u092e\u093e\u0928\u0902 \u093f\u0928\u092f\u092f \u091a\u0964\n\u0936\u0926\u093e\u0926\u0940\u093f\u0935\u0937\u092f\u092f\u0935\u093e \u0930\u093e\u0917\u0947\u0937\u094c \u092f\u0941\u0926\u092f \u091a\u0965\u096b\u0967\u0965",
      "heading_level": null,
      "page_id": 0,
      "polygon": [
        [
          126.8525390625,
          376.27734375
        ],
        [
          459.6748352050781,
          376.27734375
        ],
        [
          459.6748352050781,
          422.68359375
        ],
        [
          126.8525390625,
          422.68359375
        ]
      ]
    }
  ],
  "page_stats": [
    {
      "page_id": 0,
      "text_extraction_method": "pdftext",
      "block_counts": [
        [
          "Span",
          133
        ],
        [
          "Line",
          34
        ],
        [
          "Text",
          5
        ],
        [
          "SectionHeader",
          1
        ]
      ],
      "block_metadata": {
        "llm_request_count": 0,
        "llm_error_count": 0,
        "llm_tokens_used": 0
      }
    }
  ],
  "debug_data_path": "debug_data/page-558"
}