{
  "table_of_contents": [
    {
      "title": "ON PRACTICE 245",
      "heading_level": null,
      "page_id": 0,
      "polygon": [
        [
          245.059814453125,
          72.27476074174047
        ],
        [
          532.9047241210938,
          72.27476074174047
        ],
        [
          532.9047241210938,
          86.22495605424047
        ],
        [
          245.059814453125,
          86.22495605424047
        ]
      ]
    },
    {
      "title": "farMWd1*1 *1^*1 il I!",
      "heading_level": null,
      "page_id": 0,
      "polygon": [
        [
          96.0919189453125,
          522.9877124018967
        ],
        [
          340.78857421875,
          522.9877124018967
        ],
        [
          340.78857421875,
          540.228515625
        ],
        [
          96.0919189453125,
          540.228515625
        ]
      ]
    }
  ],
  "page_stats": [
    {
      "page_id": 0,
      "text_extraction_method": "pdftext",
      "block_counts": [
        [
          "Span",
          573
        ],
        [
          "Line",
          36
        ],
        [
          "Text",
          8
        ],
        [
          "SectionHeader",
          2
        ],
        [
          "PageHeader",
          1
        ]
      ],
      "block_metadata": {
        "llm_request_count": 0,
        "llm_error_count": 0,
        "llm_tokens_used": 0
      }
    }
  ],
  "debug_data_path": "debug_data/page-267"
}