{
  "table_of_contents": [
    {
      "title": "OjV PRACTICE 2S7",
      "heading_level": null,
      "page_id": 0,
      "polygon": [
        [
          241.89999389648438,
          76.41916992142797
        ],
        [
          532.5399780273438,
          76.41916992142797
        ],
        [
          532.5399780273438,
          91.55131103470922
        ],
        [
          241.89999389648438,
          91.55131103470922
        ]
      ]
    },
    {
      "title": "They {The Restraints), However, [Become Ai Great Vow\nWhen They Become Universal, Being Unrestricted By\nClass, Place, Period Or Notion Of Duty fl)T 31.",
      "heading_level": null,
      "page_id": 0,
      "polygon": [
        [
          82.0989990234375,
          176.84257080033422
        ],
        [
          510.166015625,
          176.84257080033422
        ],
        [
          510.166015625,
          228.68705322220922
        ],
        [
          82.0989990234375,
          228.68705322220922
        ]
      ]
    }
  ],
  "page_stats": [
    {
      "page_id": 0,
      "text_extraction_method": "pdftext",
      "block_counts": [
        [
          "Span",
          520
        ],
        [
          "Line",
          34
        ],
        [
          "Text",
          7
        ],
        [
          "SectionHeader",
          2
        ]
      ],
      "block_metadata": {
        "llm_request_count": 0,
        "llm_error_count": 0,
        "llm_tokens_used": 0
      }
    }
  ],
  "debug_data_path": "debug_data/page-259"
}