{
  "table_of_contents": [
    {
      "title": "\u092f\u093e \u092a\u0930\u092f\u093e \u0924\u0924\u0902 \u0924\u092a\u0924\u093f\u093f\u0935\u0927\u0902 \u0928\u0930\u0948\n:\u0964\n\u0905\u092b\u0932\u093e\u0915\u093f\u093f\u092d\u092f\u0941\n\u0924\u0948\n: \u0938\u093e\u093f\u0935\u0915\u0902 \u092a\u093f\u0930\u091a\u0924\u0947\u0965\u0967\u096d\u0965",
      "heading_level": null,
      "page_id": 0,
      "polygon": [
        [
          127.74610900878906,
          97.5498046875
        ],
        [
          447.64453125,
          97.5498046875
        ],
        [
          447.64453125,
          144.70452880859375
        ],
        [
          127.74610900878906,
          144.70452880859375
        ]
      ]
    },
    {
      "title": "\u0938\u0915\u093e\u0930\u092e\u093e\u0928\u092a\u0942\u091c\u093e\u0925\u0902\u0924\u092a\u094b \u0926\u092d\u0947\u0928 \u091a\u0948\u0935 \u092f\u0924\u094d\u0964\n\u093f\u092f\u0924\u0947 \u0924\u093f\u0926\u0939 \u094b\u0924\u0902 \u0930\u093e\u091c\u0938\u0902 \u091a\u0932\u092e\u0941\u0935\u092e\u094d\u0965\u0967\u096e\u0965",
      "heading_level": null,
      "page_id": 0,
      "polygon": [
        [
          125.73193359375,
          369.509765625
        ],
        [
          433.18896484375,
          369.509765625
        ],
        [
          433.18896484375,
          416.8828125
        ],
        [
          125.73193359375,
          416.8828125
        ]
      ]
    },
    {
      "title": "\u092e\u0942\u0922\u093e\u0939\u0947\u0923\u093e\u092e\u0928\u094b \u092f\u092a\u0940\u0921\u092f\u093e \u093f\u092f\u0924\u0947 \u0924\u092a:\u0964",
      "heading_level": null,
      "page_id": 0,
      "polygon": [
        [
          127.1513671875,
          677.14453125
        ],
        [
          389.5251770019531,
          677.14453125
        ],
        [
          389.5251770019531,
          701.2045516967773
        ],
        [
          127.1513671875,
          701.2045516967773
        ]
      ]
    }
  ],
  "page_stats": [
    {
      "page_id": 0,
      "text_extraction_method": "pdftext",
      "block_counts": [
        [
          "Span",
          156
        ],
        [
          "Line",
          34
        ],
        [
          "Text",
          6
        ],
        [
          "SectionHeader",
          3
        ]
      ],
      "block_metadata": {
        "llm_request_count": 0,
        "llm_error_count": 0,
        "llm_tokens_used": 0
      }
    }
  ],
  "debug_data_path": "debug_data/page-504"
}