{
  "table_of_contents": [
    {
      "title": "\u092f\u0935\u093e\u092e\u0930\u093f\u0924\u0930\u0947\u0935 \u092f\u093e\u0926\u093e\u092e\u0924\u0943\n\u0924 \u092e\u093e\u0928\u0935:\u0964\n\u0906\u092e\u092f\u0947\u0935 \u091a \u0938\u0902\u0924\u0941\n\u0924\u092f \u0915\u093e\u092f\u0902 \u0928 \u093f\u0935\u0924\u0947\u0965\u0967\u096d\u0965",
      "heading_level": null,
      "page_id": 0,
      "polygon": [
        [
          126.5537109375,
          71.2529296875
        ],
        [
          459.7315673828125,
          71.2529296875
        ],
        [
          459.7315673828125,
          116.65863037109375
        ],
        [
          126.5537109375,
          116.65863037109375
        ]
      ]
    },
    {
      "title": "\u0928\u0935\u0948 \u0924\u092f \u0915\u0943 \u0924\u0947\u0928\u093e\u0925 \u0928\u093e\u0915\u0943 \u0924\u0947\u0928\u0939\u0947 \u0915\u0928\u0964\n\u0928 \u091a\u093e\u092f \u0938\u0935\u092d\u0942\u0924\u0947\u0937\u0941 \u0915\u093f\u0926\u0925\u092f\u092a\u093e\u092f:\u0965\u0967\u096e\u0965",
      "heading_level": null,
      "page_id": 0,
      "polygon": [
        [
          124.91015625,
          419.203125
        ],
        [
          424.0513610839844,
          419.203125
        ],
        [
          424.0513610839844,
          467.9296875
        ],
        [
          124.91015625,
          467.9296875
        ]
      ]
    }
  ],
  "page_stats": [
    {
      "page_id": 0,
      "text_extraction_method": "pdftext",
      "block_counts": [
        [
          "Span",
          161
        ],
        [
          "Line",
          33
        ],
        [
          "Text",
          7
        ],
        [
          "SectionHeader",
          2
        ]
      ],
      "block_metadata": {
        "llm_request_count": 0,
        "llm_error_count": 0,
        "llm_tokens_used": 0
      }
    }
  ],
  "debug_data_path": "debug_data/page-129"
}