{
  "table_of_contents": [
    {
      "title": "\u0905\u0930\u093e\u0923\u093e\u092e\u0915\u093e\u0930\u094b\u093d\u093f\u092e : \u0938\u093e\u092e\u093e\u093f\u0938\u0915\u092f \u091a\u0964\n\u0905\u0939\u092e\u0947\u0935\u093e\u092f: \u0915\u093e\u0932\u094b \u0927\u093e\u0924\u093e\u0939\u0902 \u093f\u0935\u0924\u094b\u092e\u0941\u0916:\u0965\u0969\u0969\u0965",
      "heading_level": null,
      "page_id": 0,
      "polygon": [
        [
          126.77783203125,
          261.03515625
        ],
        [
          433.3402404785156,
          261.03515625
        ],
        [
          433.3402404785156,
          306.7045593261719
        ],
        [
          126.77783203125,
          306.7045593261719
        ]
      ]
    },
    {
      "title": "\u092e\u0943\n\u092f\u0941: \u0938\u0935\u0939\u0930\u093e\u0939\u092e\u0941\u0935 \u092d\u093f\u0935\u092f\u0924\u093e\u092e\u094d\u0964\n\u0915\u0940\u093f\u0924\n: \u0940\u0935\u091a \u0928\u093e\u0930\u0940\u0923 \u092e\u0943\u093f\u0924\u092e\u0927\u093e \u0927\u0943\u093f\u0924: \u092e\u093e\u0965\u0969\u096a\u0965",
      "heading_level": null,
      "page_id": 0,
      "polygon": [
        [
          123.2666015625,
          513.94921875
        ],
        [
          483.26611328125,
          513.94921875
        ],
        [
          483.26611328125,
          560.2045593261719
        ],
        [
          123.2666015625,
          560.2045593261719
        ]
      ]
    }
  ],
  "page_stats": [
    {
      "page_id": 0,
      "text_extraction_method": "pdftext",
      "block_counts": [
        [
          "Span",
          156
        ],
        [
          "Line",
          33
        ],
        [
          "Text",
          6
        ],
        [
          "SectionHeader",
          2
        ]
      ],
      "block_metadata": {
        "llm_request_count": 0,
        "llm_error_count": 0,
        "llm_tokens_used": 0
      }
    }
  ],
  "debug_data_path": "debug_data/page-331"
}