{
  "table_of_contents": [
    {
      "title": "214 YOGA PHILOSOPHY OF PATAfrjALl",
      "heading_level": null,
      "page_id": 0,
      "polygon": [
        [
          66.95000457763672,
          66.43253662064672
        ],
        [
          438.40576171875,
          66.43253662064672
        ],
        [
          438.40576171875,
          81.19873046875
        ],
        [
          66.95000457763672,
          81.19873046875
        ]
      ]
    }
  ],
  "page_stats": [
    {
      "page_id": 0,
      "text_extraction_method": "pdftext",
      "block_counts": [
        [
          "Span",
          625
        ],
        [
          "Line",
          35
        ],
        [
          "Text",
          3
        ],
        [
          "SectionHeader",
          1
        ]
      ],
      "block_metadata": {
        "llm_request_count": 0,
        "llm_error_count": 0,
        "llm_tokens_used": 0
      }
    }
  ],
  "debug_data_path": "debug_data/page-236"
}