{
  "table_of_contents": [
    {
      "title": "\u0917\u0924\u0938\u092f \u092e\u0941\u0924\u092f \u093e\u0928\u093e\u0935\u093f\u0925\u0924\u091a\u0947\u0924\u0938:\u0964\n\u092f\u093e\u092f\u093e\u091a\u0930\u0924: \u0915\u092e \u0938\u092e\u0902 \u093f\u0935\u0932\u0940\u092f\u0924\u0947\u0965\u0968\u0969\u0965",
      "heading_level": null,
      "page_id": 0,
      "polygon": [
        [
          127.74610900878906,
          215.7890625
        ],
        [
          409.5597839355469,
          215.7890625
        ],
        [
          409.5597839355469,
          260.20452880859375
        ],
        [
          127.74610900878906,
          260.20452880859375
        ]
      ]
    },
    {
      "title": "\u093e\u092a\u0923\u0902  \u0939\u093f\u0935\u093e\u0928\u094c \u0923\u093e \u0939\u0924\n\u0941\n\u092e\u094d\u0964\n\u0948\u0935 \u0924\u0947\u0928 \u0917\u0924\u092f\u0902 \u0915\u092e\u0938\u092e\u093e\u093f\u0927\u0928\u093e\u0965\u0968\u096a\u0965",
      "heading_level": null,
      "page_id": 0,
      "polygon": [
        [
          125.3583984375,
          571.95703125
        ],
        [
          414.8191833496094,
          571.95703125
        ],
        [
          414.8191833496094,
          618.7045593261719
        ],
        [
          125.3583984375,
          618.7045593261719
        ]
      ]
    }
  ],
  "page_stats": [
    {
      "page_id": 0,
      "text_extraction_method": "pdftext",
      "block_counts": [
        [
          "Span",
          121
        ],
        [
          "Line",
          32
        ],
        [
          "Text",
          7
        ],
        [
          "SectionHeader",
          2
        ]
      ],
      "block_metadata": {
        "llm_request_count": 0,
        "llm_error_count": 0,
        "llm_tokens_used": 0
      }
    }
  ],
  "debug_data_path": "debug_data/page-173"
}