{
  "table_of_contents": [
    {
      "title": "rT* II M.* It",
      "heading_level": null,
      "page_id": 0,
      "polygon": [
        [
          97.181396484375,
          102.885986328125
        ],
        [
          360.25390625,
          102.885986328125
        ],
        [
          360.25390625,
          116.658935546875
        ],
        [
          97.181396484375,
          116.658935546875
        ]
      ]
    },
    {
      "title": "By Renuncifttion Of That (Viioka Attainment) Even.\nComes Isolation On Account Of The Destruction\nOf The Seed. Of EviJ. 50.",
      "heading_level": null,
      "page_id": 0,
      "polygon": [
        [
          93.84033203125,
          283.7411303706467
        ],
        [
          503.48388671875,
          283.7411303706467
        ],
        [
          503.48388671875,
          339.59992553666234
        ],
        [
          93.84033203125,
          339.59992553666234
        ]
      ]
    }
  ],
  "page_stats": [
    {
      "page_id": 0,
      "text_extraction_method": "pdftext",
      "block_counts": [
        [
          "Span",
          499
        ],
        [
          "Line",
          34
        ],
        [
          "Text",
          3
        ],
        [
          "PageHeader",
          2
        ],
        [
          "SectionHeader",
          2
        ]
      ],
      "block_metadata": {
        "llm_request_count": 0,
        "llm_error_count": 0,
        "llm_tokens_used": 0
      }
    }
  ],
  "debug_data_path": "debug_data/page-386"
}