{
  "table_of_contents": [
    {
      "title": "SUPERNORMAL. POWERS SI7",
      "heading_level": null,
      "page_id": 0,
      "polygon": [
        [
          207.14599609375,
          73.19266845658422
        ],
        [
          533.0737915039062,
          73.19266845658422
        ],
        [
          533.0737915039062,
          87.057373046875
        ],
        [
          207.14599609375,
          87.057373046875
        ]
      ]
    }
  ],
  "page_stats": [
    {
      "page_id": 0,
      "text_extraction_method": "pdftext",
      "block_counts": [
        [
          "Span",
          775
        ],
        [
          "Line",
          40
        ],
        [
          "Text",
          6
        ],
        [
          "SectionHeader",
          1
        ],
        [
          "PageHeader",
          1
        ]
      ],
      "block_metadata": {
        "llm_request_count": 0,
        "llm_error_count": 0,
        "llm_tokens_used": 0
      }
    }
  ],
  "debug_data_path": "debug_data/page-339"
}