{
  "table_of_contents": [
    {
      "title": "SUPERNORMAL POWERS",
      "heading_level": null,
      "page_id": 0,
      "polygon": [
        [
          204.57808564231738,
          72.72840605520926
        ],
        [
          375.9423828125,
          72.72840605520926
        ],
        [
          375.9423828125,
          84.0252685546875
        ],
        [
          204.57808564231738,
          84.0252685546875
        ]
      ]
    },
    {
      "title": "\u0938\u094d\u0925\u093e\u0928\u094d\u092f\u0941\u092a\u0928\u093f\u0938\u0928\u094d\u0924\u094d\u0930\u0923\u0947 \u0938\u0919\u094d\u0917\u0938\u094d\u092e\u092f\u093e\u0915\u0930\u0923\u0902 \u092a\u0941\u0928\u0930\u0928\u093f\u0937\u094d\u091f\u092a\u094d\u0930\u0938\u0919\u094d\u0917\u093e\u0924 \u0965 \u096b\u0967 \u0965",
      "heading_level": null,
      "page_id": 0,
      "polygon": [
        [
          89.92443324937028,
          482.85663401602847
        ],
        [
          445.6689453125,
          482.85663401602847
        ],
        [
          445.6689453125,
          499.9375
        ],
        [
          89.92443324937028,
          499.9375
        ]
      ]
    }
  ],
  "page_stats": [
    {
      "page_id": 0,
      "text_extraction_method": "surya",
      "block_counts": [
        [
          "Line",
          35
        ],
        [
          "Span",
          35
        ],
        [
          "Text",
          4
        ],
        [
          "SectionHeader",
          2
        ],
        [
          "PageHeader",
          1
        ]
      ],
      "block_metadata": {
        "llm_request_count": 0,
        "llm_error_count": 0,
        "llm_tokens_used": 0
      }
    }
  ],
  "debug_data_path": "debug_data/page-387"
}