{
  "table_of_contents": [
    {
      "title": "\u0915\u092e\u091c\u0902 \u092c\u0941\u093f\u092f\u0941\u0924\u093e \u093f\u0939 \u092b\u0932\u0902 \u092f\u0935\u093e \u092e\u0928\u0940\u093f\u0937\u0923:\u0964\n\u091c\u092e\u092c\u0927\u093f\u0935\u093f\u0928\u092e\u0941\n\u0924\u093e: \u092a\u0926\u0902 \u0917\u091b\u092f\u0928\u093e\u092e\u092f\u092e\u094d\u0965\u096b\u0967\u0965",
      "heading_level": null,
      "page_id": 0,
      "polygon": [
        [
          123.8642578125,
          285.78515625
        ],
        [
          444.05859375,
          285.78515625
        ],
        [
          444.05859375,
          332.2045593261719
        ],
        [
          123.8642578125,
          332.2045593261719
        ]
      ]
    }
  ],
  "page_stats": [
    {
      "page_id": 0,
      "text_extraction_method": "pdftext",
      "block_counts": [
        [
          "Span",
          141
        ],
        [
          "Line",
          33
        ],
        [
          "Text",
          6
        ],
        [
          "SectionHeader",
          1
        ]
      ],
      "block_metadata": {
        "llm_request_count": 0,
        "llm_error_count": 0,
        "llm_tokens_used": 0
      }
    }
  ],
  "debug_data_path": "debug_data/page-082"
}