{
  "table_of_contents": [
    {
      "title": "\u0905\u0938\u0902\u0936\u092f\u0902 \u092e\u0939\u093e\u092c\u093e\u0939\u094b \u092e\u0928\u094b \u0926\u093f\n\u0941\n\u0928\u0939\u0902 \u091a\u0932\u092e\u094d\u0964\n\u0905\u092f\u093e\u0938\u0947\u0928 \u0924\u0941 \u0915\u094c\u0924\u0947\u092f \u0935\u0948\u0930\u093e\u092f\u0947\u0923 \u091a \u0917\u0943\u0924\u0947\u0965\u0969\u096b\u0965",
      "heading_level": null,
      "page_id": 0,
      "polygon": [
        [
          127.74610900878906,
          107.6044921875
        ],
        [
          446.431884765625,
          107.6044921875
        ],
        [
          446.431884765625,
          153.70452880859375
        ],
        [
          127.74610900878906,
          153.70452880859375
        ]
      ]
    },
    {
      "title": "\u0905\u0938\u0902\u092f\u0924\u093e\u092e\u0928\u093e \u092f\u094b\u0917\u094b \u0926\n\u0941\n\u093e\u092a \u0907\u093f\u0924 \u092e\u0947 \u092e\u093f\u0924:\u0964\n\u0935\u092f\u093e\u092e\u0928\u093e \u0924\u0941 \u092f\u0924\u0924\u093e \u0936\u092f\u094b\u093d\u0935\u093e\u0924\u0941\u092e\u0941\u092a\u093e\u092f\u0924:\u0965\u0969\u096c\u0965",
      "heading_level": null,
      "page_id": 0,
      "polygon": [
        [
          126.5537109375,
          467.15625
        ],
        [
          447.5669860839844,
          467.15625
        ],
        [
          447.5669860839844,
          512.2045593261719
        ],
        [
          126.5537109375,
          512.2045593261719
        ]
      ]
    }
  ],
  "page_stats": [
    {
      "page_id": 0,
      "text_extraction_method": "pdftext",
      "block_counts": [
        [
          "Span",
          160
        ],
        [
          "Line",
          33
        ],
        [
          "Text",
          7
        ],
        [
          "SectionHeader",
          2
        ]
      ],
      "block_metadata": {
        "llm_request_count": 0,
        "llm_error_count": 0,
        "llm_tokens_used": 0
      }
    }
  ],
  "debug_data_path": "debug_data/page-245"
}