{
  "table_of_contents": [
    {
      "title": "ON PRACTICE \u25a0 91",
      "heading_level": null,
      "page_id": 0,
      "polygon": [
        [
          251.5966796875,
          65.08921386674047
        ],
        [
          538.0938720703125,
          65.08921386674047
        ],
        [
          538.0938720703125,
          78.18741943314672
        ],
        [
          251.5966796875,
          78.18741943314672
        ]
      ]
    }
  ],
  "page_stats": [
    {
      "page_id": 0,
      "text_extraction_method": "pdftext",
      "block_counts": [
        [
          "Span",
          718
        ],
        [
          "Line",
          39
        ],
        [
          "Text",
          6
        ],
        [
          "SectionHeader",
          1
        ],
        [
          "PageHeader",
          1
        ]
      ],
      "block_metadata": {
        "llm_request_count": 0,
        "llm_error_count": 0,
        "llm_tokens_used": 0
      }
    }
  ],
  "debug_data_path": "debug_data/page-203"
}