{
  "table_of_contents": [
    {
      "title": "\u0932\u092d\u0924\u0947 \u093f\u0928\u0935\u0923\u092e\u0943\u0937\u092f: \u0940\u0923\u0915\u092e\u0937\u093e:\u0964\n\u093f\u091b\u0948\u0927\u093e \u092f\u0924\u093e\u092e\u093e\u0928: \u0938\u0935\u092d\u0942\u0924\u093f\u0939\u0924\u0947 \u0930\u0924\u093e:\u0965\u0968\u096b\u0965",
      "heading_level": null,
      "page_id": 0,
      "polygon": [
        [
          125.806640625,
          293.1328125
        ],
        [
          424.8269958496094,
          293.1328125
        ],
        [
          424.8269958496094,
          340.69921875
        ],
        [
          125.806640625,
          340.69921875
        ]
      ]
    },
    {
      "title": "\u0915\u093e\u092e\u094b\u0927\u093f\u0935\u092f\u0941\u0924\u093e\u0928 \u092f\u0924\u0940\u0928 \u092f\u0924\u091a\u0947\u0924\u0938\u093e\u092e\u094d\u0964\n\u0905\u093f\u092d\u0924\u094b \u093f\u0928\u0935\u0923\u0902 \u0935\u0924\u0924\u0947 \u093f\u0935\u093f\u0926\u0924\u093e\u092e\u0928\u093e\u092e\u094d\u0965\u0968\u096c\u0965",
      "heading_level": null,
      "page_id": 0,
      "polygon": [
        [
          124.1630859375,
          571.18359375
        ],
        [
          434.1537780761719,
          571.18359375
        ],
        [
          434.1537780761719,
          619.13671875
        ],
        [
          124.1630859375,
          619.13671875
        ]
      ]
    }
  ],
  "page_stats": [
    {
      "page_id": 0,
      "text_extraction_method": "pdftext",
      "block_counts": [
        [
          "Span",
          110
        ],
        [
          "Line",
          29
        ],
        [
          "Text",
          7
        ],
        [
          "SectionHeader",
          2
        ]
      ],
      "block_metadata": {
        "llm_request_count": 0,
        "llm_error_count": 0,
        "llm_tokens_used": 0
      }
    }
  ],
  "debug_data_path": "debug_data/page-216"
}