{
  "table_of_contents": [
    {
      "title": "\u0907\u093f\u0924 \u0917\u0941\u0924\u092e\u0902 \u0936\u093e\u093f\u092e\u0926\u092e\u0941\u0924\u0902 \u092e\u092f\u093e\u093d\u0928\u0918\u0964\n\u090f\u0924\u0941\n\u0935\u093e \u092c\u0941\u093f\u092e\u093e\u092f\u093e\u0915\u0943 \u0924\u0915\u0943\n\u092f \u092d\u093e\u0930\u0924\u0965\u0968\u0966\u0965",
      "heading_level": null,
      "page_id": 0,
      "polygon": [
        [
          125.0595703125,
          304.541015625
        ],
        [
          442.5724792480469,
          304.541015625
        ],
        [
          442.5724792480469,
          352.0580749511719
        ],
        [
          125.0595703125,
          352.0580749511719
        ]
      ]
    }
  ],
  "page_stats": [
    {
      "page_id": 0,
      "text_extraction_method": "pdftext",
      "block_counts": [
        [
          "Span",
          140
        ],
        [
          "Line",
          35
        ],
        [
          "Text",
          5
        ],
        [
          "SectionHeader",
          1
        ]
      ],
      "block_metadata": {
        "llm_request_count": 0,
        "llm_error_count": 0,
        "llm_tokens_used": 0
      }
    }
  ],
  "debug_data_path": "debug_data/page-477"
}