{
  "table_of_contents": [
    {
      "title": "1200 YOGA PHILOSOPHY OF PATA^JALJ",
      "heading_level": null,
      "page_id": 0,
      "polygon": [
        [
          61.900001525878906,
          67.07816650345922
        ],
        [
          432.01416015625,
          67.07816650345922
        ],
        [
          432.01416015625,
          82.5863037109375
        ],
        [
          61.900001525878906,
          82.5863037109375
        ]
      ]
    }
  ],
  "page_stats": [
    {
      "page_id": 0,
      "text_extraction_method": "pdftext",
      "block_counts": [
        [
          "Span",
          811
        ],
        [
          "Line",
          39
        ],
        [
          "Text",
          4
        ],
        [
          "SectionHeader",
          1
        ],
        [
          "PageHeader",
          1
        ]
      ],
      "block_metadata": {
        "llm_request_count": 0,
        "llm_error_count": 0,
        "llm_tokens_used": 0
      }
    }
  ],
  "debug_data_path": "debug_data/page-282"
}