{
  "table_of_contents": [
    {
      "title": "\u093f\u0926\u093f\u0935 \u0938\u0942\u092f\u0938\u0939\u092f \u092d\u0935\u0947\n\u0941\u0917\u092a\u0926\u093f\n\u0941\n\u0925\u0924\u093e\u0964\n\u092f\u093f\u0926 \u092d\u093e: \u0938\u0926\u0936\n\u0943\n\u0940 \u0938\u093e \u092f\u093e\u093e\u0938\u0924\u092f \u092e\u0939\u093e\u092e\u0928:\u0965\u0967\u0968\u0965",
      "heading_level": null,
      "page_id": 0,
      "polygon": [
        [
          126.8525390625,
          115.048828125
        ],
        [
          482.0742492675781,
          115.048828125
        ],
        [
          482.0742492675781,
          163.55609130859375
        ],
        [
          126.8525390625,
          163.55609130859375
        ]
      ]
    },
    {
      "title": "\u0924\u0948\u0915\u0925\u0902 \u091c\u0917\u0915\u0943\n\u0928\u0902 \u093f\u0935\u092d\u0924\u092e\u0928\u0915\u0947 \u0927\u093e\u0964\n\u0905\u092a\u092f\u0947\u0935\u0926\u0947\u0935\u092f \u0936\u0930\u0940\u0930\u0947 \u092a\u093e\u0921\u0935\u0924\u0926\u093e\u0965\u0967\u0969\u0965",
      "heading_level": null,
      "page_id": 0,
      "polygon": [
        [
          126.404296875,
          394.453125
        ],
        [
          409.67327880859375,
          394.453125
        ],
        [
          409.67327880859375,
          441.7045593261719
        ],
        [
          126.404296875,
          441.7045593261719
        ]
      ]
    }
  ],
  "page_stats": [
    {
      "page_id": 0,
      "text_extraction_method": "pdftext",
      "block_counts": [
        [
          "Span",
          161
        ],
        [
          "Line",
          36
        ],
        [
          "Text",
          7
        ],
        [
          "SectionHeader",
          2
        ]
      ],
      "block_metadata": {
        "llm_request_count": 0,
        "llm_error_count": 0,
        "llm_tokens_used": 0
      }
    }
  ],
  "debug_data_path": "debug_data/page-344"
}