{
  "table_of_contents": [
    {
      "title": "36 YOGA PHILOSOPHY OF I>ATA5ljALJ",
      "heading_level": null,
      "page_id": 0,
      "polygon": [
        [
          59.04899978637695,
          65.53776123002172
        ],
        [
          427.36572265625,
          65.53776123002172
        ],
        [
          427.36572265625,
          80.78759765625
        ],
        [
          59.04899978637695,
          80.78759765625
        ]
      ]
    }
  ],
  "page_stats": [
    {
      "page_id": 0,
      "text_extraction_method": "pdftext",
      "block_counts": [
        [
          "Span",
          736
        ],
        [
          "Line",
          39
        ],
        [
          "Text",
          5
        ],
        [
          "SectionHeader",
          1
        ],
        [
          "PageHeader",
          1
        ]
      ],
      "block_metadata": {
        "llm_request_count": 0,
        "llm_error_count": 0,
        "llm_tokens_used": 0
      }
    }
  ],
  "debug_data_path": "debug_data/page-108"
}