{
  "table_of_contents": [
    {
      "title": "ON PRACTICE Efi:l",
      "heading_level": null,
      "page_id": 0,
      "polygon": [
        [
          247.384033203125,
          77.62168456986547
        ],
        [
          536.4552612304688,
          77.62168456986547
        ],
        [
          536.4552612304688,
          91.3228759765625
        ],
        [
          247.384033203125,
          91.3228759765625
        ]
      ]
    }
  ],
  "page_stats": [
    {
      "page_id": 0,
      "text_extraction_method": "pdftext",
      "block_counts": [
        [
          "Span",
          699
        ],
        [
          "Line",
          40
        ],
        [
          "Text",
          6
        ],
        [
          "SectionHeader",
          1
        ]
      ],
      "block_metadata": {
        "llm_request_count": 0,
        "llm_error_count": 0,
        "llm_tokens_used": 0
      }
    }
  ],
  "debug_data_path": "debug_data/page-185"
}