{
  "table_of_contents": [
    {
      "title": "\u0907\u093f\u092f\u093e\u0925\u093f\u0935\u092e\u0942\u0922\u093e\u092e\u093e \u093f\u092e\u092f\u093e\u091a\u093e\u0930: \u0938 \u0909\u092f\u0924\u0947\u0965\u096c\u0965",
      "heading_level": null,
      "page_id": 0,
      "polygon": [
        [
          127.30078125,
          68.11083984375
        ],
        [
          446.2048645019531,
          68.11083984375
        ],
        [
          446.2048645019531,
          94.21435546875
        ],
        [
          127.30078125,
          94.21435546875
        ]
      ]
    },
    {
      "title": "\u092f\u093f\u0935\u093f\u092f\u093e\u093f\u0923 \u092e\u0928\u0938\u093e \u093f\u0928\u092f\u092f\u093e\u0930\u092d\u0924\u0947\n\u093d\u091c\u0941\n\u0928\u0964\n\u0915\u092e\u093f\u092f\u0948\n: \u0915\u092e\u092f\u094b\u0917\u092e\u0938\u0924: \u0938 \u093f\u0935\u093f\u0936\u092f\u0924\u0947\u0965\u096d\u0965",
      "heading_level": null,
      "page_id": 0,
      "polygon": [
        [
          126.77783203125,
          264.708984375
        ],
        [
          428.9512023925781,
          264.708984375
        ],
        [
          428.9512023925781,
          311.2050476074219
        ],
        [
          126.77783203125,
          311.2050476074219
        ]
      ]
    },
    {
      "title": "\u093f\u0928\u092f\u0924\u0902 \u0915\u0941  \u0915\u092e \u0935\u0902 \u0915\u092e \u092f\u093e\u092f\u094b \u0915\u092e\u0923:\u0964\n\u0936\u0930\u0940\u0930\u092f\u093e\u093e\u093f\u092a \u091a \u0924\u0947 \u0928 \u093f\u0938\u092f\u0947\u0926\u0915\u092e\u0923:\u0965\u096e\u0965",
      "heading_level": null,
      "page_id": 0,
      "polygon": [
        [
          124.23779296875,
          543.33984375
        ],
        [
          429.3674621582031,
          543.33984375
        ],
        [
          429.3674621582031,
          590.2055358886719
        ],
        [
          124.23779296875,
          590.2055358886719
        ]
      ]
    }
  ],
  "page_stats": [
    {
      "page_id": 0,
      "text_extraction_method": "pdftext",
      "block_counts": [
        [
          "Span",
          168
        ],
        [
          "Line",
          33
        ],
        [
          "Text",
          7
        ],
        [
          "SectionHeader",
          3
        ]
      ],
      "block_metadata": {
        "llm_request_count": 0,
        "llm_error_count": 0,
        "llm_tokens_used": 0
      }
    }
  ],
  "debug_data_path": "debug_data/page-123"
}