{
  "table_of_contents": [
    {
      "title": "ON PRACTICE",
      "heading_level": null,
      "page_id": 0,
      "polygon": [
        [
          250.28967254408062,
          74.97773820124665
        ],
        [
          354.15283203125,
          74.97773820124665
        ],
        [
          354.15283203125,
          87.1087646484375
        ],
        [
          250.28967254408062,
          87.1087646484375
        ]
      ]
    }
  ],
  "page_stats": [
    {
      "page_id": 0,
      "text_extraction_method": "surya",
      "block_counts": [
        [
          "Line",
          31
        ],
        [
          "Span",
          31
        ],
        [
          "Text",
          5
        ],
        [
          "SectionHeader",
          1
        ],
        [
          "PageHeader",
          1
        ]
      ],
      "block_metadata": {
        "llm_request_count": 0,
        "llm_error_count": 0,
        "llm_tokens_used": 0
      }
    }
  ],
  "debug_data_path": "debug_data/page-181"
}