{
  "table_of_contents": [
    {
      "title": "YOGA PHILOSOPHY OF PATA\u00d1JALI",
      "heading_level": null,
      "page_id": 0,
      "polygon": [
        [
          188.09193954659952,
          74.22796081923418
        ],
        [
          433.466796875,
          77.22707034728406
        ],
        [
          433.466796875,
          88.701904296875
        ],
        [
          188.09193954659952,
          88.701904296875
        ]
      ]
    },
    {
      "title": "\u092d\u093e\u0937\u094d\u092f\u092e\u094d-\u0938\u094d\u0925\u093f\u0924\u093e\u0928\u093e\u0928\u094d\u0924\u0941 \u092c\u094b\u091c\u092d\u093e\u0935\u094b\u092a\u0917\u0924\u093e\u0928\u093e\u092e-\n\u0927\u094d\u092f\u093e\u0928\u0939\u0947\u092f\u093e\u0938\u094d\u0924\u0926\u0943\u0937\u094d\u091f\u0924\u094d\u0924\u092f\u0903 \u0965 \u0967\u0967 \u0965",
      "heading_level": null,
      "page_id": 0,
      "polygon": [
        [
          95.91939546599497,
          524.0943900267141
        ],
        [
          355.0244140625,
          524.0943900267141
        ],
        [
          355.0244140625,
          564.4853515625
        ],
        [
          95.91939546599497,
          564.4853515625
        ]
      ]
    }
  ],
  "page_stats": [
    {
      "page_id": 0,
      "text_extraction_method": "surya",
      "block_counts": [
        [
          "Line",
          37
        ],
        [
          "Span",
          37
        ],
        [
          "Text",
          6
        ],
        [
          "SectionHeader",
          2
        ]
      ],
      "block_metadata": {
        "llm_request_count": 0,
        "llm_error_count": 0,
        "llm_tokens_used": 0
      }
    }
  ],
  "debug_data_path": "debug_data/page-166"
}