{
  "table_of_contents": [
    {
      "title": "YOGA PHILOSOPHY OF PATANJALI",
      "heading_level": null,
      "page_id": 0,
      "polygon": [
        [
          181.34760705289673,
          75.72751558325912
        ],
        [
          427.0751953125,
          75.72751558325912
        ],
        [
          427.0751953125,
          87.982421875
        ],
        [
          181.34760705289673,
          87.982421875
        ]
      ]
    },
    {
      "title": "\u092a\u094d\u0930\u0924\u094d\u092f\u092f\u0938\u094d\u092f \u092a\u0930\u091a\u093f\u0924\u094d\u0924\u0928\u094d\u0924\u094d\u0930\u093e\u0928\u092e\u094d \u0965 \u0967\u096e \u0965",
      "heading_level": null,
      "page_id": 0,
      "polygon": [
        [
          81.68136020151134,
          635.0614425645592
        ],
        [
          296.04736328125,
          632.8121104185218
        ],
        [
          296.04736328125,
          648.767578125
        ],
        [
          81.68136020151134,
          649.307212822796
        ]
      ]
    },
    {
      "title": "\u092d\u093e\u0937\u094d\u092f\u092e\u094d-\u092a\u094d\u0930\u0924\u094d\u092f\u092f\u0947 \u0938\u0902\u092f\u092e\u093e\u0924\u094d \u092a\u094d\u0930\u0924\u094d\u092f\u092f\u0938\u094d\u092f \u0938\u093e\u0927\u093e\u0924\u094d\u0915\u0930\u0923\u093e\u0938\u0924\u0903 \u092a\u0930 \u091a\u093f\u0924\u094d\u0924\u0928\u094d\u0924\u094d\u0930\u093e\u0928\u092e\u094d \u0965\u0967\u096e\u0965\n(On Practising Samyama) On Notions, Knowledge Of\nOther Mind Is Developed. 19.",
      "heading_level": null,
      "page_id": 0,
      "polygon": [
        [
          95.91939546599497,
          653.0560997328583
        ],
        [
          538.056640625,
          653.0560997328583
        ],
        [
          538.056640625,
          702.5414069456812
        ],
        [
          95.91939546599497,
          704.7907390917186
        ]
      ]
    }
  ],
  "page_stats": [
    {
      "page_id": 0,
      "text_extraction_method": "surya",
      "block_counts": [
        [
          "Line",
          40
        ],
        [
          "Span",
          40
        ],
        [
          "Text",
          8
        ],
        [
          "SectionHeader",
          3
        ]
      ],
      "block_metadata": {
        "llm_request_count": 0,
        "llm_error_count": 0,
        "llm_tokens_used": 0
      }
    }
  ],
  "debug_data_path": "debug_data/page-344"
}