{
  "table_of_contents": [
    {
      "title": "\u0909\u092a\u093e\u0928\u0941\u092e\u0924\u093e \u091a \u092d\u0924 \u092d\u094b\u0924\u093e \u092e\u0939\u0947\u0930:\u0964\n\u092a\u0930\u092e\u093e\u092e\u0947\u093f\u0924 \u091a\u093e\u092f\u0941\u0924\u094b \u0926\u0947\u0939\u0947\n\u093d\u093f\u092e\u092a\u0941\u0937: \u092a\u0930:\u0965\u0968\u0968\u0965",
      "heading_level": null,
      "page_id": 0,
      "polygon": [
        [
          127.30078125,
          248.66015625
        ],
        [
          448.2421875,
          248.66015625
        ],
        [
          448.2421875,
          296.61328125
        ],
        [
          127.30078125,
          296.61328125
        ]
      ]
    }
  ],
  "page_stats": [
    {
      "page_id": 0,
      "text_extraction_method": "pdftext",
      "block_counts": [
        [
          "Span",
          108
        ],
        [
          "Line",
          32
        ],
        [
          "Text",
          5
        ],
        [
          "SectionHeader",
          1
        ]
      ],
      "block_metadata": {
        "llm_request_count": 0,
        "llm_error_count": 0,
        "llm_tokens_used": 0
      }
    }
  ],
  "debug_data_path": "debug_data/page-424"
}