{
  "table_of_contents": [
    {
      "title": "\u093f\u0935\u093e\u093f\u0935\u0928\u092f\u0938\u0902\u092a\u0947 \u093e\u0923\u0947 \u0917\u093f\u0935 \u0939\u093f\u0924\u093f\u0928 \u0964\n\u0936\u0941\u093f\u0928 \u091a\u0948\u0935 \u092a\u093e\u0915\u0947 \u091a \u092a\u093f\u0921\u0924\u093e: \u0938\u092e\u0926\u093f\u0936\u0928:\u0965\u0967\u096e\u0965",
      "heading_level": null,
      "page_id": 0,
      "polygon": [
        [
          127.001953125,
          527.09765625
        ],
        [
          450.6328125,
          527.09765625
        ],
        [
          450.6328125,
          573.7045593261719
        ],
        [
          127.001953125,
          573.7045593261719
        ]
      ]
    }
  ],
  "page_stats": [
    {
      "page_id": 0,
      "text_extraction_method": "pdftext",
      "block_counts": [
        [
          "Span",
          135
        ],
        [
          "Line",
          33
        ],
        [
          "Text",
          5
        ],
        [
          "SectionHeader",
          1
        ]
      ],
      "block_metadata": {
        "llm_request_count": 0,
        "llm_error_count": 0,
        "llm_tokens_used": 0
      }
    }
  ],
  "debug_data_path": "debug_data/page-210"
}