{
  "table_of_contents": [
    {
      "title": "\u092f\u0947 \u091a\u0948\u0935 \u0938\u093e\u093f\u0935\u0915\u093e \u092d\u093e\u0935\u093e \u0930\u093e\u091c\u0938\u093e\u0924\u093e\u092e\u0938\u093e \u092f\u0947\u0964\n\u092e \u090f\u0935\u0947\u093f\u0924 \u0924\u093e\u093f\u0935\u093f \u0928 \u0935\u0939\u0902 \u0924\u0947\u0937\u0941 \u0924\u0947 \u092e\u093f\u092f\u0965\u0967\u0968\u0965",
      "heading_level": null,
      "page_id": 0,
      "polygon": [
        [
          125.3583984375,
          329.09765625
        ],
        [
          451.3507385253906,
          329.09765625
        ],
        [
          451.3507385253906,
          376.27734375
        ],
        [
          125.3583984375,
          376.27734375
        ]
      ]
    }
  ],
  "page_stats": [
    {
      "page_id": 0,
      "text_extraction_method": "pdftext",
      "block_counts": [
        [
          "Span",
          167
        ],
        [
          "Line",
          32
        ],
        [
          "Text",
          6
        ],
        [
          "SectionHeader",
          1
        ]
      ],
      "block_metadata": {
        "llm_request_count": 0,
        "llm_error_count": 0,
        "llm_tokens_used": 0
      }
    }
  ],
  "debug_data_path": "debug_data/page-260"
}