{
  "table_of_contents": [
    {
      "title": "\u092f\u093e\u092f\u0902 \u0926\u094b\u0937\u0935\u093f\u0926\u092f\u0947\u0915\u0947 \u0915\u092e \u093e\u0939\u092e\n\u0941\n\u0928\u0940\u093f\u0937\u0923:\u0964\n\u092f\u0926\u093e\u0928\u0924\u092a:\u0915\u092e \u0928 \u092f\u093e\u092f\u093f\u092e\u093f\u0924 \u091a\u093e\u092a\u0930\u0947\u0965\u0969\u0965",
      "heading_level": null,
      "page_id": 0,
      "polygon": [
        [
          126.5537109375,
          277.083984375
        ],
        [
          412.3975524902344,
          277.083984375
        ],
        [
          412.3975524902344,
          324.7045593261719
        ],
        [
          126.5537109375,
          324.7045593261719
        ]
      ]
    }
  ],
  "page_stats": [
    {
      "page_id": 0,
      "text_extraction_method": "pdftext",
      "block_counts": [
        [
          "Span",
          144
        ],
        [
          "Line",
          34
        ],
        [
          "Text",
          4
        ],
        [
          "SectionHeader",
          1
        ]
      ],
      "block_metadata": {
        "llm_request_count": 0,
        "llm_error_count": 0,
        "llm_tokens_used": 0
      }
    }
  ],
  "debug_data_path": "debug_data/page-514"
}