{
  "table_of_contents": [
    {
      "title": "84 YOGA PHILOSOPHY OF PATa5JALI",
      "heading_level": null,
      "page_id": 0,
      "polygon": [
        [
          52.099998474121094,
          67.13102294877172
        ],
        [
          422.4267578125,
          67.13102294877172
        ],
        [
          422.4267578125,
          83.7169189453125
        ],
        [
          52.099998474121094,
          83.7169189453125
        ]
      ]
    }
  ],
  "page_stats": [
    {
      "page_id": 0,
      "text_extraction_method": "pdftext",
      "block_counts": [
        [
          "Span",
          646
        ],
        [
          "Line",
          34
        ],
        [
          "Text",
          2
        ],
        [
          "SectionHeader",
          1
        ],
        [
          "PageHeader",
          1
        ]
      ],
      "block_metadata": {
        "llm_request_count": 0,
        "llm_error_count": 0,
        "llm_tokens_used": 0
      }
    }
  ],
  "debug_data_path": "debug_data/page-106"
}