{
  "table_of_contents": [
    {
      "title": "\u0928 \u093f\u0939 \u0915\u093f\u0923\u092e\u093f\u092a \u091c\u093e\u0924\u0941 \u093f\u0924\u092f\u0915\u092e\u0915\u0943 \u0924\u094d\u0964\n\u0915\u093e\u092f\u0924\u0947 \u0935\u0936: \u0915\u092e \u0938\u0935\n: \u0915\u0943\n\u093f\u0924\u091c\u0948\u0917\u0941\n\u0923\u0948\n:\u0965\u096b\u0965",
      "heading_level": null,
      "page_id": 0,
      "polygon": [
        [
          126.404296875,
          248.2734375
        ],
        [
          425.432373046875,
          248.2734375
        ],
        [
          425.432373046875,
          296.4506530761719
        ],
        [
          126.404296875,
          296.4506530761719
        ]
      ]
    },
    {
      "title": "\u0915\u092e\u093f\u092f\u093e\u093f\u0923 \u0938\u0902\u092f\u092f \u092f \u0906\u0924\u0947 \u092e\u0928\u0938\u093e \u092e\u0930\u0928\u094d\u0964",
      "heading_level": null,
      "page_id": 0,
      "polygon": [
        [
          127.74610900878906,
          691.453125
        ],
        [
          433.9456481933594,
          691.453125
        ],
        [
          433.9456481933594,
          714.7045516967773
        ],
        [
          127.74610900878906,
          714.7045516967773
        ]
      ]
    }
  ],
  "page_stats": [
    {
      "page_id": 0,
      "text_extraction_method": "pdftext",
      "block_counts": [
        [
          "Span",
          153
        ],
        [
          "Line",
          37
        ],
        [
          "Text",
          6
        ],
        [
          "SectionHeader",
          2
        ]
      ],
      "block_metadata": {
        "llm_request_count": 0,
        "llm_error_count": 0,
        "llm_tokens_used": 0
      }
    }
  ],
  "debug_data_path": "debug_data/page-122"
}