{
  "table_of_contents": [
    {
      "title": "\u0905\u0938\u092f\u092e\u093f\u0924\u0902 \u0924\u0947 \u091c\u0917\u0926\u093e\u0939\u0930\n\u0941\n\u0928\u0940\u0930\u092e\u094d\u0964\n\u0905\u092a\u0930\u092a\u0930\u0938\u092d\u0942\u0924\u0902 \u093f\u0915\u092e\u092f\u0915\u093e\u092e\u0939\u0948\u0924\u0941\u0915\u092e\u094d\u0965\u096e\u0965",
      "heading_level": null,
      "page_id": 0,
      "polygon": [
        [
          127.74610900878906,
          228.9375
        ],
        [
          404.811279296875,
          228.9375
        ],
        [
          404.811279296875,
          279.59765625
        ],
        [
          127.74610900878906,
          279.59765625
        ]
      ]
    },
    {
      "title": "\u090f\u0924 \u0926\u093f\n\u0943\n\u092e\u0935\u092f \u0928\u093e\u092e\u093e\u0928\u094b\u093d\u092a\u092c\u0941\u092f:\u0964\n\u092d\u0935\u092f\u0941\u0915\u092e\u0923: \u092f\u093e\u092f \u091c\u0917\u0924\u094b\u093d\u093f\u0939\u0924\u093e:\u0965\u096f\u0965",
      "heading_level": null,
      "page_id": 0,
      "polygon": [
        [
          124.7607421875,
          611.40234375
        ],
        [
          417.6569519042969,
          611.40234375
        ],
        [
          417.6569519042969,
          657.80859375
        ],
        [
          124.7607421875,
          657.80859375
        ]
      ]
    }
  ],
  "page_stats": [
    {
      "page_id": 0,
      "text_extraction_method": "pdftext",
      "block_counts": [
        [
          "Span",
          133
        ],
        [
          "Line",
          35
        ],
        [
          "Text",
          5
        ],
        [
          "SectionHeader",
          2
        ]
      ],
      "block_metadata": {
        "llm_request_count": 0,
        "llm_error_count": 0,
        "llm_tokens_used": 0
      }
    }
  ],
  "debug_data_path": "debug_data/page-485"
}