{
  "table_of_contents": [
    {
      "title": "YOGA PHILOSOPHY OF PATA\u00d1JALI",
      "heading_level": null,
      "page_id": 0,
      "polygon": [
        [
          180.59823677581863,
          76.47729296527159
        ],
        [
          427.36572265625,
          74.97773820124665
        ],
        [
          427.36572265625,
          88.3935546875
        ],
        [
          180.59823677581863,
          88.3935546875
        ]
      ]
    }
  ],
  "page_stats": [
    {
      "page_id": 0,
      "text_extraction_method": "surya",
      "block_counts": [
        [
          "Line",
          41
        ],
        [
          "Span",
          41
        ],
        [
          "Text",
          3
        ],
        [
          "SectionHeader",
          1
        ]
      ],
      "block_metadata": {
        "llm_request_count": 0,
        "llm_error_count": 0,
        "llm_tokens_used": 0
      }
    }
  ],
  "debug_data_path": "debug_data/page-364"
}