{
  "table_of_contents": [
    {
      "title": "18 YOGA PHILOSOPHY OF FATAfijALI",
      "heading_level": null,
      "page_id": 0,
      "polygon": [
        [
          60.95000076293945,
          71.04441406205297
        ],
        [
          426.494140625,
          71.04441406205297
        ],
        [
          426.494140625,
          89.66404296830297
        ],
        [
          60.95000076293945,
          89.66404296830297
        ]
      ]
    }
  ],
  "page_stats": [
    {
      "page_id": 0,
      "text_extraction_method": "pdftext",
      "block_counts": [
        [
          "Span",
          756
        ],
        [
          "Line",
          39
        ],
        [
          "Text",
          4
        ],
        [
          "SectionHeader",
          1
        ]
      ],
      "block_metadata": {
        "llm_request_count": 0,
        "llm_error_count": 0,
        "llm_tokens_used": 0
      }
    }
  ],
  "debug_data_path": "debug_data/page-040"
}