{
  "table_of_contents": [
    {
      "title": "",
      "heading_level": null,
      "page_id": 0,
      "polygon": [
        [
          282.247314453125,
          4.65093994140625
        ],
        [
          311.4453125,
          4.65093994140625
        ],
        [
          311.4453125,
          30.03839111328125
        ],
        [
          282.247314453125,
          30.03839111328125
        ]
      ]
    },
    {
      "title": "362 YOGA PHILOSOPHY 0>\" PATAfrJALI",
      "heading_level": null,
      "page_id": 0,
      "polygon": [
        [
          55.900001525878906,
          73.40323974564672
        ],
        [
          421.55517578125,
          73.40323974564672
        ],
        [
          421.55517578125,
          87.9310302734375
        ],
        [
          55.900001525878906,
          87.9310302734375
        ]
      ]
    },
    {
      "title": "?Wl KVITRSRm II \\\\",
      "heading_level": null,
      "page_id": 0,
      "polygon": [
        [
          94.0989990234375,
          189.94761230424047
        ],
        [
          402.08984375,
          189.94761230424047
        ],
        [
          402.08984375,
          207.519287109375
        ],
        [
          94.0989990234375,
          207.519287109375
        ]
      ]
    },
    {
      "title": "Thence dome Power Of Rapid Movement As Of Mind.\nAction Of Instruments Apart From The Body And\nMastery Over The Primordial Cause, ^8.",
      "heading_level": null,
      "page_id": 0,
      "polygon": [
        [
          84.0,
          299.1698413081467
        ],
        [
          507.2607421875,
          299.1698413081467
        ],
        [
          507.2607421875,
          350.70908691361547
        ],
        [
          84.0,
          350.70908691361547
        ]
      ]
    }
  ],
  "page_stats": [
    {
      "page_id": 0,
      "text_extraction_method": "pdftext",
      "block_counts": [
        [
          "Span",
          483
        ],
        [
          "Line",
          29
        ],
        [
          "Text",
          6
        ],
        [
          "SectionHeader",
          4
        ],
        [
          "PageHeader",
          1
        ]
      ],
      "block_metadata": {
        "llm_request_count": 0,
        "llm_error_count": 0,
        "llm_tokens_used": 0
      }
    }
  ],
  "debug_data_path": "debug_data/page-384"
}