{
  "table_of_contents": [
    {
      "title": "\u092a\u091a\u0948\u0924\u093e\u093f\u0928 \u092e\u0939\u093e\u092c\u093e\u0939\u094b \u0915\u093e\u0930\u0923\u093e\u093f\u0928 \u093f\u0928\u092c\u094b\u0927 \u092e\u0947\u0964\n\u0938\u092f\u0947 \u0915\u0943 \u0924\u093e\u0924\u0947 \u094b\u0924\u093e\u093f\u0928 \u093f\u0938\u092f\u0947 \u0938\u0935\u0915\u092e\u0923\u093e\u092e\u094d\u0965\u0967\u0969\u0965",
      "heading_level": null,
      "page_id": 0,
      "polygon": [
        [
          126.10546875,
          69.8994140625
        ],
        [
          471.8960876464844,
          69.8994140625
        ],
        [
          471.8960876464844,
          116.45062255859375
        ],
        [
          126.10546875,
          116.45062255859375
        ]
      ]
    },
    {
      "title": "\u0905\u093f\u0927\u093e\u0928\u0902 \u0924\u0925\u093e \u0915\u0924 \u0915\u0930\u0923\u0902 \u091a \u092a\u0943\u0925\u093f\u0935\u0927\u092e\u094d\u0964\n\u093f\u0935\u093f\u0935\u0927\u093e \u092a\u0943\u0925\u091a\u0947\u093e \u0926\u0948\u0935\u0902 \u091a\u0948\u0935\u093e \u092a\u091a\u092e\u092e\u094d\u0965\u0967\u096a\u0965",
      "heading_level": null,
      "page_id": 0,
      "polygon": [
        [
          125.5078125,
          553.78125
        ],
        [
          447.96221923828125,
          553.78125
        ],
        [
          447.96221923828125,
          600.7045593261719
        ],
        [
          125.5078125,
          600.7045593261719
        ]
      ]
    }
  ],
  "page_stats": [
    {
      "page_id": 0,
      "text_extraction_method": "pdftext",
      "block_counts": [
        [
          "Span",
          160
        ],
        [
          "Line",
          31
        ],
        [
          "Text",
          6
        ],
        [
          "SectionHeader",
          2
        ]
      ],
      "block_metadata": {
        "llm_request_count": 0,
        "llm_error_count": 0,
        "llm_tokens_used": 0
      }
    }
  ],
  "debug_data_path": "debug_data/page-525"
}