{
  "table_of_contents": [
    {
      "title": "\u092f\u0941\u0947\u0935\u0902 \u0938\u0926\u093e\u092e\u093e\u0928\u0902 \u092f\u094b\u0917\u0940 \u093f\u0935\u0917\u0924\u0915\u092e\u0937:\u0964\n\u0938\u0941\u0916\u0947\u0928 \u0938\u0902\u092a\u0936\u092e\u092f\u0924\u0902 \u0938\u0941\u0916\u092e\u0941\u0924\u0947\u0965\u0968\u096e\u0965",
      "heading_level": null,
      "page_id": 0,
      "polygon": [
        [
          126.18017578125,
          266.8359375
        ],
        [
          413.2299499511719,
          266.8359375
        ],
        [
          413.2299499511719,
          315.94921875
        ],
        [
          126.18017578125,
          315.94921875
        ]
      ]
    },
    {
      "title": "\u0938\u0935\u092d\u0942\u0924\u0925\u092e\u093e\u092e\u093e\u0928\u0902 \u0938\u0935\u092d\u0942\u0924\u093e\u093f\u0928 \u091a\u093e\u092e\u093f\u0928\u0964\n\u0908\u0924\u0947 \u092f\u094b\u0917\u092f\u0941\u0924\u093e\u092e\u093e \u0938\u0935 \u0938\u092e\u0926\u0936\u0928:\u0965\u0968\u096f\u0965",
      "heading_level": null,
      "page_id": 0,
      "polygon": [
        [
          124.7607421875,
          564.22265625
        ],
        [
          419.07574462890625,
          564.22265625
        ],
        [
          419.07574462890625,
          612.17578125
        ],
        [
          124.7607421875,
          612.17578125
        ]
      ]
    }
  ],
  "page_stats": [
    {
      "page_id": 0,
      "text_extraction_method": "pdftext",
      "block_counts": [
        [
          "Span",
          129
        ],
        [
          "Line",
          31
        ],
        [
          "Text",
          7
        ],
        [
          "SectionHeader",
          2
        ]
      ],
      "block_metadata": {
        "llm_request_count": 0,
        "llm_error_count": 0,
        "llm_tokens_used": 0
      }
    }
  ],
  "debug_data_path": "debug_data/page-241"
}