{
  "table_of_contents": [
    {
      "title": "OiV PRACTICE 265",
      "heading_level": null,
      "page_id": 0,
      "polygon": [
        [
          259.150390625,
          72.08921386674047
        ],
        [
          546.4999389648438,
          72.08921386674047
        ],
        [
          546.4999389648438,
          87.94327880814672
        ],
        [
          259.150390625,
          87.94327880814672
        ]
      ]
    }
  ],
  "page_stats": [
    {
      "page_id": 0,
      "text_extraction_method": "pdftext",
      "block_counts": [
        [
          "Span",
          787
        ],
        [
          "Line",
          42
        ],
        [
          "Text",
          6
        ],
        [
          "SectionHeader",
          1
        ],
        [
          "PageHeader",
          1
        ]
      ],
      "block_metadata": {
        "llm_request_count": 0,
        "llm_error_count": 0,
        "llm_tokens_used": 0
      }
    }
  ],
  "debug_data_path": "debug_data/page-287"
}