{
  "table_of_contents": [
    {
      "title": "\u0905\u0938\u0924\u092c\u0941\u093f: \u0938\u0935 \u093f\u091c\u0924\u093e\u092e\u093e \u093f\u0935\u0917\u0924\u092a\u0943\u0939:\u0964\n\u0928\u0948 \u0915\u092f\u093f\u0938\u093f\u0902 \u092a\u0930\u092e \u0938\u0902\u092f\u093e\u0938\u0947\u0928\u093e\u093f\u0927\u0917\u091b\u093f\u0924\u0965\u096a\u096f\u0965",
      "heading_level": null,
      "page_id": 0,
      "polygon": [
        [
          125.73193359375,
          267.609375
        ],
        [
          433.9078369140625,
          267.609375
        ],
        [
          433.9078369140625,
          314.2045593261719
        ],
        [
          125.73193359375,
          314.2045593261719
        ]
      ]
    }
  ],
  "page_stats": [
    {
      "page_id": 0,
      "text_extraction_method": "pdftext",
      "block_counts": [
        [
          "Span",
          113
        ],
        [
          "Line",
          33
        ],
        [
          "Text",
          5
        ],
        [
          "SectionHeader",
          1
        ]
      ],
      "block_metadata": {
        "llm_request_count": 0,
        "llm_error_count": 0,
        "llm_tokens_used": 0
      }
    }
  ],
  "debug_data_path": "debug_data/page-553"
}