{
  "table_of_contents": [
    {
      "title": "\u094b\u093e\u0926\u0940\u0928\u0940\u093f\u092f\u093e\u092f\u092f\u0947 \u0938\u0902\u092f\u092e\u093e\u093f\u0928\u0937\u0941 \u091c\u0941\u093f\u0924\u0964\n\u0936\u0926\u093e\u0926\u0940\u093f\u0935\u0937\u092f\u093e\u0928\u092f \u0907\u093f\u092f\u093e\u093f\u0928\u0937\u0941 \u091c\u0941\u093f\u0924\u0965\u0968\u096c\u0965",
      "heading_level": null,
      "page_id": 0,
      "polygon": [
        [
          127.74610900878906,
          248.466796875
        ],
        [
          429.76470947265625,
          248.466796875
        ],
        [
          429.76470947265625,
          296.419921875
        ],
        [
          127.74610900878906,
          296.419921875
        ]
      ]
    },
    {
      "title": "\u0938\u0935\u0923\u0940\u093f\u092f\u0915\u092e\u093f\u0923 \u093e\u0923\u0915\u092e\u093f\u0923 \u091a\u093e\u092a\u0930\u0947\u0964\n\u0906\u092e\u0938\u0902\u092f\u092e\u092f\u094b\u0917\u093e\u0928\u094c \u091c\u0941\u093f\u0924 \u093e\u0928\u0926\u0940\u093f\u092a\u0924\u0947\u0965\u0968\u096d\u0965",
      "heading_level": null,
      "page_id": 0,
      "polygon": [
        [
          123.5654296875,
          556.875
        ],
        [
          421.5541076660156,
          556.875
        ],
        [
          421.5541076660156,
          604.0546875
        ],
        [
          123.5654296875,
          604.0546875
        ]
      ]
    }
  ],
  "page_stats": [
    {
      "page_id": 0,
      "text_extraction_method": "pdftext",
      "block_counts": [
        [
          "Span",
          127
        ],
        [
          "Line",
          31
        ],
        [
          "Text",
          6
        ],
        [
          "SectionHeader",
          2
        ]
      ],
      "block_metadata": {
        "llm_request_count": 0,
        "llm_error_count": 0,
        "llm_tokens_used": 0
      }
    }
  ],
  "debug_data_path": "debug_data/page-178"
}