{
  "table_of_contents": [
    {
      "title": "^56 YOGA PHILOSOPHY OF PATAfiljAI,!",
      "heading_level": null,
      "page_id": 0,
      "polygon": [
        [
          60.95000076293945,
          70.97556640580297
        ],
        [
          431.43310546875,
          70.97556640580297
        ],
        [
          431.43310546875,
          85.79673339799047
        ],
        [
          60.95000076293945,
          85.79673339799047
        ]
      ]
    }
  ],
  "page_stats": [
    {
      "page_id": 0,
      "text_extraction_method": "pdftext",
      "block_counts": [
        [
          "Span",
          813
        ],
        [
          "Line",
          40
        ],
        [
          "Text",
          3
        ],
        [
          "SectionHeader",
          1
        ],
        [
          "PageHeader",
          1
        ]
      ],
      "block_metadata": {
        "llm_request_count": 0,
        "llm_error_count": 0,
        "llm_tokens_used": 0
      }
    }
  ],
  "debug_data_path": "debug_data/page-378"
}