{
  "table_of_contents": [
    {
      "title": "yoca philosophy or fata&jali",
      "heading_level": null,
      "page_id": 0,
      "polygon": [
        [
          182.89999389648438,
          63.902019042521715
        ],
        [
          426.494140625,
          63.902019042521715
        ],
        [
          426.494140625,
          83.20383789017797
        ],
        [
          182.89999389648438,
          83.20383789017797
        ]
      ]
    }
  ],
  "page_stats": [
    {
      "page_id": 0,
      "text_extraction_method": "pdftext",
      "block_counts": [
        [
          "Span",
          755
        ],
        [
          "Line",
          41
        ],
        [
          "Text",
          4
        ],
        [
          "SectionHeader",
          1
        ],
        [
          "PageHeader",
          1
        ]
      ],
      "block_metadata": {
        "llm_request_count": 0,
        "llm_error_count": 0,
        "llm_tokens_used": 0
      }
    }
  ],
  "debug_data_path": "debug_data/page-068"
}