{
  "table_of_contents": [
    {
      "title": "\u092f\u094b\u0917\u0940 \u092f\u0941\u0940\u0924 \u0938\u0924\u0924\u092e\u093e\u092e\u093e\u0928\u0902 \u0930\u0939\u093f\u0938 \u093f\u0925\u0924:\u0964\n\u090f\u0915\u093e\u0915\u0940 \u092f\u0924\u093f\u091a\u093e\u092e\u093e \u093f\u0928\u0930\u093e\u0936\u0940\u0930\u092a\u093f\u0930\u0939:\u0965\u0967\u0966\u0965",
      "heading_level": null,
      "page_id": 0,
      "polygon": [
        [
          125.13427734375,
          69.65771484375
        ],
        [
          420.3811950683594,
          69.65771484375
        ],
        [
          420.3811950683594,
          116.20452880859375
        ],
        [
          125.13427734375,
          116.20452880859375
        ]
      ]
    }
  ],
  "page_stats": [
    {
      "page_id": 0,
      "text_extraction_method": "pdftext",
      "block_counts": [
        [
          "Span",
          123
        ],
        [
          "Line",
          32
        ],
        [
          "Text",
          6
        ],
        [
          "SectionHeader",
          1
        ],
        [
          "Handwriting",
          1
        ]
      ],
      "block_metadata": {
        "llm_request_count": 0,
        "llm_error_count": 0,
        "llm_tokens_used": 0
      }
    }
  ],
  "debug_data_path": "debug_data/page-232"
}