{
  "table_of_contents": [
    {
      "title": "S3 YOGA PHJI-OSOPHY OF PATA^JAM",
      "heading_level": null,
      "page_id": 0,
      "polygon": [
        [
          65.05000305175781,
          72.86716796830297
        ],
        [
          431.142578125,
          72.86716796830297
        ],
        [
          431.142578125,
          88.5477294921875
        ],
        [
          65.05000305175781,
          88.5477294921875
        ]
      ]
    },
    {
      "title": "aismr II V* U",
      "heading_level": null,
      "page_id": 0,
      "polygon": [
        [
          98.052978515625,
          608.0621142573655
        ],
        [
          348.5019836425781,
          608.0621142573655
        ],
        [
          348.5019836425781,
          625.3741107173264
        ],
        [
          98.052978515625,
          625.3741107173264
        ]
      ]
    }
  ],
  "page_stats": [
    {
      "page_id": 0,
      "text_extraction_method": "pdftext",
      "block_counts": [
        [
          "Span",
          685
        ],
        [
          "Line",
          34
        ],
        [
          "Text",
          5
        ],
        [
          "SectionHeader",
          2
        ]
      ],
      "block_metadata": {
        "llm_request_count": 0,
        "llm_error_count": 0,
        "llm_tokens_used": 0
      }
    }
  ],
  "debug_data_path": "debug_data/page-110"
}