{
  "table_of_contents": [
    {
      "title": "ON CONCENTRATION",
      "heading_level": null,
      "page_id": 0,
      "polygon": [
        [
          177.6007556675063,
          78.72662511130899
        ],
        [
          370.18891687657435,
          78.72662511130899
        ],
        [
          370.18891687657435,
          90.963134765625
        ],
        [
          177.6007556675063,
          90.963134765625
        ]
      ]
    }
  ],
  "page_stats": [
    {
      "page_id": 0,
      "text_extraction_method": "surya",
      "block_counts": [
        [
          "Line",
          19
        ],
        [
          "Span",
          19
        ],
        [
          "TableCell",
          15
        ],
        [
          "Text",
          4
        ],
        [
          "SectionHeader",
          1
        ],
        [
          "Table",
          1
        ]
      ],
      "block_metadata": {
        "llm_request_count": 0,
        "llm_error_count": 0,
        "llm_tokens_used": 0
      }
    }
  ],
  "debug_data_path": "debug_data/page-123"
}