{
  "table_of_contents": [
    {
      "title": "3-JG YOGA J'HILOSOFKV OP FATAEsJALI",
      "heading_level": null,
      "page_id": 0,
      "polygon": [
        [
          67.9000015258789,
          70.50333740189672
        ],
        [
          432.3046875,
          70.50333740189672
        ],
        [
          432.3046875,
          86.55234863236547
        ],
        [
          67.9000015258789,
          86.55234863236547
        ]
      ]
    },
    {
      "title": "(By Practising Sjrayama) On The Moon (The Unar\nEntrance} Knowledge of the Arrangements of\nStars Is Acquired. 27.",
      "heading_level": null,
      "page_id": 0,
      "polygon": [
        [
          101.6845703125,
          359.22886230424047
        ],
        [
          506.0986328125,
          359.22886230424047
        ],
        [
          506.0986328125,
          415.3564868159592
        ],
        [
          101.6845703125,
          415.3564868159592
        ]
      ]
    }
  ],
  "page_stats": [
    {
      "page_id": 0,
      "text_extraction_method": "pdftext",
      "block_counts": [
        [
          "Span",
          625
        ],
        [
          "Line",
          35
        ],
        [
          "Text",
          8
        ],
        [
          "SectionHeader",
          2
        ],
        [
          "Picture",
          1
        ]
      ],
      "block_metadata": {
        "llm_request_count": 0,
        "llm_error_count": 0,
        "llm_tokens_used": 0
      }
    }
  ],
  "debug_data_path": "debug_data/page-358"
}