{
  "table_of_contents": [
    {
      "title": "\u0906\u092e\u094c\u092a\u092f\u0947\u0928 \u0938\u0935 \u0938\u092e\u0902 \u092a\u092f\u093f\u0924 \u092f\u094b\u093d\u091c\u0941\n\u0928\u0964\n\u0938\u0941\u0916\u0902 \u0935\u093e \u092f\u093f\u0926 \u0935\u093e \u0926:\n\u0941\n\u0916\u0902 \u0938 \u092f\u094b\u0917\u0940 \u092a\u0930\u092e\u094b \u092e\u0924:\u0965\u0969\u0968\u0965",
      "heading_level": null,
      "page_id": 0,
      "polygon": [
        [
          127.74610900878906,
          195.0029296875
        ],
        [
          472.9933776855469,
          195.0029296875
        ],
        [
          472.9933776855469,
          243.03656005859375
        ],
        [
          127.74610900878906,
          243.03656005859375
        ]
      ]
    }
  ],
  "page_stats": [
    {
      "page_id": 0,
      "text_extraction_method": "pdftext",
      "block_counts": [
        [
          "Span",
          142
        ],
        [
          "Line",
          35
        ],
        [
          "Text",
          7
        ],
        [
          "SectionHeader",
          1
        ]
      ],
      "block_metadata": {
        "llm_request_count": 0,
        "llm_error_count": 0,
        "llm_tokens_used": 0
      }
    }
  ],
  "debug_data_path": "debug_data/page-243"
}