{
  "table_of_contents": [
    {
      "title": "\u0906\u0939\u093e\u0930\u093e \u0930\u093e\u091c\u0938\u092f\u093e \u0926:\n\u0941\n\u0916\u0936\u094b\u0915\u093e\u092e\u092f\u0926\u093e:\u0965\u096f\u0965",
      "heading_level": null,
      "page_id": 0,
      "polygon": [
        [
          125.9560546875,
          70.6728515625
        ],
        [
          425.5458679199219,
          70.6728515625
        ],
        [
          425.5458679199219,
          94.53704833984375
        ],
        [
          125.9560546875,
          94.53704833984375
        ]
      ]
    },
    {
      "title": "\u092f\u093e\u0924\u092f\u093e\u092e\u0902 \u0917\u0924\u0930\u0938\u0902 \u092a\u0942\u093f\u0924 \u092a\u092f\u0941\n\u093f\u0937\u0924\u0902 \u091a \u092f\u0924\u094d\u0964\n\u0909\u093f\u091b\u092e\u093f\u092a \u091a\u093e\u092e\u0947\u092f\u0902 \u092d\u094b\u091c\u0928\u0902 \u0924\u093e\u092e\u0938\u093f\u092f\u092e\u094d\u0965\u0967\u0966\u0965",
      "heading_level": null,
      "page_id": 0,
      "polygon": [
        [
          126.5537109375,
          281.91796875
        ],
        [
          440.6049499511719,
          281.91796875
        ],
        [
          440.6049499511719,
          329.484375
        ],
        [
          126.5537109375,
          329.484375
        ]
      ]
    },
    {
      "title": "\u0905\u092b\u0932\u093e\u0915\u093f\u093f\u092d\u092f\u094b \u093f\u0935\u093f\u0927\u0926\n\u0943\n\u094b \u092f \u0907\u092f\u0924\u0947\u0964\n\u092f\u092f\u092e\u0947\u0935\u0947\u093f\u0924 \u092e\u0928: \u0938\u092e\u093e\u0927\u093e\u092f \u0938 \u0938\u093e\u093f\u0935\u0915:\u0965\u0967\u0967\u0965",
      "heading_level": null,
      "page_id": 0,
      "polygon": [
        [
          125.208984375,
          559.96875
        ],
        [
          453.9803466796875,
          559.96875
        ],
        [
          453.9803466796875,
          608.2045593261719
        ],
        [
          125.208984375,
          608.2045593261719
        ]
      ]
    }
  ],
  "page_stats": [
    {
      "page_id": 0,
      "text_extraction_method": "pdftext",
      "block_counts": [
        [
          "Span",
          144
        ],
        [
          "Line",
          34
        ],
        [
          "Text",
          6
        ],
        [
          "SectionHeader",
          3
        ]
      ],
      "block_metadata": {
        "llm_request_count": 0,
        "llm_error_count": 0,
        "llm_tokens_used": 0
      }
    }
  ],
  "debug_data_path": "debug_data/page-500"
}