{
  "table_of_contents": [
    {
      "title": "YOGA PHILOSOPHY OF PATA\u00d1JALI",
      "heading_level": null,
      "page_id": 0,
      "polygon": [
        [
          190.34005037783376,
          82.47551202137133
        ],
        [
          434.91943359375,
          80.22617987533393
        ],
        [
          434.91943359375,
          94.5091552734375
        ],
        [
          190.34005037783376,
          94.5091552734375
        ]
      ]
    },
    {
      "title": "\u092f\u094d\u092f\u0935\u093f\u0926\u094d\u092f\u093e \u091a\u0947\u0928\u094d\u0928\u0930\u092e\u0941\u0924\u094d\u0924\u0930\u0947\u0937\u093e\u0902 \u092a\u094d\u0930\u0938\u0941\u092a\u094d\u0924\u0924\u0928\u0941\u0935\u093f\u0927\u093f\u0924\u094d\u0935\u093e\u0926\u093e\u0930\u093e\u0923\u093e\u092e\u094d \u0965 \u096a \u0965",
      "heading_level": null,
      "page_id": 0,
      "polygon": [
        [
          101.91435768261965,
          112.2392578125
        ],
        [
          432.01416015625,
          108.71772039180766
        ],
        [
          432.01416015625,
          126.83447265625
        ],
        [
          101.91435768261965,
          128.2119323241318
        ]
      ]
    },
    {
      "title": "Avidya Is The Breeding Ground For The Others\nWhether They Be Dormant, Attenuated,\nInterrupted Or Active. 4.",
      "heading_level": null,
      "page_id": 0,
      "polygon": [
        [
          118.389892578125,
          591.5743544078362
        ],
        [
          493.3154296875,
          591.5743544078362
        ],
        [
          493.3154296875,
          642.189453125
        ],
        [
          118.389892578125,
          642.189453125
        ]
      ]
    }
  ],
  "page_stats": [
    {
      "page_id": 0,
      "text_extraction_method": "surya",
      "block_counts": [
        [
          "Line",
          31
        ],
        [
          "Span",
          31
        ],
        [
          "SectionHeader",
          3
        ],
        [
          "Text",
          3
        ],
        [
          "PageHeader",
          1
        ]
      ],
      "block_metadata": {
        "llm_request_count": 0,
        "llm_error_count": 0,
        "llm_tokens_used": 0
      }
    }
  ],
  "debug_data_path": "debug_data/page-152"
}