{
  "table_of_contents": [
    {
      "title": "\u0924\u0947\u091c: \u092e\u093e \u0927\u0943\u093f\u0924: \u0936\u094c\u091a\u092e\u094b\u0939\u094b \u0928\u093e\u093f\u0924\u092e\u093e\u093f\u0928\u0924\u093e\u0964\n\u092d\u0935\u093f\u0924 \u0938\u092a\u0926\u0902 \u0926\u0948\u0935\u0940\u092e\u093f\u092d\u091c\u093e\u0924\u092f \u092d\u093e\u0930\u0924\u0965\u0969\u0965",
      "heading_level": null,
      "page_id": 0,
      "polygon": [
        [
          125.208984375,
          139.7021484375
        ],
        [
          412.6813659667969,
          139.7021484375
        ],
        [
          412.6813659667969,
          188.2353515625
        ],
        [
          125.208984375,
          188.2353515625
        ]
      ]
    }
  ],
  "page_stats": [
    {
      "page_id": 0,
      "text_extraction_method": "pdftext",
      "block_counts": [
        [
          "Span",
          129
        ],
        [
          "Line",
          32
        ],
        [
          "Text",
          6
        ],
        [
          "SectionHeader",
          1
        ]
      ],
      "block_metadata": {
        "llm_request_count": 0,
        "llm_error_count": 0,
        "llm_tokens_used": 0
      }
    }
  ],
  "debug_data_path": "debug_data/page-482"
}