{
  "table_of_contents": [
    {
      "title": "Objection: How?",
      "heading_level": null,
      "page_id": 0,
      "polygon": [
        [
          99.49219512939453,
          115.7255859375
        ],
        [
          212.28549194335938,
          115.7255859375
        ],
        [
          212.28549194335938,
          132.58599853515625
        ],
        [
          99.49219512939453,
          132.58599853515625
        ]
      ]
    }
  ],
  "page_stats": [
    {
      "page_id": 0,
      "text_extraction_method": "pdftext",
      "block_counts": [
        [
          "Span",
          93
        ],
        [
          "Line",
          31
        ],
        [
          "Text",
          10
        ],
        [
          "SectionHeader",
          1
        ]
      ],
      "block_metadata": {
        "llm_request_count": 0,
        "llm_error_count": 0,
        "llm_tokens_used": 0
      }
    }
  ],
  "debug_data_path": "debug_data/page-401"
}