{
  "table_of_contents": [
    {
      "title": "\u092f\u0941\u0947\u0935\u0902 \u0938\u0926\u093e\u092e\u093e\u0928\u0902 \u092f\u094b\u0917\u0940 \u093f\u0928\u092f\u0924\u092e\u093e\u0928\u0938:\u0964\n\u0936\u093e\u093f\u0924\u0902 \u093f\u0928\u0935\u0923\u092a\u0930\u092e \u092e\u0938\u0902\u0925\u093e\u092e\u093f\u0927\u0917\u091b\u093f\u0924\u0965\u0967\u096b\u0965",
      "heading_level": null,
      "page_id": 0,
      "polygon": [
        [
          123.1171875,
          561.90234375
        ],
        [
          436.55645751953125,
          561.90234375
        ],
        [
          436.55645751953125,
          609.7045593261719
        ],
        [
          123.1171875,
          609.7045593261719
        ]
      ]
    }
  ],
  "page_stats": [
    {
      "page_id": 0,
      "text_extraction_method": "pdftext",
      "block_counts": [
        [
          "Span",
          141
        ],
        [
          "Line",
          33
        ],
        [
          "Text",
          5
        ],
        [
          "SectionHeader",
          1
        ]
      ],
      "block_metadata": {
        "llm_request_count": 0,
        "llm_error_count": 0,
        "llm_tokens_used": 0
      }
    }
  ],
  "debug_data_path": "debug_data/page-234"
}