{
  "table_of_contents": [
    {
      "title": "242 YOGA PHILOSOPHY OF PaTaSJAU",
      "heading_level": null,
      "page_id": 0,
      "polygon": [
        [
          54.95000076293945,
          70.57267333939672
        ],
        [
          427.94677734375,
          70.57267333939672
        ],
        [
          427.94677734375,
          87.69047119095922
        ],
        [
          54.95000076293945,
          87.69047119095922
        ]
      ]
    }
  ],
  "page_stats": [
    {
      "page_id": 0,
      "text_extraction_method": "pdftext",
      "block_counts": [
        [
          "Span",
          416
        ],
        [
          "Line",
          29
        ],
        [
          "Text",
          4
        ],
        [
          "SectionHeader",
          1
        ],
        [
          "PageHeader",
          1
        ]
      ],
      "block_metadata": {
        "llm_request_count": 0,
        "llm_error_count": 0,
        "llm_tokens_used": 0
      }
    }
  ],
  "debug_data_path": "debug_data/page-264"
}