{
  "table_of_contents": [
    {
      "title": "\u0905\u0924\u0935\n\u0941 \u092b\u0932\u0902 \u0924\u0947\u0937 \u0924\u0935\u092f\u092a\u092e\u0947\u0927\u0938\u093e\u092e\u094d\u0964\n\u0926\u0947\u0935\u093e\u0926\u0947\u0935\u092f\u091c\u094b \u092f\u093e\u093f\u0924 \u092e\u0924\u093e \u092f\u093e\u093f\u0924 \u092e\u093e\u092e\u093f\u092a\u0965\u0968\u0969\u0965",
      "heading_level": null,
      "page_id": 0,
      "polygon": [
        [
          126.8525390625,
          248.66015625
        ],
        [
          454.33978271484375,
          248.66015625
        ],
        [
          454.33978271484375,
          296.2050476074219
        ],
        [
          126.8525390625,
          296.2050476074219
        ]
      ]
    },
    {
      "title": "\u0905\u092f\u0924\u0902 \u092f\u093f\u0924\u092e\u093e\u092a\u0902 \u092e\u092f\u0924\u0947 \u092e\u093e\u092e\u092c\u0941\u092f:\u0964\n\u092a\u0930\u0902 \u092d\u093e\u0935\u092e\u091c\u093e\u0928\u0924\u094b \u092e\u092e\u093e\u092f\u092f\u092e\u0928\u0941\n\u092e\u092e\u094d\u0965\u0968\u096a\u0965",
      "heading_level": null,
      "page_id": 0,
      "polygon": [
        [
          127.4501953125,
          596.70703125
        ],
        [
          407.5434875488281,
          596.70703125
        ],
        [
          407.5434875488281,
          644.2055358886719
        ],
        [
          127.4501953125,
          644.2055358886719
        ]
      ]
    }
  ],
  "page_stats": [
    {
      "page_id": 0,
      "text_extraction_method": "pdftext",
      "block_counts": [
        [
          "Span",
          123
        ],
        [
          "Line",
          32
        ],
        [
          "Text",
          8
        ],
        [
          "SectionHeader",
          2
        ]
      ],
      "block_metadata": {
        "llm_request_count": 0,
        "llm_error_count": 0,
        "llm_tokens_used": 0
      }
    }
  ],
  "debug_data_path": "debug_data/page-266"
}