{
  "table_of_contents": [
    {
      "title": "\u092e\u092e\u0948\u0935\u0936\u094b \u091c\u0940\u0935\u0932\u094b\u0915\u0947 \u091c\u0940\u0935\u092d\u0942\u0924: \u0938\u0928\u093e\u0924\u0928:\u0964\n\u092e\u0928:\u0937\u093e\u0928\u0940\u093f\u092f\u093e\u093f\u0923 \u0915\u0943\n\u093f\u0924\u0925\u093e\u093f\u0928 \u0915\u0937\u093f\u0924\u0965\u096d\u0965",
      "heading_level": null,
      "page_id": 0,
      "polygon": [
        [
          122.89306640625,
          178.3740234375
        ],
        [
          426.8702087402344,
          178.3740234375
        ],
        [
          426.8702087402344,
          224.45086669921875
        ],
        [
          122.89306640625,
          224.45086669921875
        ]
      ]
    }
  ],
  "page_stats": [
    {
      "page_id": 0,
      "text_extraction_method": "pdftext",
      "block_counts": [
        [
          "Span",
          107
        ],
        [
          "Line",
          31
        ],
        [
          "Text",
          7
        ],
        [
          "SectionHeader",
          1
        ]
      ],
      "block_metadata": {
        "llm_request_count": 0,
        "llm_error_count": 0,
        "llm_tokens_used": 0
      }
    }
  ],
  "debug_data_path": "debug_data/page-468"
}