{
  "table_of_contents": [
    {
      "title": "\u0924\u093f\u093f \u093f\u0923\u092a\u093e\u0924\u0947\u0928 \u092a\u093f\u0930\u0947\u0928 \u0938\u0947\u0935\u092f\u093e\u0964\n\u0909\u092a\u0926\u0947\n\u092f\u093f\u0924 \u0924\u0947\n\u093e\u0928\u0902 \u093e\u093f\u0928\u0928\u0924\u0935\u0926\u093f\u0936\u0928:\u0965\u0969\u096a\u0965",
      "heading_level": null,
      "page_id": 0,
      "polygon": [
        [
          125.0595703125,
          159.71484375
        ],
        [
          446.1480712890625,
          159.71484375
        ],
        [
          446.1480712890625,
          207.087890625
        ],
        [
          125.0595703125,
          207.087890625
        ]
      ]
    },
    {
      "title": "\u092f\u093e\u0935\u093e \u0928 \u092a\u0941\u0928\u092e\u0939\u092e\u0947\u0935\u0902 \u092f\u093e\u092f\u093f\u0938 \u092a\u093e\u0921\u0935\u0964\n\u092f\u0947\u0928 \u092d\u0942\u0924\u093e\u092f\u0936\u0947\u0937\u0947\u0923 \u092f\u092f\u093e\u092e\u092f\u0925\u094b \u092e\u093f\u092f\u0965\u0969\u096b\u0965",
      "heading_level": null,
      "page_id": 0,
      "polygon": [
        [
          123.1171875,
          572.73046875
        ],
        [
          436.9537048339844,
          572.73046875
        ],
        [
          436.9537048339844,
          619.13671875
        ],
        [
          123.1171875,
          619.13671875
        ]
      ]
    }
  ],
  "page_stats": [
    {
      "page_id": 0,
      "text_extraction_method": "pdftext",
      "block_counts": [
        [
          "Span",
          120
        ],
        [
          "Line",
          31
        ],
        [
          "Text",
          7
        ],
        [
          "SectionHeader",
          2
        ]
      ],
      "block_metadata": {
        "llm_request_count": 0,
        "llm_error_count": 0,
        "llm_tokens_used": 0
      }
    }
  ],
  "debug_data_path": "debug_data/page-183"
}