{
  "table_of_contents": [
    {
      "title": "\u092c\u0939\n\u0942\n\u0928 \u091c\u092e\u0928\u093e\u092e\u0924\u0947\n\u093e\u0928\u0935\u093e\u092e \u092a\u0924\u0947\u0964\n\u0935\u093e\u0938\u0941\u0926\u0947\u0935: \u0938\u0935\u093f\u092e\u093f\u0924 \u0938 \u092e\u0939\u093e\u092e\u093e \u0938\u0941\u0926\u0932\n\u0941\n\u092d:\u0965\u0967\u096f\u0965",
      "heading_level": null,
      "page_id": 0,
      "polygon": [
        [
          127.1513671875,
          246.533203125
        ],
        [
          434.04022216796875,
          246.533203125
        ],
        [
          434.04022216796875,
          297.0375671386719
        ],
        [
          127.1513671875,
          297.0375671386719
        ]
      ]
    },
    {
      "title": "\u0915\u093e\u092e\u0948\u0924\u0948\u0924\u0948\u0939\n\u0943\n\u0924\u093e\u0928\u093e: \u092a\u0924\u0947\n\u093d\u092f\u0926\u0947\u0935\u0924\u093e:\u0964\n\u0924\u0902 \u0924\u0902 \u093f\u0928\u092f\u092e\u092e\u093e\u0925\u093e\u092f \u0915\u0943\n\u092f\u093e \u093f\u0928\u092f\u0924\u093e: \u0935\u092f\u093e\u0965\u0968\u0966\u0965",
      "heading_level": null,
      "page_id": 0,
      "polygon": [
        [
          125.806640625,
          599.4140625
        ],
        [
          463.98822021484375,
          599.4140625
        ],
        [
          463.98822021484375,
          647.4506530761719
        ],
        [
          125.806640625,
          647.4506530761719
        ]
      ]
    }
  ],
  "page_stats": [
    {
      "page_id": 0,
      "text_extraction_method": "pdftext",
      "block_counts": [
        [
          "Span",
          162
        ],
        [
          "Line",
          40
        ],
        [
          "Text",
          6
        ],
        [
          "SectionHeader",
          2
        ]
      ],
      "block_metadata": {
        "llm_request_count": 0,
        "llm_error_count": 0,
        "llm_tokens_used": 0
      }
    }
  ],
  "debug_data_path": "debug_data/page-264"
}