{
  "table_of_contents": [
    {
      "title": "\u092f\u0947 \u0924\u092a\u093f\u0938 \u0926\u093e\u0928\u0947 \u091a \u093f\u0925\u093f\u0924: \u0938\u093f\u0926\u093f\u0924 \u091a\u094b\u092f\u0924\u0947\u0964\n\u0915\u092e \u091a\u0948\u0935 \u0924\u0926\u0925\u092f\u0902 \u0938\u093f\u0926\u092f\u0947\u0935\u093e\u093f\u092d\u0927\u0940\u092f\u0924\u0947\u0965\u0968\u096d\u0965",
      "heading_level": null,
      "page_id": 0,
      "polygon": [
        [
          124.3125,
          322.13671875
        ],
        [
          437.6915588378906,
          322.13671875
        ],
        [
          437.6915588378906,
          368.2045593261719
        ],
        [
          124.3125,
          368.2045593261719
        ]
      ]
    },
    {
      "title": "\u0905\u092f\u093e \u0939\u0924\n\u0941 \u0902 \u0926\u0902 \u0924\u092a\u0924\u0924\u0902 \u0915\u0943 \u0924\u0902 \u091a \u092f\u0924\u094d\u0964",
      "heading_level": null,
      "page_id": 0,
      "polygon": [
        [
          127.74610900878906,
          681.78515625
        ],
        [
          418.6535339355469,
          681.78515625
        ],
        [
          418.6535339355469,
          705.76171875
        ],
        [
          127.74610900878906,
          705.76171875
        ]
      ]
    }
  ],
  "page_stats": [
    {
      "page_id": 0,
      "text_extraction_method": "pdftext",
      "block_counts": [
        [
          "Span",
          174
        ],
        [
          "Line",
          33
        ],
        [
          "Text",
          7
        ],
        [
          "SectionHeader",
          2
        ]
      ],
      "block_metadata": {
        "llm_request_count": 0,
        "llm_error_count": 0,
        "llm_tokens_used": 0
      }
    }
  ],
  "debug_data_path": "debug_data/page-508"
}