{
  "table_of_contents": [
    {
      "title": "KJti YOGA PHILOSOPHY OK PATASjAIJ",
      "heading_level": null,
      "page_id": 0,
      "polygon": [
        [
          58.099998474121094,
          70.33384277299047
        ],
        [
          427.0751953125,
          70.33384277299047
        ],
        [
          427.0751953125,
          87.09147216752172
        ],
        [
          58.099998474121094,
          87.09147216752172
        ]
      ]
    }
  ],
  "page_stats": [
    {
      "page_id": 0,
      "text_extraction_method": "pdftext",
      "block_counts": [
        [
          "Span",
          673
        ],
        [
          "Line",
          40
        ],
        [
          "Text",
          9
        ],
        [
          "SectionHeader",
          1
        ],
        [
          "PageHeader",
          1
        ]
      ],
      "block_metadata": {
        "llm_request_count": 0,
        "llm_error_count": 0,
        "llm_tokens_used": 0
      }
    }
  ],
  "debug_data_path": "debug_data/page-208"
}