{
  "table_of_contents": [
    {
      "title": "ON PitACTILt 205",
      "heading_level": null,
      "page_id": 0,
      "polygon": [
        [
          244.91455078125,
          68.40336181595922
        ],
        [
          536.7261962890625,
          68.40336181595922
        ],
        [
          536.7261962890625,
          82.43253662064672
        ],
        [
          244.91455078125,
          82.43253662064672
        ]
      ]
    }
  ],
  "page_stats": [
    {
      "page_id": 0,
      "text_extraction_method": "pdftext",
      "block_counts": [
        [
          "Span",
          823
        ],
        [
          "Line",
          45
        ],
        [
          "Text",
          5
        ],
        [
          "SectionHeader",
          1
        ],
        [
          "PageHeader",
          1
        ]
      ],
      "block_metadata": {
        "llm_request_count": 0,
        "llm_error_count": 0,
        "llm_tokens_used": 0
      }
    }
  ],
  "debug_data_path": "debug_data/page-227"
}