{
  "table_of_contents": [
    {
      "title": "\u092e: \u092a\u0930\u0924\u0930\u0902 \u0928\u093e\u092f\u093f\u0915\u093f\u091a\u0926\u093f\u0924 \u0927\u0928\u092f\u0964\n\u092e\u093f\u092f \u0938\u0935\u093f\u092e\u0926\u0902 \u094b\u0924\u0902 \u0938\u0942\u0947 \u092e\u093f\u0923\u0917\u0923\u093e \u0907\u0935\u0965\u096d\u0965",
      "heading_level": null,
      "page_id": 0,
      "polygon": [
        [
          126.8525390625,
          98.56494140625
        ],
        [
          411.1489562988281,
          98.56494140625
        ],
        [
          411.1489562988281,
          144.70452880859375
        ],
        [
          126.8525390625,
          144.70452880859375
        ]
      ]
    },
    {
      "title": "\u0930\u0938\u094b\u093d\u0939\u092e\u0938\u0941 \u0915\u094c\u0924\u0947\u092f \u092d\u093e\u093d\u093f\u092e \u0936\u093f\u0936\u0938\u0942\u092f\u092f\u094b:\u0964\n\u0923\u0935: \u0938\u0935\u0935\u0947\u0926\u0947\u0937\u0941 \u0936\u0926: \u0916\u0947 \u092a\u094c\u0937\u0902 \u0928\u0943\u0937\u0941\u0965\u096e\u0965",
      "heading_level": null,
      "page_id": 0,
      "polygon": [
        [
          126.03076171875,
          377.4375
        ],
        [
          423.4459533691406,
          377.4375
        ],
        [
          423.4459533691406,
          423.84375
        ],
        [
          126.03076171875,
          423.84375
        ]
      ]
    }
  ],
  "page_stats": [
    {
      "page_id": 0,
      "text_extraction_method": "pdftext",
      "block_counts": [
        [
          "Span",
          157
        ],
        [
          "Line",
          31
        ],
        [
          "Text",
          7
        ],
        [
          "SectionHeader",
          2
        ]
      ],
      "block_metadata": {
        "llm_request_count": 0,
        "llm_error_count": 0,
        "llm_tokens_used": 0
      }
    }
  ],
  "debug_data_path": "debug_data/page-258"
}