{
  "table_of_contents": [
    {
      "title": "YOGA PHILOSOPHY OF PATANJALI",
      "heading_level": null,
      "page_id": 0,
      "polygon": [
        [
          181.34760705289673,
          75.72751558325912
        ],
        [
          427.0751953125,
          75.72751558325912
        ],
        [
          427.0751953125,
          88.496337890625
        ],
        [
          181.34760705289673,
          88.496337890625
        ]
      ]
    },
    {
      "title": "\u092d\u093e\u0937\u094d\u092f\u092e\u094d- \u092a\u094d\u0930\u0927\u093e\u0928\u092a\u0941\u0930\u0941\u0937\u0935\u094d\u092f\u0924\u093f\u0930\u093f\u0915\u094d\u0924\u0903 \u0915\u094b\u093d\u092f\u092e\u094b\u0927\u094d\u092f\u0938\u094b \u0928\u093e\u092e\u093f\u0924\u093f ?-\n\u0915\u094b \u0936\u0915\u0930\u094d\u092e\u0935\u093f\u092a\u093e\u0915\u093e\u0936\u092f\u0930\u092a\u0930\u093e\u0930\u093e\u092e\u094d\u091f\u094d\u0930\u0903 \u092a\u0941\u0930\u0941\u0937\u0935\u093f\u0927\u094b\u0937 \u0926\u094d\u0930\u0902\u0936\u094d\u0924\u0930\u0903 \u0965 \u0968\u096a \u0965",
      "heading_level": null,
      "page_id": 0,
      "polygon": [
        [
          98.16750629722922,
          554.0854853072128
        ],
        [
          470.654296875,
          554.0854853072128
        ],
        [
          470.654296875,
          594.0869140625
        ],
        [
          98.16750629722922,
          595.3232413178985
        ]
      ]
    }
  ],
  "page_stats": [
    {
      "page_id": 0,
      "text_extraction_method": "surya",
      "block_counts": [
        [
          "Line",
          35
        ],
        [
          "Span",
          35
        ],
        [
          "Text",
          4
        ],
        [
          "SectionHeader",
          2
        ]
      ],
      "block_metadata": {
        "llm_request_count": 0,
        "llm_error_count": 0,
        "llm_tokens_used": 0
      }
    }
  ],
  "debug_data_path": "debug_data/page-086"
}