{
  "table_of_contents": [
    {
      "title": "\u00a334 YOGA PHILOSOPHY OF PATaFJJALI",
      "heading_level": null,
      "page_id": 0,
      "polygon": [
        [
          53.04899978637695,
          74.02830078080297
        ],
        [
          438.6962890625,
          74.02830078080297
        ],
        [
          438.6962890625,
          90.54581787064672
        ],
        [
          53.04899978637695,
          90.54581787064672
        ]
      ]
    }
  ],
  "page_stats": [
    {
      "page_id": 0,
      "text_extraction_method": "pdftext",
      "block_counts": [
        [
          "Span",
          786
        ],
        [
          "Line",
          39
        ],
        [
          "Text",
          5
        ],
        [
          "SectionHeader",
          1
        ]
      ],
      "block_metadata": {
        "llm_request_count": 0,
        "llm_error_count": 0,
        "llm_tokens_used": 0
      }
    }
  ],
  "debug_data_path": "debug_data/page-256"
}