{
  "table_of_contents": [
    {
      "title": "\u0928 \u093f\u0939\u0928\u092f\u093e\u092e\u0928\u093e\u092e\u093e\u0928\u0902 \u0924\u0924\u094b \u092f\u093e\u093f\u0924 \u092a\u0930 \u0917\u093f\u0924\u092e\u094d\u0965\u0968\u096e\u0965",
      "heading_level": null,
      "page_id": 0,
      "polygon": [
        [
          126.5537109375,
          68.642578125
        ],
        [
          470.5908203125,
          68.642578125
        ],
        [
          470.5908203125,
          93.70452880859375
        ],
        [
          126.5537109375,
          93.70452880859375
        ]
      ]
    }
  ],
  "page_stats": [
    {
      "page_id": 0,
      "text_extraction_method": "pdftext",
      "block_counts": [
        [
          "Span",
          122
        ],
        [
          "Line",
          33
        ],
        [
          "Text",
          5
        ],
        [
          "SectionHeader",
          1
        ]
      ],
      "block_metadata": {
        "llm_request_count": 0,
        "llm_error_count": 0,
        "llm_tokens_used": 0
      }
    }
  ],
  "debug_data_path": "debug_data/page-433"
}