{
  "table_of_contents": [
    {
      "title": "\u0938\u0935\u093f\u092f\u0917\u0941\u0923\u093e\u092d\u093e\u0938\u0902 \u0938\u0935\u093f\u092f\u093f\u0935\u0935\u093f\u091c\u0924\u092e\u094d\u0964\n\u0905\u0938\u0924\u0902 \u0938\u0935\u092d\u0943\n\u091a\u0948\u0935 \u093f\u0928\u0917\u0941\n\u0923\u0902 \u0917\u0941\u0923\u092d\u094b\u0924\u0943 \u091a\u0965\u0967\u096a\u0965",
      "heading_level": null,
      "page_id": 0,
      "polygon": [
        [
          127.1513671875,
          472.95703125
        ],
        [
          437.6915283203125,
          472.95703125
        ],
        [
          437.6915283203125,
          520.91015625
        ],
        [
          127.1513671875,
          520.91015625
        ]
      ]
    }
  ],
  "page_stats": [
    {
      "page_id": 0,
      "text_extraction_method": "pdftext",
      "block_counts": [
        [
          "Span",
          109
        ],
        [
          "Line",
          35
        ],
        [
          "Text",
          5
        ],
        [
          "SectionHeader",
          1
        ]
      ],
      "block_metadata": {
        "llm_request_count": 0,
        "llm_error_count": 0,
        "llm_tokens_used": 0
      }
    }
  ],
  "debug_data_path": "debug_data/page-415"
}