{
  "table_of_contents": [
    {
      "title": "SUPERNORMAL POWERS",
      "heading_level": null,
      "page_id": 0,
      "polygon": [
        [
          188.8413098236776,
          71.22885129118433
        ],
        [
          388.1738035264484,
          71.22885129118433
        ],
        [
          388.1738035264484,
          83.357177734375
        ],
        [
          188.8413098236776,
          83.357177734375
        ]
      ]
    }
  ],
  "page_stats": [
    {
      "page_id": 0,
      "text_extraction_method": "surya",
      "block_counts": [
        [
          "Line",
          37
        ],
        [
          "Span",
          37
        ],
        [
          "Text",
          10
        ],
        [
          "SectionHeader",
          1
        ],
        [
          "PageHeader",
          1
        ]
      ],
      "block_metadata": {
        "llm_request_count": 0,
        "llm_error_count": 0,
        "llm_tokens_used": 0
      }
    }
  ],
  "debug_data_path": "debug_data/page-333"
}