{
  "table_of_contents": [
    {
      "title": "\u0915\u0943 \u0924\u0947\u0917\u0941\n\u0923\u0938\u0902\u092e\u0942\u0922\u093e: \u0938\u091c\u0924\u0947 \u0917\u0941\u0923\u0915\u092e\u0938\u0941\u0964\n\u0924\u093e\u0928\u0915\u0943\n\u0928\u093f\u0935\u0926\u094b \u092e\u0926\u093e\u0928\u094d \u0915\u0943\n\u0928\u093f\u0935 \u093f\u0935\u091a\u093e\u0932\u092f\u0947\u0924\u094d\u0965\u0968\u096f\u0965",
      "heading_level": null,
      "page_id": 0,
      "polygon": [
        [
          127.001953125,
          248.2734375
        ],
        [
          474.923095703125,
          248.2734375
        ],
        [
          474.923095703125,
          297.38671875
        ],
        [
          127.001953125,
          297.38671875
        ]
      ]
    },
    {
      "title": "\u092e\u093f\u092f \u0938\u0935\u093f\u0923 \u0915\u092e\u093f\u0923 \u0938\u0902\u092f\u092f\u093e\u092f\u093e\u092e\u091a\u0947\u0924\u0938\u093e\u0964\n\u093f\u0928\u0930\u093e\u0936\u0940\u093f\u0928\u092e\u092e\u094b \u092d\u0942\n\u0935\u093e \u092f\u0941\n\u092f\u0935 \u093f\u0935\u0917\u0924\u0935\u0930:\u0965\u0969\u0966\u0965",
      "heading_level": null,
      "page_id": 0,
      "polygon": [
        [
          124.4619140625,
          599.80078125
        ],
        [
          439.1104431152344,
          599.80078125
        ],
        [
          439.1104431152344,
          647.75390625
        ],
        [
          124.4619140625,
          647.75390625
        ]
      ]
    }
  ],
  "page_stats": [
    {
      "page_id": 0,
      "text_extraction_method": "pdftext",
      "block_counts": [
        [
          "Span",
          147
        ],
        [
          "Line",
          36
        ],
        [
          "Text",
          6
        ],
        [
          "SectionHeader",
          2
        ]
      ],
      "block_metadata": {
        "llm_request_count": 0,
        "llm_error_count": 0,
        "llm_tokens_used": 0
      }
    }
  ],
  "debug_data_path": "debug_data/page-135"
}