{
  "table_of_contents": [
    {
      "title": "ON PRACTICE m",
      "heading_level": null,
      "page_id": 0,
      "polygon": [
        [
          247.23876953125,
          71.78074218705297
        ],
        [
          530.9326782226562,
          71.78074218705297
        ],
        [
          530.9326782226562,
          93.41666748002172
        ],
        [
          247.23876953125,
          93.41666748002172
        ]
      ]
    }
  ],
  "page_stats": [
    {
      "page_id": 0,
      "text_extraction_method": "pdftext",
      "block_counts": [
        [
          "Span",
          750
        ],
        [
          "Line",
          41
        ],
        [
          "Text",
          5
        ],
        [
          "SectionHeader",
          1
        ],
        [
          "PageHeader",
          1
        ]
      ],
      "block_metadata": {
        "llm_request_count": 0,
        "llm_error_count": 0,
        "llm_tokens_used": 0
      }
    }
  ],
  "debug_data_path": "debug_data/page-237"
}