{
  "table_of_contents": [
    {
      "title": "Objection: How then?",
      "heading_level": null,
      "page_id": 0,
      "polygon": [
        [
          99.3603515625,
          346.306640625
        ],
        [
          245.61550903320312,
          346.306640625
        ],
        [
          245.61550903320312,
          363.5860290527344
        ],
        [
          99.3603515625,
          363.5860290527344
        ]
      ]
    }
  ],
  "page_stats": [
    {
      "page_id": 0,
      "text_extraction_method": "pdftext",
      "block_counts": [
        [
          "Span",
          81
        ],
        [
          "Line",
          32
        ],
        [
          "Text",
          5
        ],
        [
          "SectionHeader",
          1
        ]
      ],
      "block_metadata": {
        "llm_request_count": 0,
        "llm_error_count": 0,
        "llm_tokens_used": 0
      }
    }
  ],
  "debug_data_path": "debug_data/page-580"
}