{
  "table_of_contents": [
    {
      "title": "\u093e\u0923\u093f\u092f\u093f\u0935\u0936 \u0936\u0942\u093e\u0923 \u091a \u092a\u0930\u0924\u092a\u0964\n\u0915\u092e\u093f\u0923 \u093f\u0935\u092d\u0924\u093e\u093f\u0928 \u0935\u092d\u093e\u0935\u092d\u0935\u0948\u0917\u0941\n\u0923\u0948\n:\u0965\u096a\u0967\u0965",
      "heading_level": null,
      "page_id": 0,
      "polygon": [
        [
          126.77783203125,
          242.666015625
        ],
        [
          419.24603271484375,
          242.666015625
        ],
        [
          419.24603271484375,
          289.072265625
        ],
        [
          126.77783203125,
          289.072265625
        ]
      ]
    }
  ],
  "page_stats": [
    {
      "page_id": 0,
      "text_extraction_method": "pdftext",
      "block_counts": [
        [
          "Span",
          141
        ],
        [
          "Line",
          35
        ],
        [
          "Text",
          4
        ],
        [
          "SectionHeader",
          1
        ]
      ],
      "block_metadata": {
        "llm_request_count": 0,
        "llm_error_count": 0,
        "llm_tokens_used": 0
      }
    }
  ],
  "debug_data_path": "debug_data/page-543"
}