{
  "table_of_contents": [
    {
      "title": "\u0907\u093f\u092f\u093e\u0923 \u093f\u0939 \u091a\u0930\u0924 \u092f\u092e\u0928\u094b\u093d\u0928\u0941\u093f\u0935\u0927\u0940\u092f\u0924\u0947\u0964\n\u0924\u0926\u092f \u0939\u0930\u093f\u0924  \u0935\u093e\u092f\u0941\u0928\u0935\u093f\u092e\u0935\u093e\u092d\u093f\u0938\u0965\u096c\u096d\u0965",
      "heading_level": null,
      "page_id": 0,
      "polygon": [
        [
          126.404296875,
          257.94140625
        ],
        [
          420.6838073730469,
          257.94140625
        ],
        [
          420.6838073730469,
          303.7045593261719
        ],
        [
          126.404296875,
          303.7045593261719
        ]
      ]
    },
    {
      "title": "\u0924\u092e\u093e\u092f \u092e\u0939\u093e\u092c\u093e\u0939\u094b \u093f\u0928\u0917\u0943\u0939\u0940\u0924\u093e\u093f\u0928 \u0938\u0935\u0936:\u0964\n\u0907\u093f\u092f\u093e\u0923\u0940\u093f\u092f\u093e\u0925\u092f\u0924\u092f \u093e \u093f\u0924\u093f\u0924\u093e\u0965\u096c\u096e\u0965",
      "heading_level": null,
      "page_id": 0,
      "polygon": [
        [
          127.001953125,
          626.484375
        ],
        [
          451.23046875,
          626.484375
        ],
        [
          451.23046875,
          673.6640625
        ],
        [
          127.001953125,
          673.6640625
        ]
      ]
    }
  ],
  "page_stats": [
    {
      "page_id": 0,
      "text_extraction_method": "pdftext",
      "block_counts": [
        [
          "Span",
          138
        ],
        [
          "Line",
          31
        ],
        [
          "Text",
          7
        ],
        [
          "SectionHeader",
          2
        ]
      ],
      "block_metadata": {
        "llm_request_count": 0,
        "llm_error_count": 0,
        "llm_tokens_used": 0
      }
    }
  ],
  "debug_data_path": "debug_data/page-092"
}