{
  "table_of_contents": [
    {
      "title": "\u0924\u093e\u092a\u092f\u0924\u094d \u093f\u0925\u0924\u093e\u0928\u094d \u092a\u093e\u0925 \u093f\u092a\u0924\u0943\u0928\u0925 \u093f\u092a\u0924\u093e\u092e\u0939\u093e\u0928\u094d\u0964\n\u0906\u091a\u093e\u092f\u0928\u094d \u092e\u093e\u0924\u0941\u0932\u093e\u0928\u094d \u093e\u0924\u0943\u0928\u094d \u092a\u0941\u093e\u0928\u094d \u092a\u094c\u093e\u0928\u094d \u0938\u0916\u0974\u0924\u0925\u093e\u0964\n\u0936\u0941\u0930\u093e\u0928\u094d \u0938\u0941\u0939\n\u0943\n\u0926\u0948\u0935 \u0938\u0947\u0928\u092f\u094b\u092d\u092f\u094b\u0930\u093f\u092a\u0965\u0968\u096c\u0965",
      "heading_level": null,
      "page_id": 0,
      "polygon": [
        [
          125.806640625,
          169.576171875
        ],
        [
          486.53900146484375,
          169.576171875
        ],
        [
          486.53900146484375,
          240.77484130859375
        ],
        [
          125.806640625,
          240.77484130859375
        ]
      ]
    },
    {
      "title": "\u0924\u093e\u0928\u094d \u0938\u092e\u0940\u092f \u0938 \u0915\u094c\u0924\u0947\u092f: \u0938\u0935\u092c\u0927\u0942\u0928\u0935\u093f\u0925\u0924\u093e\u0928\u094d\u0964\n\u0915\u0943 \u092a\u092f\u093e \u092a\u0930\u092f\u093e\u093f\u0935\u094b \u093f\u0935\u0937\u0940\u0926\u093f\u0926\u092e\u0935\u0940\u0924\u094d\u0965\u0968\u096d\u0965",
      "heading_level": null,
      "page_id": 0,
      "polygon": [
        [
          125.208984375,
          330.064453125
        ],
        [
          453.28033447265625,
          330.064453125
        ],
        [
          453.28033447265625,
          377.4506530761719
        ],
        [
          125.208984375,
          377.4506530761719
        ]
      ]
    },
    {
      "title": "\u0926\n\u0943 \u0935\u0947\u092e\u0902 \u0935\u091c\u0928\u0902 \u0915\u0943\n\u0923 \u092f\u0941\u092f\u0941\n\u0938\u0941\u0902 \u0938\u092e\u0941\u092a\u093f\u0925\u0924\u092e\u094d\u0964\n\u0938\u0940\u0926\u093f\u0924 \u092e\u092e \u0917\u093e\u093e\u093f\u0923 \u092e\u0941\u0916\u0902 \u091a \u092a\u093f\u0930\u0936\u0941\n\u092f\u093f\u0924\u0965\u0968\u096e\u0965",
      "heading_level": null,
      "page_id": 0,
      "polygon": [
        [
          127.599609375,
          484.55859375
        ],
        [
          447.88861083984375,
          484.55859375
        ],
        [
          447.88861083984375,
          531.7045593261719
        ],
        [
          127.599609375,
          531.7045593261719
        ]
      ]
    },
    {
      "title": "\u0935\u0947\u092a\u0925\u0941 \u0936\u0930\u0940\u0930\u0947 \u092e\u0947 \u0930\u094b\u092e\u0939\u0937 \u091c\u093e\u092f\u0924\u0947\u0964\n\u0917\u093e\u0921\u0940\u0935\u0902 \u0938\u0902 \u0924\u0947 \u0939\u0924\u093e\u0935\u0915\u094d \u091a\u0948\u0935 \u092a\u093f\u0930\u0926\u0924\u0947\u0965\u0968\u096f\u0965",
      "heading_level": null,
      "page_id": 0,
      "polygon": [
        [
          122.51953125,
          604.0546875
        ],
        [
          456.3262023925781,
          604.0546875
        ],
        [
          456.3262023925781,
          652.0078125
        ],
        [
          122.51953125,
          652.0078125
        ]
      ]
    }
  ],
  "page_stats": [
    {
      "page_id": 0,
      "text_extraction_method": "pdftext",
      "block_counts": [
        [
          "Span",
          150
        ],
        [
          "Line",
          35
        ],
        [
          "Text",
          7
        ],
        [
          "SectionHeader",
          4
        ]
      ],
      "block_metadata": {
        "llm_request_count": 0,
        "llm_error_count": 0,
        "llm_tokens_used": 0
      }
    }
  ],
  "debug_data_path": "debug_data/page-027"
}