{
  "table_of_contents": [
    {
      "title": "\u0915\u093e\u092e\u092e\u093e\u093f\u092f \u0926\n\u0941\n\u092a\u0942\u0930\u0902 \u0926\u092d\u092e\u093e\u0928\u092e\u0926\u093e\u093f\u0935\u0924\u093e:\u0964\n\u092e\u094b\u0939\u093e\u0917\u0943\u0939\u0940\u0935\u093e\u093d\u0938\u093e\u0939\u093e\u0935\u0924\u0924\u0947\n\u093d\u0936\u0941\u093f\u091a\u0935\u0924\u093e:\u0965\u0967\u0966\u0965",
      "heading_level": null,
      "page_id": 0,
      "polygon": [
        [
          126.5537109375,
          249.43359375
        ],
        [
          440.6995849609375,
          249.43359375
        ],
        [
          440.6995849609375,
          297.0
        ],
        [
          126.5537109375,
          297.0
        ]
      ]
    },
    {
      "title": "\u093f\u091a\u0924\u093e\u092e\u092a\u093f\u0930\u092e\u0947\u092f \u091a \u0932\u092f\u093e\u0924\u093e\u092e\u0941\u092a\u093e\u093f\u0924\u093e:\u0964\n\u0915\u093e\u092e\u094b\u092a\u092d\u094b\u0917\u092a\u0930\u092e\u093e \u090f\u0924\u093e\u0935\u093f\u0926\u093f\u0924 \u093f\u0928\u093f\u0924\u093e:\u0965\u0967\u0967\u0965",
      "heading_level": null,
      "page_id": 0,
      "polygon": [
        [
          126.10546875,
          511.2421875
        ],
        [
          414.156982421875,
          511.2421875
        ],
        [
          414.156982421875,
          557.2050476074219
        ],
        [
          126.10546875,
          557.2050476074219
        ]
      ]
    }
  ],
  "page_stats": [
    {
      "page_id": 0,
      "text_extraction_method": "pdftext",
      "block_counts": [
        [
          "Span",
          132
        ],
        [
          "Line",
          34
        ],
        [
          "Text",
          7
        ],
        [
          "SectionHeader",
          2
        ]
      ],
      "block_metadata": {
        "llm_request_count": 0,
        "llm_error_count": 0,
        "llm_tokens_used": 0
      }
    }
  ],
  "debug_data_path": "debug_data/page-486"
}