{
  "table_of_contents": [
    {
      "title": "\u092f\u092e\u093e\u094b\u093f\u091c\u0924\u0947 \u0932\u094b\u0915\u094b \u0932\u094b\u0915\u093e\u094b\u093f\u091c\u0924\u0947 \u091a \u092f:\u0964\n\u0939\u0937\u092e\u0937\u092d\u092f\u094b\u0947\u0917\u0948\u092e\u0941\n\u0924\u094b \u092f: \u0938 \u091a \u092e\u0947 \u093f\u092f:\u0965\u0967\u096b\u0965",
      "heading_level": null,
      "page_id": 0,
      "polygon": [
        [
          124.3125,
          277.083984375
        ],
        [
          435.392578125,
          277.083984375
        ],
        [
          435.392578125,
          325.037109375
        ],
        [
          124.3125,
          325.037109375
        ]
      ]
    },
    {
      "title": "\u0905\u0928\u092a\u0947\n: \u0936\u0941\u093f\u091a\u0926 \u0909\u0926\u093e\u0938\u0940\u0928\u094b \u0917\u0924\u092f\u0925:\u0964\n\u0938\u0935\u0930\u092d\u092a\u093f\u0930\u092f\u093e\u0917\u0940 \u092f\u094b \u092e\u0924: \u0938 \u092e\u0947 \u093f\u092f:\u0965\u0967\u096c\u0965",
      "heading_level": null,
      "page_id": 0,
      "polygon": [
        [
          125.6572265625,
          567.31640625
        ],
        [
          455.1911315917969,
          567.31640625
        ],
        [
          455.1911315917969,
          614.49609375
        ],
        [
          125.6572265625,
          614.49609375
        ]
      ]
    }
  ],
  "page_stats": [
    {
      "page_id": 0,
      "text_extraction_method": "pdftext",
      "block_counts": [
        [
          "Span",
          147
        ],
        [
          "Line",
          32
        ],
        [
          "Text",
          4
        ],
        [
          "SectionHeader",
          2
        ]
      ],
      "block_metadata": {
        "llm_request_count": 0,
        "llm_error_count": 0,
        "llm_tokens_used": 0
      }
    }
  ],
  "debug_data_path": "debug_data/page-382"
}