{
  "table_of_contents": [
    {
      "title": "mifeftifaftviMirfrrartfKi n vjhl m",
      "heading_level": null,
      "page_id": 0,
      "polygon": [
        [
          100.08999633789062,
          86.23453857377172
        ],
        [
          324.837890625,
          86.23453857377172
        ],
        [
          324.837890625,
          107.92236328125
        ],
        [
          100.08999633789062,
          107.92236328125
        ]
      ]
    },
    {
      "title": "From Devotion To God, Samadhi I& Attained. 45.",
      "heading_level": null,
      "page_id": 0,
      "polygon": [
        [
          100.377197265625,
          191.44028808549047
        ],
        [
          496.8017578125,
          191.44028808549047
        ],
        [
          496.8017578125,
          209.06103515625
        ],
        [
          100.377197265625,
          209.06103515625
        ]
      ]
    }
  ],
  "page_stats": [
    {
      "page_id": 0,
      "text_extraction_method": "pdftext",
      "block_counts": [
        [
          "Span",
          597
        ],
        [
          "Line",
          34
        ],
        [
          "Text",
          5
        ],
        [
          "PageHeader",
          2
        ],
        [
          "SectionHeader",
          2
        ]
      ],
      "block_metadata": {
        "llm_request_count": 0,
        "llm_error_count": 0,
        "llm_tokens_used": 0
      }
    }
  ],
  "debug_data_path": "debug_data/page-274"
}