{
  "table_of_contents": [
    {
      "title": "\u0941\u0902 \u0935\u0926\u092f\u0947\u0928 \u0915\u0941 \u0935\u0940\u0930\u0965\u096a\u096e\u0965",
      "heading_level": null,
      "page_id": 0,
      "polygon": [
        [
          126.5537109375,
          68.5458984375
        ],
        [
          336.856201171875,
          68.5458984375
        ],
        [
          336.856201171875,
          94.6494140625
        ],
        [
          126.5537109375,
          94.6494140625
        ]
      ]
    },
    {
      "title": "\u092e\u093e \u0924\u0947 \u092f\u0925\u093e \u092e\u093e \u091a \u093f\u0935\u092e\u0942\u0922\u092d\u093e\u0935\u094b\n\u0926\n\u0943 \u0935\u093e \u092a\u0902 \u0918\u094b\u0930\u092e\u0940\u0926\u0943\n\u092e\u092e\u0947\u0926\u092e\u094d\u0964\n\u092f\u092a\u0947\u0924\u092d\u0940: \u0940\u0924\u092e\u0928\u093e: \u092a\u0941\u0928\u0935\u0902\n\u0924\u0926\u0947\u0935 \u092e\u0947 \u092a\u093f\u092e\u0926\u0902 \u092a\u092f\u0965\u096a\u096f\u0965",
      "heading_level": null,
      "page_id": 0,
      "polygon": [
        [
          127.1513671875,
          444.33984375
        ],
        [
          335.9480895996094,
          444.33984375
        ],
        [
          335.9480895996094,
          536.2045593261719
        ],
        [
          127.1513671875,
          536.2045593261719
        ]
      ]
    }
  ],
  "page_stats": [
    {
      "page_id": 0,
      "text_extraction_method": "pdftext",
      "block_counts": [
        [
          "Span",
          172
        ],
        [
          "Line",
          34
        ],
        [
          "Text",
          4
        ],
        [
          "SectionHeader",
          2
        ]
      ],
      "block_metadata": {
        "llm_request_count": 0,
        "llm_error_count": 0,
        "llm_tokens_used": 0
      }
    }
  ],
  "debug_data_path": "debug_data/page-366"
}