{
  "table_of_contents": [
    {
      "title": "\u0905\u0938\u093f\u0926\u092f\u0941\n\u092f\u0924\u0947 \u092a\u093e\u0925 \u0928 \u091a \u0924\u0947\u092f \u0928\u094b \u0907\u0939\u0965\u0968\u096e\u0965",
      "heading_level": null,
      "page_id": 0,
      "polygon": [
        [
          127.74610900878906,
          68.44921875
        ],
        [
          454.0749206542969,
          68.44921875
        ],
        [
          454.0749206542969,
          93.8759765625
        ],
        [
          127.74610900878906,
          93.8759765625
        ]
      ]
    },
    {
      "title": "FOOTNOTES AND REFERENCES",
      "heading_level": null,
      "page_id": 0,
      "polygon": [
        [
          188.07421875,
          387.4921875
        ],
        [
          427.0092468261719,
          387.4921875
        ],
        [
          427.0092468261719,
          405.28125
        ],
        [
          188.07421875,
          405.28125
        ]
      ]
    }
  ],
  "page_stats": [
    {
      "page_id": 0,
      "text_extraction_method": "pdftext",
      "block_counts": [
        [
          "Span",
          133
        ],
        [
          "Line",
          29
        ],
        [
          "ListItem",
          7
        ],
        [
          "Text",
          4
        ],
        [
          "SectionHeader",
          2
        ],
        [
          "ListGroup",
          1
        ]
      ],
      "block_metadata": {
        "llm_request_count": 0,
        "llm_error_count": 0,
        "llm_tokens_used": 0
      }
    }
  ],
  "debug_data_path": "debug_data/page-509"
}