{
  "table_of_contents": [
    {
      "title": "SUPERNORMAL POWERS 30J",
      "heading_level": null,
      "page_id": 0,
      "polygon": [
        [
          217.60498046875,
          72.41086914017797
        ],
        [
          530.9356689453125,
          72.41086914017797
        ],
        [
          530.9356689453125,
          86.851806640625
        ],
        [
          217.60498046875,
          86.851806640625
        ]
      ]
    }
  ],
  "page_stats": [
    {
      "page_id": 0,
      "text_extraction_method": "pdftext",
      "block_counts": [
        [
          "Span",
          813
        ],
        [
          "Line",
          41
        ],
        [
          "Text",
          5
        ],
        [
          "SectionHeader",
          1
        ]
      ],
      "block_metadata": {
        "llm_request_count": 0,
        "llm_error_count": 0,
        "llm_tokens_used": 0
      }
    }
  ],
  "debug_data_path": "debug_data/page-323"
}