{
  "table_of_contents": [
    {
      "title": "\u0905\u0936\u094b\u092f\u093e\u0928\u0935\u0936\u094b\u091a\u0935\u0902 \u093e\u0935\u093e\u0926 \u092d\u093e\u0937\u0938\u0947\u0964\n\u0917\u0924\u093e\u0938\u0942\u0928\u0917\u0924\u093e\u0938\u0942\u0902 \u0928\u093e\u0928\u0941\u0936\u094b\u091a\u093f\u0924 \u092a\u093f\u0921\u0924\u093e:\u0965\u0967\u0967\u0965",
      "heading_level": null,
      "page_id": 0,
      "polygon": [
        [
          126.5537109375,
          69.85107421875
        ],
        [
          427.7783203125,
          69.85107421875
        ],
        [
          427.7783203125,
          116.20452880859375
        ],
        [
          126.5537109375,
          116.20452880859375
        ]
      ]
    },
    {
      "title": "\u0928 \u0935\u0947\u0935\u093e\u0939\u0902 \u091c\u093e\u0924\u0941 \u0928\u093e\u0938\u0902 \u0928 \u0935\u0902 \u0928\u092e\u0947 \u0947 \u091c\u0928\u093e\u093f\u0927\u092a\u093e:\u0964\n\u0928 \u091a\u0948\u0935 \u0928 \u092d\u093f\u0935\u092f\u093e\u092e: \u0938\u0935 \u0935\u092f\u092e\u0924: \u092a\u0930\u092e\u094d\u0965\u0967\u0968\u0965",
      "heading_level": null,
      "page_id": 0,
      "polygon": [
        [
          126.2548828125,
          510.08203125
        ],
        [
          440.81304931640625,
          510.08203125
        ],
        [
          440.81304931640625,
          557.26171875
        ],
        [
          126.2548828125,
          557.26171875
        ]
      ]
    }
  ],
  "page_stats": [
    {
      "page_id": 0,
      "text_extraction_method": "pdftext",
      "block_counts": [
        [
          "Span",
          161
        ],
        [
          "Line",
          32
        ],
        [
          "Text",
          5
        ],
        [
          "SectionHeader",
          2
        ]
      ],
      "block_metadata": {
        "llm_request_count": 0,
        "llm_error_count": 0,
        "llm_tokens_used": 0
      }
    }
  ],
  "debug_data_path": "debug_data/page-050"
}