{
  "table_of_contents": [
    {
      "title": "\u092c\u093e\u092a\u0936\u0935\u0938\u0924\u093e\u092e\u093e \u093f\u0935\u0926\u092f\u093e\u092e\u093f\u0928 \u092f\u0938\u0941\u0916\u092e\u094d\u0964\n\u0938 \u092f\u094b\u0917\u092f\u0941\u0924\u093e\u092e\u093e \u0938\u0941\u0916\u092e\u092f\u092e\u0941\u0924\u0947\u0965\u0968\u0967\u0965",
      "heading_level": null,
      "page_id": 0,
      "polygon": [
        [
          127.74610900878906,
          455.94140625
        ],
        [
          433.9267272949219,
          455.94140625
        ],
        [
          433.9267272949219,
          502.34765625
        ],
        [
          127.74610900878906,
          502.34765625
        ]
      ]
    }
  ],
  "page_stats": [
    {
      "page_id": 0,
      "text_extraction_method": "pdftext",
      "block_counts": [
        [
          "Span",
          134
        ],
        [
          "Line",
          33
        ],
        [
          "Text",
          5
        ],
        [
          "SectionHeader",
          1
        ]
      ],
      "block_metadata": {
        "llm_request_count": 0,
        "llm_error_count": 0,
        "llm_tokens_used": 0
      }
    }
  ],
  "debug_data_path": "debug_data/page-213"
}