{
  "table_of_contents": [
    {
      "title": "ON PRACTICE IW",
      "heading_level": null,
      "page_id": 0,
      "polygon": [
        [
          250.4345703125,
          76.70542480424047
        ],
        [
          540.0552978515625,
          76.70542480424047
        ],
        [
          540.0552978515625,
          90.65433837845922
        ],
        [
          250.4345703125,
          90.65433837845922
        ]
      ]
    }
  ],
  "page_stats": [
    {
      "page_id": 0,
      "text_extraction_method": "pdftext",
      "block_counts": [
        [
          "Span",
          774
        ],
        [
          "Line",
          41
        ],
        [
          "Text",
          5
        ],
        [
          "SectionHeader",
          1
        ],
        [
          "PageHeader",
          1
        ]
      ],
      "block_metadata": {
        "llm_request_count": 0,
        "llm_error_count": 0,
        "llm_tokens_used": 0
      }
    }
  ],
  "debug_data_path": "debug_data/page-221"
}