{
  "table_of_contents": [
    {
      "title": "\u0905\u091c\u094b\u093d\u093f\u092a \u0938\u092f\u092f\u093e\u092e\u093e \u092d\u0942\u0924\u093e\u0928\u093e\u092e\u0940\u0930\u094b\u093d\u093f\u092a \u0938\u0928\u094d\u0964\n\u0915\u0943\n\u093f\u0924\u0902 \u0935\u093e\u092e\u093f\u0927\u093e\u092f \u0938\u092d\u0935\u093e\u092f\u093e\u092e\u092e\u093e\u092f\u092f\u093e\u0965\u096c\u0965",
      "heading_level": null,
      "page_id": 0,
      "polygon": [
        [
          124.91015625,
          293.712890625
        ],
        [
          429.745849609375,
          293.712890625
        ],
        [
          429.745849609375,
          339.9506530761719
        ],
        [
          124.91015625,
          339.9506530761719
        ]
      ]
    },
    {
      "title": "\u092f\u0926\u093e \u092f\u0926\u093e \u093f\u0939 \u0927\u092e\u092f \u0932\u093e\u093f\u0928\u092d\u0935\u093f\u0924 \u092d\u093e\u0930\u0924\u0964\n\u0905\u092f\u0941\n\u0925\u093e\u0928\u092e\u0927\u092e\u092f \u0924\u0926\u093e\u092e\u093e\u0928\u0902 \u0938\u0943\u091c\u093e\u092f\u0939\u092e\u094d\u0965\u096d\u0965",
      "heading_level": null,
      "page_id": 0,
      "polygon": [
        [
          125.88134765625,
          643.11328125
        ],
        [
          424.99609375,
          643.11328125
        ],
        [
          424.99609375,
          691.83984375
        ],
        [
          125.88134765625,
          691.83984375
        ]
      ]
    }
  ],
  "page_stats": [
    {
      "page_id": 0,
      "text_extraction_method": "pdftext",
      "block_counts": [
        [
          "Span",
          143
        ],
        [
          "Line",
          32
        ],
        [
          "Text",
          6
        ],
        [
          "SectionHeader",
          2
        ]
      ],
      "block_metadata": {
        "llm_request_count": 0,
        "llm_error_count": 0,
        "llm_tokens_used": 0
      }
    }
  ],
  "debug_data_path": "debug_data/page-154"
}