{
  "table_of_contents": [
    {
      "title": "\u092f\u092e\u093e\u0930\u092e\u0924\u0940\u0924\u094b\u093d\u0939\u092e\u0930\u093e\u0926\u093f\u092a \u091a\u094b\u092e:\u0964\n\u0905\u0924\u094b\u093d\u093f\u092e \u0932\u094b\u0915\u0947 \u0935\u0947\u0926\u0947 \u091a \u093f\u0925\u0924: \u092a\u0941\u0937\u094b\u092e:\u0965\u0967\u096e\u0965",
      "heading_level": null,
      "page_id": 0,
      "polygon": [
        [
          127.74610900878906,
          249.240234375
        ],
        [
          461.3963623046875,
          249.240234375
        ],
        [
          461.3963623046875,
          296.806640625
        ],
        [
          127.74610900878906,
          296.806640625
        ]
      ]
    },
    {
      "title": "\u092f\u094b \u092e\u093e\u092e\u0947\u0935\u092e\u0938\u092e\u0942\u0922\u094b \u091c\u093e\u0928\u093e\u093f\u0924 \u092a\u0941\u0937\u094b\u092e\u092e\u094d\u0964\n\u0938 \u0938\u0935\u093f\u0935\u091c\u093f\u0924 \u092e \u0938\u0935\u092d\u093e\u0935\u0947\u0928 \u092d\u093e\u0930\u0924\u0965\u0967\u096f\u0965",
      "heading_level": null,
      "page_id": 0,
      "polygon": [
        [
          126.8525390625,
          600.1875
        ],
        [
          416.9001159667969,
          600.1875
        ],
        [
          416.9001159667969,
          647.2045593261719
        ],
        [
          126.8525390625,
          647.2045593261719
        ]
      ]
    }
  ],
  "page_stats": [
    {
      "page_id": 0,
      "text_extraction_method": "pdftext",
      "block_counts": [
        [
          "Span",
          129
        ],
        [
          "Line",
          31
        ],
        [
          "Text",
          6
        ],
        [
          "SectionHeader",
          2
        ]
      ],
      "block_metadata": {
        "llm_request_count": 0,
        "llm_error_count": 0,
        "llm_tokens_used": 0
      }
    }
  ],
  "debug_data_path": "debug_data/page-476"
}