{
  "table_of_contents": [
    {
      "title": "\u093e\u0928\u0902 \u0915\u092e \u091a \u0915\u0924 \u091a \u093f\u0927\u0948\u0935 \u0917\u0941\u0923\u092d\u0947\u0926\u0924:\u0964\n\u094b\u092f\u0924\u0947 \u0917\u0941\u0923\u0938\u0902\u092f\u093e\u0928\u0947 \u092f\u0925\u093e\u0935\u091b\n\u0943\n\u0923\u0941 \u0924\u093e\u092f\u093f\u092a\u0965\u0967\u096f\u0965",
      "heading_level": null,
      "page_id": 0,
      "polygon": [
        [
          124.7607421875,
          526.32421875
        ],
        [
          438.6185302734375,
          526.32421875
        ],
        [
          438.6185302734375,
          574.27734375
        ],
        [
          124.7607421875,
          574.27734375
        ]
      ]
    }
  ],
  "page_stats": [
    {
      "page_id": 0,
      "text_extraction_method": "pdftext",
      "block_counts": [
        [
          "Span",
          152
        ],
        [
          "Line",
          35
        ],
        [
          "Text",
          5
        ],
        [
          "SectionHeader",
          1
        ]
      ],
      "block_metadata": {
        "llm_request_count": 0,
        "llm_error_count": 0,
        "llm_tokens_used": 0
      }
    }
  ],
  "debug_data_path": "debug_data/page-531"
}