{
  "table_of_contents": [
    {
      "title": "Shri Hari said:",
      "heading_level": null,
      "page_id": 0,
      "polygon": [
        [
          76.99219512939453,
          377.630859375
        ],
        [
          200.6630859375,
          377.630859375
        ],
        [
          200.6630859375,
          398.9129638671875
        ],
        [
          76.99219512939453,
          398.9129638671875
        ]
      ]
    },
    {
      "title": "\u0905\u0928\u093e\u093f\u0924: \u0915\u092e\u092b\u0932\u0902 \u0915\u093e\u092f\u0902 \u0915\u092e \u0915\u0930\u094b\u093f\u0924 \u092f:\u0964\n\u0938 \u0938\u0902\u092f\u093e\u0938\u0940 \u091a \u092f\u094b\u0917\u0940 \u091a \u0928 \u093f\u0928\u0930\u093f\u0928\u0928 \u091a\u093e\u093f\u092f:\u0965\u0967\u0965",
      "heading_level": null,
      "page_id": 0,
      "polygon": [
        [
          126.8525390625,
          409.921875
        ],
        [
          471.2718200683594,
          409.921875
        ],
        [
          471.2718200683594,
          456.7048034667969
        ],
        [
          126.8525390625,
          456.7048034667969
        ]
      ]
    }
  ],
  "page_stats": [
    {
      "page_id": 0,
      "text_extraction_method": "pdftext",
      "block_counts": [
        [
          "Span",
          117
        ],
        [
          "Line",
          31
        ],
        [
          "Text",
          5
        ],
        [
          "SectionHeader",
          2
        ]
      ],
      "block_metadata": {
        "llm_request_count": 0,
        "llm_error_count": 0,
        "llm_tokens_used": 0
      }
    }
  ],
  "debug_data_path": "debug_data/page-224"
}