{
  "table_of_contents": [
    {
      "title": "6 YOGA PHTLOSOPFfV OF PATaSJALI",
      "heading_level": null,
      "page_id": 0,
      "polygon": [
        [
          62.900001525878906,
          67.03422119095922
        ],
        [
          421.55517578125,
          67.03422119095922
        ],
        [
          421.55517578125,
          84.2822265625
        ],
        [
          62.900001525878906,
          84.2822265625
        ]
      ]
    }
  ],
  "page_stats": [
    {
      "page_id": 0,
      "text_extraction_method": "pdftext",
      "block_counts": [
        [
          "Span",
          788
        ],
        [
          "Line",
          40
        ],
        [
          "Text",
          2
        ],
        [
          "SectionHeader",
          1
        ],
        [
          "PageHeader",
          1
        ]
      ],
      "block_metadata": {
        "llm_request_count": 0,
        "llm_error_count": 0,
        "llm_tokens_used": 0
      }
    }
  ],
  "debug_data_path": "debug_data/page-028"
}