{
  "table_of_contents": [
    {
      "title": "\u0947\u092f\u094b \u093f\u0939 \u093e\u0928\u092e\u092f\u093e\u0938\u093e\u093e\u0928\u093e\u092f\u093e\u0928\u0902 \u093f\u0935\u093f\u0936\u092f\u0924\u0947\u0964\n\u092f\u093e\u0928\u093e\u0915\u092e\u092b\u0932\u092f\u093e\u0917\u092f\u093e\u0917\u093e\u091b\u093e\u0928\u25cc\u094d\u093f\u0924\u0930\u0928\u0924\u0930\u092e\u094d\u0965\u0967\u0968\u0965",
      "heading_level": null,
      "page_id": 0,
      "polygon": [
        [
          126.404296875,
          69.1259765625
        ],
        [
          454.3893127441406,
          69.1259765625
        ],
        [
          454.3893127441406,
          116.20452880859375
        ],
        [
          126.404296875,
          116.20452880859375
        ]
      ]
    }
  ],
  "page_stats": [
    {
      "page_id": 0,
      "text_extraction_method": "pdftext",
      "block_counts": [
        [
          "Span",
          112
        ],
        [
          "Line",
          31
        ],
        [
          "Text",
          5
        ],
        [
          "SectionHeader",
          1
        ]
      ],
      "block_metadata": {
        "llm_request_count": 0,
        "llm_error_count": 0,
        "llm_tokens_used": 0
      }
    }
  ],
  "debug_data_path": "debug_data/page-379"
}