{
  "table_of_contents": [
    {
      "title": "CHAPTER 10\nTHE DIVINE GLORY",
      "heading_level": null,
      "page_id": 0,
      "polygon": [
        [
          164.5048828125,
          94.4560546875
        ],
        [
          454.81640625,
          94.4560546875
        ],
        [
          454.81640625,
          182.0478515625
        ],
        [
          164.5048828125,
          182.0478515625
        ]
      ]
    },
    {
      "title": "\u092d\u0942\u092f \u090f\u0935 \u092e\u0939\u093e\u092c\u093e\u0939\u094b \u0936\u0943\u0923\u0941 \u092e\u0947 \u092a\u0930\u092e\u0902 \u0935\u091a:\u0964\n\u092f\u0947\u093d\u0939\u0902 \u0940\u092f\u092e\u093e\u0923\u093e\u092f \u0935\u092f\u093e\u093f\u092e \u093f\u0939\u0924\u0915\u093e\u092f\u092f\u093e\u0965\u0967\u0965",
      "heading_level": null,
      "page_id": 0,
      "polygon": [
        [
          124.83544921875,
          428.09765625
        ],
        [
          427.4188537597656,
          428.09765625
        ],
        [
          427.4188537597656,
          472.45458984375
        ],
        [
          124.83544921875,
          472.45458984375
        ]
      ]
    },
    {
      "title": "\u0928 \u092e\u0947 \u093f\u0935\u0926:\n\u0941\n\u0938\u0941\u0930\u0917\u0923\u093e: \u092d\u0935\u0902 \u0928 \u092e\u0939\u0937\u092f:\u0964",
      "heading_level": null,
      "page_id": 0,
      "polygon": [
        [
          127.74610900878906,
          689.51953125
        ],
        [
          393.5547790527344,
          689.51953125
        ],
        [
          393.5547790527344,
          712.72265625
        ],
        [
          127.74610900878906,
          712.72265625
        ]
      ]
    }
  ],
  "page_stats": [
    {
      "page_id": 0,
      "text_extraction_method": "pdftext",
      "block_counts": [
        [
          "Span",
          115
        ],
        [
          "Line",
          26
        ],
        [
          "Text",
          6
        ],
        [
          "SectionHeader",
          3
        ],
        [
          "Picture",
          1
        ]
      ],
      "block_metadata": {
        "llm_request_count": 0,
        "llm_error_count": 0,
        "llm_tokens_used": 0
      }
    }
  ],
  "debug_data_path": "debug_data/page-317"
}