{
  "table_of_contents": [
    {
      "title": "\u092e\u093f\u091a\u093e \u092e\u0917\u0924\u093e\u0923\u093e \u092c\u094b\u0927\u092f\u0924: \u092a\u0930\u092a\u0930\u092e\u094d\u0964\n\u0915\u0925\u092f\u0924 \u092e \u093f\u0928\u092f\u0902 \u0924\u0941\n\u092f\u093f\u0924 \u091a \u0930\u092e\u093f\u0924 \u091a\u0965\u096f\u0965",
      "heading_level": null,
      "page_id": 0,
      "polygon": [
        [
          124.91015625,
          312.662109375
        ],
        [
          456.45867919921875,
          312.662109375
        ],
        [
          456.45867919921875,
          357.908203125
        ],
        [
          124.91015625,
          357.908203125
        ]
      ]
    },
    {
      "title": "\u0924\u0947\u0937 \u0938\u0924\u0924\u092f\u0941\u0924\u093e\u0928 \u092d\u091c\u0924 \u0940\u093f\u0924\u092a\u0942\u0935\u0915\u092e\u094d\u0964\n\u0926\u0926\u093e\u093f\u092e \u092c\u0941\u093f\u092f\u094b\u0917\u0902 \u0924\u0902 \u092f\u0947\u0928 \u092e\u093e\u092e\u0941\u092a\u092f\u093e\u093f\u0924 \u0924\u0947\u0965\u0967\u0966\u0965",
      "heading_level": null,
      "page_id": 0,
      "polygon": [
        [
          125.0595703125,
          583.171875
        ],
        [
          432.86737060546875,
          583.171875
        ],
        [
          432.86737060546875,
          629.578125
        ],
        [
          125.0595703125,
          629.578125
        ]
      ]
    }
  ],
  "page_stats": [
    {
      "page_id": 0,
      "text_extraction_method": "pdftext",
      "block_counts": [
        [
          "Span",
          149
        ],
        [
          "Line",
          32
        ],
        [
          "Text",
          7
        ],
        [
          "SectionHeader",
          2
        ]
      ],
      "block_metadata": {
        "llm_request_count": 0,
        "llm_error_count": 0,
        "llm_tokens_used": 0
      }
    }
  ],
  "debug_data_path": "debug_data/page-321"
}