{
  "table_of_contents": [
    {
      "title": "\u0927\u0942\u092e\u094b \u0930\u093e\u093f\u0924\u0925\u093e \u0915\u0943\n\u0923: \u0937\u092e\u093e\u0938\u093e \u0926\u093f\u0923\u093e\u092f\u0928\u092e\u094d\u0964\n\u0924 \u091a\u093e\u092e\u0938\u0902 \u092f\u094b\u093f\u0924\u092f\u0917\u0940 \u093e\u092f \u093f\u0928\u0935\u0924\u0924\u0947\u0965\u0968\u096b\u0965",
      "heading_level": null,
      "page_id": 0,
      "polygon": [
        [
          125.806640625,
          359.6484375
        ],
        [
          441.38067626953125,
          359.6484375
        ],
        [
          441.38067626953125,
          404.2045593261719
        ],
        [
          125.806640625,
          404.2045593261719
        ]
      ]
    }
  ],
  "page_stats": [
    {
      "page_id": 0,
      "text_extraction_method": "pdftext",
      "block_counts": [
        [
          "Span",
          132
        ],
        [
          "Line",
          32
        ],
        [
          "Text",
          4
        ],
        [
          "SectionHeader",
          1
        ],
        [
          "Handwriting",
          1
        ]
      ],
      "block_metadata": {
        "llm_request_count": 0,
        "llm_error_count": 0,
        "llm_tokens_used": 0
      }
    }
  ],
  "debug_data_path": "debug_data/page-288"
}