{
  "table_of_contents": [
    {
      "title": "\u090f\u0924\u092e\u0947 \u0938\u0902\u0936\u092f\u0902 \u0915\u0943\n\u0923 \u091b\u0947\n\u0941\u092e\u0939\u092f\u0936\u0947\u0937\u0924:\u0964\n\u0935\u0926\u092f: \u0938\u0902\u0936\u092f\u092f\u093e\u092f \u091b\u0947\u093e \u0928 \u092a\u0941 \u092a\u0924\u0947\u0965\u0969\u096f\u0965",
      "heading_level": null,
      "page_id": 0,
      "polygon": [
        [
          126.2548828125,
          114.46875
        ],
        [
          446.44921875,
          114.46875
        ],
        [
          446.44921875,
          163.001953125
        ],
        [
          126.2548828125,
          163.001953125
        ]
      ]
    },
    {
      "title": "\u092a\u093e\u0925 \u0928\u0935\u0948 \u0947\u0939 \u0928\u093e\u092e\u0941 \u093f\u0935\u0928\u093e\u0936\u0924\u092f \u093f\u0935\u0924\u0947\u0964\n\u0928\u093f\u0939 \u0915\u092f\u093e\u0923\u0915\u0943\n\u0915\u093f\u0917\n\u0941\n\u093f\u0924\u0902 \u0924\u093e\u0924 \u0917\u091b\u093f\u0924\u0965\u096a\u0966\u0965",
      "heading_level": null,
      "page_id": 0,
      "polygon": [
        [
          127.30078125,
          366.802734375
        ],
        [
          442.564453125,
          366.802734375
        ],
        [
          442.564453125,
          415.9897155761719
        ],
        [
          127.30078125,
          415.9897155761719
        ]
      ]
    }
  ],
  "page_stats": [
    {
      "page_id": 0,
      "text_extraction_method": "pdftext",
      "block_counts": [
        [
          "Span",
          181
        ],
        [
          "Line",
          35
        ],
        [
          "Text",
          7
        ],
        [
          "SectionHeader",
          2
        ],
        [
          "Handwriting",
          1
        ]
      ],
      "block_metadata": {
        "llm_request_count": 0,
        "llm_error_count": 0,
        "llm_tokens_used": 0
      }
    }
  ],
  "debug_data_path": "debug_data/page-247"
}