{
  "table_of_contents": [
    {
      "title": "",
      "heading_level": null,
      "page_id": 0,
      "polygon": [
        [
          283.409423828125,
          5.3768463134765625
        ],
        [
          309.12109375,
          5.3768463134765625
        ],
        [
          309.12109375,
          29.6015625
        ],
        [
          283.409423828125,
          29.6015625
        ]
      ]
    },
    {
      "title": "YOGA PHILOSOPHY OF PATA\u00d1JALI",
      "heading_level": null,
      "page_id": 0,
      "polygon": [
        [
          182.8463476070529,
          74.22796081923418
        ],
        [
          428.52783203125,
          72.72840605520926
        ],
        [
          428.52783203125,
          87.36572265625
        ],
        [
          182.8463476070529,
          87.36572265625
        ]
      ]
    },
    {
      "title": "\u090f\u0924\u0947\u0928 \u092d\u0942\u0924\u0947\u0928\u094d\u0926\u094d\u0930\u093f\u092f\u094b\u0937\u094d \u0927\u0930\u094d\u092e\u0932\u0928\u094d\u0924\u094d\u0930\u0923\u093e\u0935\u0938\u094d\u0925\u093e\u092a\u0930\u093f\u0923\u093e\u092e\u093e \u0935\u094d\u092f\u093e\u0916\u094d\u092f\u093e\u0924\u093e: \u0965 \u0967\u0969 \u0965",
      "heading_level": null,
      "page_id": 0,
      "polygon": [
        [
          93.67128463476071,
          455.8646482635797
        ],
        [
          465.4248046875,
          453.6153161175423
        ],
        [
          465.4248046875,
          472.802734375
        ],
        [
          93.67128463476071,
          473.1095280498664
        ]
      ]
    }
  ],
  "page_stats": [
    {
      "page_id": 0,
      "text_extraction_method": "surya",
      "block_counts": [
        [
          "Line",
          33
        ],
        [
          "Span",
          33
        ],
        [
          "Text",
          5
        ],
        [
          "SectionHeader",
          3
        ],
        [
          "PageHeader",
          1
        ]
      ],
      "block_metadata": {
        "llm_request_count": 0,
        "llm_error_count": 0,
        "llm_tokens_used": 0
      }
    }
  ],
  "debug_data_path": "debug_data/page-314"
}