{
  "table_of_contents": [
    {
      "title": "\u0938\u0924\u093e: \u0915\u092e\u092f\u093f\u0935\u0938\u094b \u092f\u0925\u093e \u0915\u0941 \u0935\u093f\u0924 \u092d\u093e\u0930\u0924\u0964\n\u0915\u0941 \u092f\u093f\u0924\u0925\u093e\u093d\u0938\u0924\u093f\u0915\u0940\u0937\u0941\n\u0932\u0915\u0938\u0902\u0939\u092e\u094d\u0965\u0968\u096b\u0965",
      "heading_level": null,
      "page_id": 0,
      "polygon": [
        [
          126.703125,
          152.2705078125
        ],
        [
          435.42132568359375,
          152.2705078125
        ],
        [
          435.42132568359375,
          199.93359375
        ],
        [
          126.703125,
          199.93359375
        ]
      ]
    },
    {
      "title": "\u0928 \u092c\u0941\u093f\u092d\u0947\u0926\u0902 \u091c\u0928\u092f\u0947\u0926\u093e\u0928 \u0915\u092e\u0938\u093f\u0928\u093e\u092e\u094d\u0964\n\u091c\u094b\u0937\u092f\u0947\u0938\u0935\u0915\u092e\u093f\u0923 \u093f\u0935\u093e\u092f\u0941\u0924: \u0938\u092e\u093e\u091a\u0930\u0928\u094d\u0965\u0968\u096c\u0965",
      "heading_level": null,
      "page_id": 0,
      "polygon": [
        [
          124.91015625,
          538.69921875
        ],
        [
          440.05633544921875,
          538.69921875
        ],
        [
          440.05633544921875,
          586.65234375
        ],
        [
          124.91015625,
          586.65234375
        ]
      ]
    }
  ],
  "page_stats": [
    {
      "page_id": 0,
      "text_extraction_method": "pdftext",
      "block_counts": [
        [
          "Span",
          137
        ],
        [
          "Line",
          32
        ],
        [
          "Text",
          6
        ],
        [
          "SectionHeader",
          2
        ]
      ],
      "block_metadata": {
        "llm_request_count": 0,
        "llm_error_count": 0,
        "llm_tokens_used": 0
      }
    }
  ],
  "debug_data_path": "debug_data/page-133"
}