{
  "table_of_contents": [
    {
      "title": "\u0915\u092e\u093e\u091a \u0924\u0947 \u0928 \u0928\u092e\u0947\u0930\u092e\u0939\u093e\u092e\u0928\u094d\n\u0917\u0930\u0940\u092f\u0938\u0947 \u0923\u094b\u093d\u092f\u093e\u093f\u0926\u0915\u0964\n\u0905\u0928\u0924 \u0926\u0947\u0935\u0947\u0936 \u091c\u0917\u093f\u0935\u093e\u0938\n\u0935\u092e\u0930\u0902 \u0938\u0926\u0938\u092a\u0930\u0902 \u092f\u0924\u094d\u0965\u0969\u096d\u0965",
      "heading_level": null,
      "page_id": 0,
      "polygon": [
        [
          127.07666015625,
          410.6953125
        ],
        [
          341.73712158203125,
          410.6953125
        ],
        [
          341.73712158203125,
          500.2045593261719
        ],
        [
          127.07666015625,
          500.2045593261719
        ]
      ]
    }
  ],
  "page_stats": [
    {
      "page_id": 0,
      "text_extraction_method": "pdftext",
      "block_counts": [
        [
          "Span",
          137
        ],
        [
          "Line",
          31
        ],
        [
          "Text",
          6
        ],
        [
          "SectionHeader",
          1
        ]
      ],
      "block_metadata": {
        "llm_request_count": 0,
        "llm_error_count": 0,
        "llm_tokens_used": 0
      }
    }
  ],
  "debug_data_path": "debug_data/page-358"
}