{
  "table_of_contents": [
    {
      "title": "\u0924\u0948\u0935\u0902 \u0938\u093f\u0924 \u0915\u0924\u0930\u092e\u093e\u092e\u093e\u0928\u0902 \u0915\u0947 \u0935\u0932\u0902 \u0924\u0941 \u092f:\u0964\n\u092a\u092f\u092f\u0915\u0943 \u0924\u092c\u0941\u093f\u0935\u093e \u0938 \u092a\u092f\u093f\u0924 \u0926\u092e\n\u0941\n\u093f\u0924:\u0965\u0967\u096c\u0965",
      "heading_level": null,
      "page_id": 0,
      "polygon": [
        [
          125.6572265625,
          70.04443359375
        ],
        [
          436.2159118652344,
          70.04443359375
        ],
        [
          436.2159118652344,
          117.03753662109375
        ],
        [
          125.6572265625,
          117.03753662109375
        ]
      ]
    }
  ],
  "page_stats": [
    {
      "page_id": 0,
      "text_extraction_method": "pdftext",
      "block_counts": [
        [
          "Span",
          134
        ],
        [
          "Line",
          35
        ],
        [
          "Text",
          6
        ],
        [
          "SectionHeader",
          1
        ]
      ],
      "block_metadata": {
        "llm_request_count": 0,
        "llm_error_count": 0,
        "llm_tokens_used": 0
      }
    }
  ],
  "debug_data_path": "debug_data/page-527"
}