{
  "table_of_contents": [
    {
      "title": "YOGA PHILOSOPHY OF PATANJALI",
      "heading_level": null,
      "page_id": 0,
      "polygon": [
        [
          181.34760705289673,
          74.97773820124665
        ],
        [
          425.33203125,
          74.97773820124665
        ],
        [
          425.33203125,
          86.5948486328125
        ],
        [
          181.34760705289673,
          86.5948486328125
        ]
      ]
    },
    {
      "title": "Or (Contemplating) On A Mind Which Is Free From Desires\n(The Devotee's Mind Gets Fixed). 37.",
      "heading_level": null,
      "page_id": 0,
      "polygon": [
        [
          75.68639798488665,
          172.4487978628673
        ],
        [
          528.46923828125,
          170.94924309884237
        ],
        [
          528.46923828125,
          202.380126953125
        ],
        [
          75.68639798488665,
          203.18967052537843
        ]
      ]
    },
    {
      "title": "\u0916\u094d\u0935\u092a\u094d\u0930\u0928\u093f\u091f\u093e\u091c\u093e\u0928\u093e\u0928\u093e\u092e\u094d\u092c\u0928\u0902 \u0935\u093e \u0964 \u0969\u096e \u0965",
      "heading_level": null,
      "page_id": 0,
      "polygon": [
        [
          95.91939546599497,
          565.3321460373998
        ],
        [
          300.986328125,
          565.3321460373998
        ],
        [
          300.986328125,
          579.697265625
        ],
        [
          95.91939546599497,
          579.697265625
        ]
      ]
    }
  ],
  "page_stats": [
    {
      "page_id": 0,
      "text_extraction_method": "surya",
      "block_counts": [
        [
          "Line",
          33
        ],
        [
          "Span",
          33
        ],
        [
          "Text",
          9
        ],
        [
          "SectionHeader",
          3
        ],
        [
          "TextInlineMath",
          1
        ]
      ],
      "block_metadata": {
        "llm_request_count": 0,
        "llm_error_count": 0,
        "llm_tokens_used": 0
      }
    }
  ],
  "debug_data_path": "debug_data/page-118"
}