{
  "table_of_contents": [
    {
      "title": "Then The Seer Abides In Itself. 3,",
      "heading_level": null,
      "page_id": 0,
      "polygon": [
        [
          167.489013671875,
          192.18729736283422
        ],
        [
          436.3720703125,
          192.18729736283422
        ],
        [
          436.3720703125,
          210.397216796875
        ],
        [
          167.489013671875,
          210.397216796875
        ]
      ]
    },
    {
      "title": "FTf? T iffiSdfacjycdrd I\n?fwrTTOrfw?rasT\nw y n",
      "heading_level": null,
      "page_id": 0,
      "polygon": [
        [
          100.0140380859375,
          566.8295397944748
        ],
        [
          350.08544921875,
          566.8295397944748
        ],
        [
          350.08544921875,
          611.3544921875
        ],
        [
          100.0140380859375,
          611.3544921875
        ]
      ]
    }
  ],
  "page_stats": [
    {
      "page_id": 0,
      "text_extraction_method": "pdftext",
      "block_counts": [
        [
          "Span",
          489
        ],
        [
          "Line",
          32
        ],
        [
          "Text",
          7
        ],
        [
          "PageHeader",
          2
        ],
        [
          "SectionHeader",
          2
        ]
      ],
      "block_metadata": {
        "llm_request_count": 0,
        "llm_error_count": 0,
        "llm_tokens_used": 0
      }
    }
  ],
  "debug_data_path": "debug_data/page-035"
}