{
  "table_of_contents": [
    {
      "title": "\u0938\u0935\u0924: \u092a\u093e\u093f\u0923\u092a\u093e\u0926\u0902 \u0924\u0938\u0935\u0924\u094b\u093d\u093f\u093f\u0936\u0930\u094b\u092e\u0941\u0916\u092e\u094d\u0964\n\u0938\u0935\u0924: \u0941\u093f\u0924\u092e\u0932\u094b\u0915\u0947 \u0938\u0935\u092e\u093e\u0935\u0943\n\u092f \u093f\u0924\u093f\u0924\u0965\u0967\u0969\u0965",
      "heading_level": null,
      "page_id": 0,
      "polygon": [
        [
          124.7607421875,
          419.58984375
        ],
        [
          436.1212463378906,
          419.58984375
        ],
        [
          436.1212463378906,
          465.99609375
        ],
        [
          124.7607421875,
          465.99609375
        ]
      ]
    }
  ],
  "page_stats": [
    {
      "page_id": 0,
      "text_extraction_method": "pdftext",
      "block_counts": [
        [
          "Span",
          93
        ],
        [
          "Line",
          33
        ],
        [
          "Text",
          6
        ],
        [
          "SectionHeader",
          1
        ]
      ],
      "block_metadata": {
        "llm_request_count": 0,
        "llm_error_count": 0,
        "llm_tokens_used": 0
      }
    }
  ],
  "debug_data_path": "debug_data/page-414"
}