{
  "table_of_contents": [
    {
      "title": ")yn yoga philosophy or pataSjali",
      "heading_level": null,
      "page_id": 0,
      "polygon": [
        [
          62.900001525878906,
          66.05204345658422
        ],
        [
          431.142578125,
          66.05204345658422
        ],
        [
          431.142578125,
          86.39255859330297
        ],
        [
          62.900001525878906,
          86.39255859330297
        ]
      ]
    }
  ],
  "page_stats": [
    {
      "page_id": 0,
      "text_extraction_method": "pdftext",
      "block_counts": [
        [
          "Span",
          623
        ],
        [
          "Line",
          36
        ],
        [
          "Text",
          4
        ],
        [
          "SectionHeader",
          1
        ],
        [
          "PageHeader",
          1
        ]
      ],
      "block_metadata": {
        "llm_request_count": 0,
        "llm_error_count": 0,
        "llm_tokens_used": 0
      }
    }
  ],
  "debug_data_path": "debug_data/page-212"
}