{
  "table_of_contents": [
    {
      "title": "\u0924\u092e\u093e\u0935\u092e\u0941\u093f \u092f\u0936\u094b \u0932\u092d\u0935\n\u093f\u091c\u0935\u093e \u0936\u0942\u0928\u094d \u092d\u0941\u0935 \u0930\u093e\u092f\u0902 \u0938\u092e\u0943\u092e\u094d\u0964\n\u092e\u092f\u0948\u0935\u0948\u0924\u0947 \u093f\u0928\u0939\u0924\u093e: \u092a\u0942\u0935\u092e\u0947\u0935\n\u093f\u0928\u093f\u092e\u092e\u093e\u0902 \u092d\u0935 \u0938\u092f\u0938\u093e\u093f\u091a\u0928\u094d\u0965\u0969\u0969\u0965",
      "heading_level": null,
      "page_id": 0,
      "polygon": [
        [
          126.2548828125,
          268.962890625
        ],
        [
          377.7010803222656,
          268.962890625
        ],
        [
          377.7010803222656,
          359.2045593261719
        ],
        [
          126.2548828125,
          359.2045593261719
        ]
      ]
    }
  ],
  "page_stats": [
    {
      "page_id": 0,
      "text_extraction_method": "pdftext",
      "block_counts": [
        [
          "Span",
          156
        ],
        [
          "Line",
          31
        ],
        [
          "Text",
          5
        ],
        [
          "SectionHeader",
          1
        ]
      ],
      "block_metadata": {
        "llm_request_count": 0,
        "llm_error_count": 0,
        "llm_tokens_used": 0
      }
    }
  ],
  "debug_data_path": "debug_data/page-355"
}