{
  "table_of_contents": [
    {
      "title": "\u092a\u0942\u0935\u092f\u093e\u0938\u0947\u0928 \u0924\u0947\u0928\u0935\u0948 \u093f\u092f\u0924\u0947 \u0935\u0936\u094b\u093d\u093f\u092a \u0938:\u0964\n\u093f\u091c\u093e\u0938\u0941\u0930\u093f\u092a \u092f\u094b\u0917\u092f \u0936\u0926\u093e\u093f\u0924\u0935\u0924\u0924\u0947\u0965\u096a\u096a\u0965",
      "heading_level": null,
      "page_id": 0,
      "polygon": [
        [
          123.34130859375,
          177.890625
        ],
        [
          417.89617919921875,
          177.890625
        ],
        [
          417.89617919921875,
          224.20452880859375
        ],
        [
          123.34130859375,
          224.20452880859375
        ]
      ]
    }
  ],
  "page_stats": [
    {
      "page_id": 0,
      "text_extraction_method": "pdftext",
      "block_counts": [
        [
          "Span",
          111
        ],
        [
          "Line",
          32
        ],
        [
          "Text",
          7
        ],
        [
          "SectionHeader",
          1
        ],
        [
          "Handwriting",
          1
        ]
      ],
      "block_metadata": {
        "llm_request_count": 0,
        "llm_error_count": 0,
        "llm_tokens_used": 0
      }
    }
  ],
  "debug_data_path": "debug_data/page-249"
}