{
  "table_of_contents": [
    {
      "title": "Arjuna said",
      "heading_level": null,
      "page_id": 0,
      "polygon": [
        [
          76.462646484375,
          509.30859375
        ],
        [
          177.49879455566406,
          509.30859375
        ],
        [
          177.49879455566406,
          530.19140625
        ],
        [
          76.462646484375,
          530.19140625
        ]
      ]
    }
  ],
  "page_stats": [
    {
      "page_id": 0,
      "text_extraction_method": "pdftext",
      "block_counts": [
        [
          "Span",
          137
        ],
        [
          "Line",
          35
        ],
        [
          "Text",
          7
        ],
        [
          "SectionHeader",
          1
        ]
      ],
      "block_metadata": {
        "llm_request_count": 0,
        "llm_error_count": 0,
        "llm_tokens_used": 0
      }
    }
  ],
  "debug_data_path": "debug_data/page-357"
}