{
  "table_of_contents": [
    {
      "title": "\u092f\u094b \u092e \u092a\u092f\u093f\u0924 \u0938\u0935 \u0938\u0935\u0902 \u091a \u092e\u093f\u092f \u092a\u092f\u093f\u0924\u0964\n\u0924\u092f\u093e\u0939\u0902 \u0928 \u0923\u092f\u093e\u093f\u092e \u0938 \u091a \u092e\u0947 \u0928 \u0923\u092f\u093f\u0924\u0965\u0969\u0966\u0965",
      "heading_level": null,
      "page_id": 0,
      "polygon": [
        [
          126.404296875,
          247.5
        ],
        [
          464.4989929199219,
          247.5
        ],
        [
          464.4989929199219,
          296.2045593261719
        ],
        [
          126.404296875,
          296.2045593261719
        ]
      ]
    },
    {
      "title": "\u0938\u0935\u092d\u0942\u0924\u093f\u0925\u0924\u0902 \u092f\u094b \u092e \u092d\u091c\u092f\u0947\u0915\u0935\u092e\u093e\u093f\u0925\u0924:\u0964\n\u0938\u0935\u0925\u093e \u0935\u0924\u092e\u093e\u0928\u094b\u093d\u093f\u092a \u0938 \u092f\u094b\u0917\u0940 \u092e\u093f\u092f \u0935\u0924\u0924\u0947\u0965\u0969\u0967\u0965",
      "heading_level": null,
      "page_id": 0,
      "polygon": [
        [
          124.7607421875,
          538.69921875
        ],
        [
          440.5103759765625,
          538.69921875
        ],
        [
          440.5103759765625,
          585.87890625
        ],
        [
          124.7607421875,
          585.87890625
        ]
      ]
    }
  ],
  "page_stats": [
    {
      "page_id": 0,
      "text_extraction_method": "pdftext",
      "block_counts": [
        [
          "Span",
          163
        ],
        [
          "Line",
          31
        ],
        [
          "Text",
          6
        ],
        [
          "SectionHeader",
          2
        ]
      ],
      "block_metadata": {
        "llm_request_count": 0,
        "llm_error_count": 0,
        "llm_tokens_used": 0
      }
    }
  ],
  "debug_data_path": "debug_data/page-242"
}