{
  "table_of_contents": [
    {
      "title": "\u0930\u093e\u0917\u0940 \u0915\u092e\u092b\u0932\u0947\u0938\u0941\u0932\u0941\n\u0927\u094b \u093f\u0939\u0938\u0902 \u093e\u092e\u0915\u094b\u093d\u0936\u0941\u093f\u091a:\u0964\n\u0939\u0937\u0936\u094b\u0915\u093e\u093f\u0935\u0924: \u0915\u0924 \u0930\u093e\u091c\u0938: \u092a\u093f\u0930\u0915\u0940\u093f\u0924\u0924:\u0965\u0968\u096d\u0965",
      "heading_level": null,
      "page_id": 0,
      "polygon": [
        [
          125.208984375,
          287.138671875
        ],
        [
          447.4346008300781,
          287.138671875
        ],
        [
          447.4346008300781,
          332.2045593261719
        ],
        [
          125.208984375,
          332.2045593261719
        ]
      ]
    }
  ],
  "page_stats": [
    {
      "page_id": 0,
      "text_extraction_method": "pdftext",
      "block_counts": [
        [
          "Span",
          157
        ],
        [
          "Line",
          32
        ],
        [
          "Text",
          4
        ],
        [
          "SectionHeader",
          1
        ],
        [
          "Handwriting",
          1
        ]
      ],
      "block_metadata": {
        "llm_request_count": 0,
        "llm_error_count": 0,
        "llm_tokens_used": 0
      }
    }
  ],
  "debug_data_path": "debug_data/page-536"
}