{
  "table_of_contents": [
    {
      "title": "ON CONCENTRATION *5",
      "heading_level": null,
      "page_id": 0,
      "polygon": [
        [
          223.41552734375,
          74.18577148392797
        ],
        [
          544.099365234375,
          74.18577148392797
        ],
        [
          544.099365234375,
          87.57938720658422
        ],
        [
          223.41552734375,
          87.57938720658422
        ]
      ]
    }
  ],
  "page_stats": [
    {
      "page_id": 0,
      "text_extraction_method": "pdftext",
      "block_counts": [
        [
          "Span",
          690
        ],
        [
          "Line",
          37
        ],
        [
          "Text",
          7
        ],
        [
          "SectionHeader",
          1
        ]
      ],
      "block_metadata": {
        "llm_request_count": 0,
        "llm_error_count": 0,
        "llm_tokens_used": 0
      }
    }
  ],
  "debug_data_path": "debug_data/page-117"
}