{
  "table_of_contents": [
    {
      "title": "\u0905\u0928\u0915\u091c\u0947 \u092e\u0938\u0902\u093f\u0938\u0924\u0924\u094b \u092f\u093e\u093f\u0924 \u092a\u0930 \u0917\u093f\u0924\u092e\u094d\u0965\u096a\u096b\u0965",
      "heading_level": null,
      "page_id": 0,
      "polygon": [
        [
          127.74610900878906,
          68.0625
        ],
        [
          444.16168212890625,
          68.0625
        ],
        [
          444.16168212890625,
          93.70452880859375
        ],
        [
          127.74610900878906,
          93.70452880859375
        ]
      ]
    },
    {
      "title": "\u0924\u092a\u093f\u0935\u092f\u094b\u093d\u093f\u0927\u0915\u094b \u092f\u094b\u0917\u0940 \u093e\u093f\u0928\u092f\u094b\u093d\u093f\u092a \u092e\u0924\u094b\u093d\u093f\u0927\u0915:\u0964\n\u0915\u093f\u092e\u092f\u093e\u093f\u0927\u0915\u094b \u092f\u094b\u0917\u0940 \u0924\u092e\u093e\u094b\u0917\u0940 \u092d\u0935\u093e\u091c\u0941\n\u0928\u0965\u096a\u096c\u0965",
      "heading_level": null,
      "page_id": 0,
      "polygon": [
        [
          127.599609375,
          344.1796875
        ],
        [
          457.82086181640625,
          344.1796875
        ],
        [
          457.82086181640625,
          390.7045593261719
        ],
        [
          127.599609375,
          390.7045593261719
        ]
      ]
    },
    {
      "title": "\u092f\u094b\u093f\u0917\u0928\u093e\u092e\u093f\u092a \u0938\u0935\u0937 \u092e\u0917\u0924\u0947\u0928\u093e\u0924\u0930\u093e\u092e\u0928\u093e\u0964\n\u093e\u0935\u093e\u0928\u094d \u092d\u091c\u0924\u0947 \u092f\u094b \u092e \u0938 \u092e\u0947 \u092f\u0941\u0924\u0924\u092e\u094b \u092e\u0924:\u0965\u096a\u096d\u0965",
      "heading_level": null,
      "page_id": 0,
      "polygon": [
        [
          127.001953125,
          615.65625
        ],
        [
          475.2257385253906,
          615.65625
        ],
        [
          475.2257385253906,
          662.2045593261719
        ],
        [
          127.001953125,
          662.2045593261719
        ]
      ]
    }
  ],
  "page_stats": [
    {
      "page_id": 0,
      "text_extraction_method": "pdftext",
      "block_counts": [
        [
          "Span",
          140
        ],
        [
          "Line",
          31
        ],
        [
          "Text",
          6
        ],
        [
          "SectionHeader",
          3
        ]
      ],
      "block_metadata": {
        "llm_request_count": 0,
        "llm_error_count": 0,
        "llm_tokens_used": 0
      }
    }
  ],
  "debug_data_path": "debug_data/page-250"
}