{
  "table_of_contents": [
    {
      "title": "264 YOGA PHJI-OSOPHY OF PATASjALt",
      "heading_level": null,
      "page_id": 0,
      "polygon": [
        [
          61.900001525878906,
          64.47086669877172
        ],
        [
          423.29833984375,
          64.47086669877172
        ],
        [
          423.29833984375,
          80.7362060546875
        ],
        [
          61.900001525878906,
          80.7362060546875
        ]
      ]
    }
  ],
  "page_stats": [
    {
      "page_id": 0,
      "text_extraction_method": "pdftext",
      "block_counts": [
        [
          "Span",
          829
        ],
        [
          "Line",
          39
        ],
        [
          "Text",
          4
        ],
        [
          "SectionHeader",
          1
        ]
      ],
      "block_metadata": {
        "llm_request_count": 0,
        "llm_error_count": 0,
        "llm_tokens_used": 0
      }
    }
  ],
  "debug_data_path": "debug_data/page-286"
}