{
  "table_of_contents": [
    {
      "title": "\u092f\u093e\u093f\u092e\u0947\u0923\u0947\u0935 \u0935\u093e\u092f\u0947\u0928 \u092c\u0941\u093f\u0902 \u092e\u094b\u0939\u092f\u0938\u0940\u0935 \u092e\u0947\u0964\n\u0924\u0926\u0947\u0915\u0902 \u0935\u0926 \u093f\u0928\u093f\u092f \u092f\u0947\u0928 \u0947\u092f\u094b\u093d\u0939\u092e\u093e\u0941\u092f\u093e\u092e\u094d\u0965\u0968\u0965",
      "heading_level": null,
      "page_id": 0,
      "polygon": [
        [
          124.91015625,
          558.80859375
        ],
        [
          428.2512512207031,
          558.80859375
        ],
        [
          428.2512512207031,
          606.76171875
        ],
        [
          124.91015625,
          606.76171875
        ]
      ]
    }
  ],
  "page_stats": [
    {
      "page_id": 0,
      "text_extraction_method": "pdftext",
      "block_counts": [
        [
          "Span",
          125
        ],
        [
          "Line",
          32
        ],
        [
          "Text",
          7
        ],
        [
          "SectionHeader",
          1
        ]
      ],
      "block_metadata": {
        "llm_request_count": 0,
        "llm_error_count": 0,
        "llm_tokens_used": 0
      }
    }
  ],
  "debug_data_path": "debug_data/page-117"
}