{
  "table_of_contents": [
    {
      "title": "\u0906\u092e\u0938\u092d\u093e\u093f\u0935\u0924\u093e: \u0924\u0927\u093e \u0927\u0928\u092e\u093e\u0928\u092e\u0926\u093e\u093f\u0935\u0924\u093e:\u0964\n\u092f\u091c\u0924\u0947 \u0928\u093e\u092e\u092f\u0948\u0924\u0947 \u0926\u092d\u0947\u0928\u093e\u093f\u0935\u093f\u0927\u092a\u0942\u0935\u0915\u092e\u094d\u0965\u0967\u096d\u0965",
      "heading_level": null,
      "page_id": 0,
      "polygon": [
        [
          126.62841796875,
          305.5078125
        ],
        [
          424.7701721191406,
          305.5078125
        ],
        [
          424.7701721191406,
          350.2045593261719
        ],
        [
          126.62841796875,
          350.2045593261719
        ]
      ]
    },
    {
      "title": "\u0905\u0939\u093e\u0930\u0902 \u092c\u0932\u0902 \u0926\u092a\u0902 \u0915\u093e\u092e\u0902 \u094b\u0927\u0902 \u091a \u0938\u0902\u093f\u0924\u093e:\u0964\n\u092e\u093e\u092e\u093e\u092e\u092a\u0930\u0926\u0947\u0939\u0947\u0937\u0941 \u093f\u0937\u0924\u094b\u093d\u092f\u0938\u0942\u092f\u0915\u093e:\u0965\u0967\u096e\u0965",
      "heading_level": null,
      "page_id": 0,
      "polygon": [
        [
          125.43310546875,
          593.2265625
        ],
        [
          416.1056213378906,
          593.2265625
        ],
        [
          416.1056213378906,
          641.1796875
        ],
        [
          125.43310546875,
          641.1796875
        ]
      ]
    }
  ],
  "page_stats": [
    {
      "page_id": 0,
      "text_extraction_method": "pdftext",
      "block_counts": [
        [
          "Span",
          124
        ],
        [
          "Line",
          31
        ],
        [
          "Text",
          5
        ],
        [
          "SectionHeader",
          2
        ]
      ],
      "block_metadata": {
        "llm_request_count": 0,
        "llm_error_count": 0,
        "llm_tokens_used": 0
      }
    }
  ],
  "debug_data_path": "debug_data/page-489"
}