{
  "table_of_contents": [
    {
      "title": "\u0905\u0930\u0902  \u092a\u0930\u092e\u0902 \u0935\u092d\u093e\u0935\u094b\u093d\u092f\u093e\u092e\u092e\u0941\n\u092f\u0924\u0947\u0964\n\u092d\u0942\u0924\u092d\u093e\u0935\u094b\u0935\u0915\u0930\u094b \u093f\u0935\u0938\u0917\n: \u0915\u092e\u0938\u0902\u093f\u0924:\u0965\u0969\u0965",
      "heading_level": null,
      "page_id": 0,
      "polygon": [
        [
          127.1513671875,
          107.7978515625
        ],
        [
          402.16265869140625,
          107.7978515625
        ],
        [
          402.16265869140625,
          153.70458984375
        ],
        [
          127.1513671875,
          153.70458984375
        ]
      ]
    }
  ],
  "page_stats": [
    {
      "page_id": 0,
      "text_extraction_method": "pdftext",
      "block_counts": [
        [
          "Span",
          148
        ],
        [
          "Line",
          34
        ],
        [
          "Text",
          7
        ],
        [
          "SectionHeader",
          1
        ]
      ],
      "block_metadata": {
        "llm_request_count": 0,
        "llm_error_count": 0,
        "llm_tokens_used": 0
      }
    }
  ],
  "debug_data_path": "debug_data/page-274"
}