{
  "table_of_contents": [
    {
      "title": "ON PRACTICE.",
      "heading_level": null,
      "page_id": 0,
      "polygon": [
        [
          243.897705078125,
          73.47477294877172
        ],
        [
          344.85595703125,
          73.47477294877172
        ],
        [
          344.85595703125,
          86.94871093705297
        ],
        [
          243.897705078125,
          86.94871093705297
        ]
      ]
    }
  ],
  "page_stats": [
    {
      "page_id": 0,
      "text_extraction_method": "pdftext",
      "block_counts": [
        [
          "Span",
          758
        ],
        [
          "Line",
          40
        ],
        [
          "Text",
          4
        ],
        [
          "SectionHeader",
          1
        ],
        [
          "PageHeader",
          1
        ]
      ],
      "block_metadata": {
        "llm_request_count": 0,
        "llm_error_count": 0,
        "llm_tokens_used": 0
      }
    }
  ],
  "debug_data_path": "debug_data/page-257"
}