{
  "table_of_contents": [
    {
      "title": "210 YOGA PHILOSOPHY OF FATa&JAU",
      "heading_level": null,
      "page_id": 0,
      "polygon": [
        [
          64.0989990234375,
          75.41489746049047
        ],
        [
          436.953125,
          75.41489746049047
        ],
        [
          436.953125,
          90.6033935546875
        ],
        [
          64.0989990234375,
          90.6033935546875
        ]
      ]
    },
    {
      "title": "Although Ceasing To Br In Relation To Him Whole Objects\nAre Completed The Kuownble Does Not Cease To Exist\nOn Account Of Being Common To Others. 22.",
      "heading_level": null,
      "page_id": 0,
      "polygon": [
        [
          67.547607421875,
          205.18363525345922
        ],
        [
          539.21875,
          205.18363525345922
        ],
        [
          539.21875,
          258.4498706050217
        ],
        [
          67.547607421875,
          258.4498706050217
        ]
      ]
    }
  ],
  "page_stats": [
    {
      "page_id": 0,
      "text_extraction_method": "pdftext",
      "block_counts": [
        [
          "Span",
          616
        ],
        [
          "Line",
          35
        ],
        [
          "Text",
          5
        ],
        [
          "SectionHeader",
          2
        ]
      ],
      "block_metadata": {
        "llm_request_count": 0,
        "llm_error_count": 0,
        "llm_tokens_used": 0
      }
    }
  ],
  "debug_data_path": "debug_data/page-232"
}