{
  "table_of_contents": [
    {
      "title": "ON PHACTJQ1-",
      "heading_level": null,
      "page_id": 0,
      "polygon": [
        [
          261.76513671875,
          71.33030273392797
        ],
        [
          362.28759765625,
          71.33030273392797
        ],
        [
          362.28759765625,
          85.65348388627172
        ],
        [
          261.76513671875,
          85.65348388627172
        ]
      ]
    }
  ],
  "page_stats": [
    {
      "page_id": 0,
      "text_extraction_method": "pdftext",
      "block_counts": [
        [
          "Span",
          739
        ],
        [
          "Line",
          41
        ],
        [
          "Text",
          7
        ],
        [
          "SectionHeader",
          1
        ],
        [
          "PageHeader",
          1
        ]
      ],
      "block_metadata": {
        "llm_request_count": 0,
        "llm_error_count": 0,
        "llm_tokens_used": 0
      }
    }
  ],
  "debug_data_path": "debug_data/page-225"
}