{
  "table_of_contents": [
    {
      "title": "\u092f\u0925\u093e \u0915\u093e\u0936\u092f\u092f\u0947\u0915: \u0915\u0943\n\u0928\u0902 \u0932\u094b\u0915\u093f\u092e\u092e\u0902 \u0930\u093f\u0935:\u0964\n\u0947\u0902 \u0947\u0940 \u0924\u0925\u093e \u0915\u0943\n\u0928\u0902 \u0915\u093e\u0936\u092f\u093f\u0924 \u092d\u093e\u0930\u0924\u0965\u0969\u0969\u0965",
      "heading_level": null,
      "page_id": 0,
      "polygon": [
        [
          127.74610900878906,
          220.623046875
        ],
        [
          452.1830749511719,
          220.623046875
        ],
        [
          452.1830749511719,
          267.94866943359375
        ],
        [
          127.74610900878906,
          267.94866943359375
        ]
      ]
    },
    {
      "title": "\u0947\u0947\u092f\u094b\u0930\u0947\u0935\u092e\u0924\u0930\u0902 \u093e\u0928\u091a\u0941\u0937\u093e\u0964\n\u092d\u0942\u0924\u0915\u0943\n\u093f\u0924\u092e\u094b\u0902 \u091a \u092f\u0947 \u093f\u0935\u0926\u092f\n\u0941\n\u093f\u0924 \u0924\u0947 \u092a\u0930\u092e\u094d\u0965\u0969\u096a\u0965",
      "heading_level": null,
      "page_id": 0,
      "polygon": [
        [
          127.30078125,
          543.7265625
        ],
        [
          439.86712646484375,
          543.7265625
        ],
        [
          439.86712646484375,
          591.6796875
        ],
        [
          127.30078125,
          591.6796875
        ]
      ]
    }
  ],
  "page_stats": [
    {
      "page_id": 0,
      "text_extraction_method": "pdftext",
      "block_counts": [
        [
          "Span",
          145
        ],
        [
          "Line",
          35
        ],
        [
          "Text",
          9
        ],
        [
          "SectionHeader",
          2
        ]
      ],
      "block_metadata": {
        "llm_request_count": 0,
        "llm_error_count": 0,
        "llm_tokens_used": 0
      }
    }
  ],
  "debug_data_path": "debug_data/page-437"
}