{
  "table_of_contents": [
    {
      "title": "\u093f\u093f\u092d\u0917\u0941\n;\u0923\u092e\u092f\u0948\u092d\u0935\u0948\u0930\u0947\u093f\u092d: \u0938\u0935\u093f\u092e\u0926\u0902 \u091c\u0917\u0924\u094d\u0964\n\u092e\u094b\u093f\u0939\u0924\u0902 \u0928\u093e\u093f\u092d\u091c\u093e\u0928\u093e\u093f\u0924 \u092e\u093e\u092e\u0947\u092f: \u092a\u0930\u092e\u092f\u092f\u092e\u094d\u0965\u0967\u0969\u0965",
      "heading_level": null,
      "page_id": 0,
      "polygon": [
        [
          126.8525390625,
          131.87109375
        ],
        [
          438.5617370605469,
          131.87109375
        ],
        [
          438.5617370605469,
          180.70452880859375
        ],
        [
          126.8525390625,
          180.70452880859375
        ]
      ]
    },
    {
      "title": "\u0926\u0948\u0935\u0940 \u0947\u0937\u093e \u0917\u0941\u0923\u092e\u092f\u0940 \u092e\u092e \u092e\u093e\u092f\u093e \u0926\u0930\n\u0941\n\u092f\u092f\u093e\u0964\n\u092e\u093e\u092e\u0947\u0935 \u092f\u0947 \u092a\u0924\u0947 \u092e\u093e\u092f\u093e\u092e\u0947\u0924 \u0924\u0930\u093f\u0924 \u0924\u0947\u0965\u0967\u096a\u0965",
      "heading_level": null,
      "page_id": 0,
      "polygon": [
        [
          125.0595703125,
          467.9296875
        ],
        [
          430.2565612792969,
          467.9296875
        ],
        [
          430.2565612792969,
          513.7045593261719
        ],
        [
          125.0595703125,
          513.7045593261719
        ]
      ]
    }
  ],
  "page_stats": [
    {
      "page_id": 0,
      "text_extraction_method": "pdftext",
      "block_counts": [
        [
          "Span",
          171
        ],
        [
          "Line",
          34
        ],
        [
          "Text",
          6
        ],
        [
          "SectionHeader",
          2
        ]
      ],
      "block_metadata": {
        "llm_request_count": 0,
        "llm_error_count": 0,
        "llm_tokens_used": 0
      }
    }
  ],
  "debug_data_path": "debug_data/page-261"
}