{
  "table_of_contents": [
    {
      "title": "\u092f\u0926\u093e\u091a\u0930\u093f\u0924 \u0947\u0924\u0926\u0947\u0935\u0947\u0924\u0930\u094b \u091c\u0928:\u0964\n\u0938 \u092f\u092e\u093e\u0923\u0902 \u0915\u0941 \u0924\u0947 \u0932\u094b\u0915\u0924\u0926\u0928\u0941\u0935\u0924\u0924\u0947\u0965\u0968\u0967\u0965",
      "heading_level": null,
      "page_id": 0,
      "polygon": [
        [
          127.74610900878906,
          382.46484375
        ],
        [
          417.33526611328125,
          382.46484375
        ],
        [
          417.33526611328125,
          429.9320983886719
        ],
        [
          127.74610900878906,
          429.9320983886719
        ]
      ]
    },
    {
      "title": "\u0928 \u092e\u0947 \u092a\u093e\u0925\u093f\u0924 \u0915\u0924\u092f\u0902 \u093f\u0937\u0941 \u0932\u094b\u0915\u0947 \u0937\u0941 \u093f\u0915\u0902\u091a\u0928\u0964\n\u0928\u093e\u0928\u0935\u093e\u0924\u092e\u0935\u093e\u0924\u092f\u0902 \u0935\u0924 \u090f\u0935 \u091a \u0915\u092e\u093f\u0923\u0965\u0968\u0968\u0965",
      "heading_level": null,
      "page_id": 0,
      "polygon": [
        [
          127.52490234375,
          662.44921875
        ],
        [
          429.7269287109375,
          662.44921875
        ],
        [
          429.7269287109375,
          709.62890625
        ],
        [
          127.52490234375,
          709.62890625
        ]
      ]
    }
  ],
  "page_stats": [
    {
      "page_id": 0,
      "text_extraction_method": "pdftext",
      "block_counts": [
        [
          "Span",
          144
        ],
        [
          "Line",
          31
        ],
        [
          "Text",
          6
        ],
        [
          "SectionHeader",
          2
        ]
      ],
      "block_metadata": {
        "llm_request_count": 0,
        "llm_error_count": 0,
        "llm_tokens_used": 0
      }
    }
  ],
  "debug_data_path": "debug_data/page-131"
}