{
  "table_of_contents": [
    {
      "title": "\u0905\u093f\u092a \u091a\u0947\u0926\u093f\u0938 \u092a\u093e\u092a\u0947\u092f: \u0938\u0935\u092f: \u092a\u093e\u092a\u0915\u0943\n\u092e:\u0964\n\u0938\u0935\u0902 \u093e\u0928\u0932\u0935\u0947\u0928\u0935\u0948 \u0935\u0943\u093f\u091c\u0928\u0902 \u0938\u0924\u093f\u0930\u092f\u093f\u0938\u0965\u0969\u096c\u0965",
      "heading_level": null,
      "page_id": 0,
      "polygon": [
        [
          124.68603515625,
          303.9609375
        ],
        [
          420.4378967285156,
          303.9609375
        ],
        [
          420.4378967285156,
          350.75390625
        ],
        [
          124.68603515625,
          350.75390625
        ]
      ]
    },
    {
      "title": "\u092f\u0925\u0948\u0927\u093f\u0938 \u0938\u093f\u092e\u094b\u093d\u093f\u0928\u092d\u092e\u0938\u093e\u0915\u0941 \u0924\u0947\n\u093d\u091c\u0941\n\u0928\u0964\n\u093e\u0928\u093e\u093f\u0928: \u0938\u0935\u0915\u092e\u093f\u0923 \u092d\u092e\u0938\u093e\u0915\u0941 \u0924\u0947 \u0924\u0925\u093e\u0965\u0969\u096d\u0965",
      "heading_level": null,
      "page_id": 0,
      "polygon": [
        [
          126.10546875,
          598.640625
        ],
        [
          454.5100402832031,
          598.640625
        ],
        [
          454.5100402832031,
          647.4311218261719
        ],
        [
          126.10546875,
          647.4311218261719
        ]
      ]
    }
  ],
  "page_stats": [
    {
      "page_id": 0,
      "text_extraction_method": "pdftext",
      "block_counts": [
        [
          "Span",
          155
        ],
        [
          "Line",
          33
        ],
        [
          "Text",
          6
        ],
        [
          "SectionHeader",
          2
        ]
      ],
      "block_metadata": {
        "llm_request_count": 0,
        "llm_error_count": 0,
        "llm_tokens_used": 0
      }
    }
  ],
  "debug_data_path": "debug_data/page-184"
}