{
  "table_of_contents": [
    {
      "title": "\u092d\u0942\u0924: \u0938\u093e\u092e\u093e \u0928 \u0936\u094b\u091a\u093f\u0924 \u0928 \u0915\u093f\u0924\u0964\n\u0938\u092e: \u0938\u0935\u0937\u0941 \u092d\u0942\u0924\u0947\u0937\u0941 \u092e\u093f\u0924\u0902 \u0932\u092d\u0924\u0947 \u092a\u0930\u093e\u092e\u094d\u0965\u096b\u096a\u0965",
      "heading_level": null,
      "page_id": 0,
      "polygon": [
        [
          123.8642578125,
          405.66796875
        ],
        [
          436.4806823730469,
          405.66796875
        ],
        [
          436.4806823730469,
          451.30078125
        ],
        [
          123.8642578125,
          451.30078125
        ]
      ]
    }
  ],
  "page_stats": [
    {
      "page_id": 0,
      "text_extraction_method": "pdftext",
      "block_counts": [
        [
          "Span",
          147
        ],
        [
          "Line",
          33
        ],
        [
          "Text",
          3
        ],
        [
          "SectionHeader",
          1
        ]
      ],
      "block_metadata": {
        "llm_request_count": 0,
        "llm_error_count": 0,
        "llm_tokens_used": 0
      }
    }
  ],
  "debug_data_path": "debug_data/page-560"
}