{
  "table_of_contents": [
    {
      "title": "\u092f \u0915\u093e\u0932\u0947 \u0935\u0928\u093e\u0935\u0943\u093f\u092e\u093e\u0935\u0943\u093f\u0902 \u091a\u0948\u0935 \u092f\u094b\u093f\u0917\u0928:\u0964\n\u092f\u093e\u0924\u093e \u092f\u093e\u093f\u0924 \u0924\u0902 \u0915\u093e\u0932\u0902 \u0935\u092f\u093e\u093f\u092e \u092d\u0930\u0924\u0937\u092d\u0965\u0968\u0969\u0965",
      "heading_level": null,
      "page_id": 0,
      "polygon": [
        [
          125.208984375,
          69.8994140625
        ],
        [
          446.67779541015625,
          69.8994140625
        ],
        [
          446.67779541015625,
          116.20452880859375
        ],
        [
          125.208984375,
          116.20452880859375
        ]
      ]
    },
    {
      "title": "\u0905\u093f\u0928\u092f\u093f\u0924\u0930\u0939: \u0936\u0941\u0932: \u0937\u092e\u093e\u0938\u093e \u0909\u0930\u093e\u092f\u0923\u092e\u094d\u0964\n\u0924 \u092f\u093e\u0924\u093e \u0917\u091b\u093f\u0924  \u093f\u0935\u0926\u094b \u091c\u0928\u093e:\u0965\u0968\u096a\u0965",
      "heading_level": null,
      "page_id": 0,
      "polygon": [
        [
          126.10546875,
          448.59375
        ],
        [
          453.5401611328125,
          448.59375
        ],
        [
          453.5401611328125,
          492.7045593261719
        ],
        [
          126.10546875,
          492.7045593261719
        ]
      ]
    }
  ],
  "page_stats": [
    {
      "page_id": 0,
      "text_extraction_method": "pdftext",
      "block_counts": [
        [
          "Span",
          124
        ],
        [
          "Line",
          30
        ],
        [
          "Text",
          7
        ],
        [
          "SectionHeader",
          2
        ]
      ],
      "block_metadata": {
        "llm_request_count": 0,
        "llm_error_count": 0,
        "llm_tokens_used": 0
      }
    }
  ],
  "debug_data_path": "debug_data/page-287"
}