{
  "table_of_contents": [
    {
      "title": "SU1PKKNOKMA1. POWERS 321",
      "heading_level": null,
      "page_id": 0,
      "polygon": [
        [
          209.1796875,
          74.55698730424047
        ],
        [
          534.9488525390625,
          74.55698730424047
        ],
        [
          534.9488525390625,
          89.318603515625
        ],
        [
          209.1796875,
          89.318603515625
        ]
      ]
    }
  ],
  "page_stats": [
    {
      "page_id": 0,
      "text_extraction_method": "pdftext",
      "block_counts": [
        [
          "Span",
          604
        ],
        [
          "Line",
          37
        ],
        [
          "Text",
          4
        ],
        [
          "SectionHeader",
          1
        ],
        [
          "PageHeader",
          1
        ]
      ],
      "block_metadata": {
        "llm_request_count": 0,
        "llm_error_count": 0,
        "llm_tokens_used": 0
      }
    }
  ],
  "debug_data_path": "debug_data/page-343"
}