{
  "table_of_contents": [
    {
      "title": "ON pkaCtice 20 \\",
      "heading_level": null,
      "page_id": 0,
      "polygon": [
        [
          261.329345703125,
          72.61985351517797
        ],
        [
          545.3261108398438,
          72.61985351517797
        ],
        [
          545.3261108398438,
          87.49503662064672
        ],
        [
          261.329345703125,
          87.49503662064672
        ]
      ]
    },
    {
      "title": "",
      "heading_level": null,
      "page_id": 0,
      "polygon": [
        [
          66.966552734375,
          103.3485107421875
        ],
        [
          550.83984375,
          103.3485107421875
        ],
        [
          550.83984375,
          139.271240234375
        ],
        [
          66.966552734375,
          139.271240234375
        ]
      ]
    },
    {
      "title": "The Stcr Is Absolute Kvxower, Although Pure,\nModifications (Of Buddtii} Are Overseen By Him 20.",
      "heading_level": null,
      "page_id": 0,
      "polygon": [
        [
          100.23193359375,
          189.20658447220922
        ],
        [
          515.68603515625,
          189.20658447220922
        ],
        [
          515.68603515625,
          224.75260498002172
        ],
        [
          100.23193359375,
          224.75260498002172
        ]
      ]
    }
  ],
  "page_stats": [
    {
      "page_id": 0,
      "text_extraction_method": "pdftext",
      "block_counts": [
        [
          "Span",
          540
        ],
        [
          "Line",
          34
        ],
        [
          "Text",
          4
        ],
        [
          "SectionHeader",
          3
        ],
        [
          "TextInlineMath",
          1
        ],
        [
          "PageHeader",
          1
        ]
      ],
      "block_metadata": {
        "llm_request_count": 0,
        "llm_error_count": 0,
        "llm_tokens_used": 0
      }
    }
  ],
  "debug_data_path": "debug_data/page-223"
}