{
  "table_of_contents": [
    {
      "title": "\u0905\u0925 \u092f\u0935\u093f\u0925\u0924\u093e\u0928\u094d \u0926\n\u0943 \u0935\u093e \u0927\u093e\u0924\u0930\u093e\u093e\u0928\u094d \u0915\u093f\u092a\u0935\u091c:\u0964\n\u0935\u0943\n\u0947 \u0936\u0938\u0902\u092a\u093e\u0924\u0947 \u0927\u0928\u0941\u092f \u092a\u093e\u0921\u0935: \u0964\n\u0939\n\u0943\n\u0937\u0940\u0915\u0947 \u0936\u0902 \u0924\u0926\u093e \u0935\u093e\u092f\u093f\u092e\u0926\u092e\u093e\u0939 \u092e\u0939\u0940\u092a\u0924\u0947\u0965\u0968\u0966\u0965",
      "heading_level": null,
      "page_id": 0,
      "polygon": [
        [
          123.8642578125,
          69.029296875
        ],
        [
          461.3585510253906,
          69.029296875
        ],
        [
          461.3585510253906,
          150.77484130859375
        ],
        [
          123.8642578125,
          150.77484130859375
        ]
      ]
    },
    {
      "title": "Arjuna said:",
      "heading_level": null,
      "page_id": 0,
      "polygon": [
        [
          76.72412109375,
          242.859375
        ],
        [
          181.0662841796875,
          242.859375
        ],
        [
          181.0662841796875,
          263.9127197265625
        ],
        [
          76.72412109375,
          263.9127197265625
        ]
      ]
    },
    {
      "title": "\u0938\u0947\u0928\u092f\u094b\u092d\u092f\u094b\u092e\u092f\u0947 \u0930\u0925\u0902 \u0925\u093e\u092a\u092f \u092e\u0947\u093d\u092f\u0941\u0924\u0965\u0968\u0967\u0965",
      "heading_level": null,
      "page_id": 0,
      "polygon": [
        [
          127.74610900878906,
          263.7421875
        ],
        [
          430.8135681152344,
          263.7421875
        ],
        [
          430.8135681152344,
          289.265625
        ],
        [
          127.74610900878906,
          289.265625
        ]
      ]
    },
    {
      "title": "\u092f\u093e\u0935\u0926\u0947\u0924\u093e\u093f\u0930\u0940\u0947\u093d\u0939\u0902 \u092f\u094b\u0915\u093e\u092e\n\u0941\n\u093e\u0928\u0935\u093f\u0925\u0924\u093e\u0928\u094d\u0964\n\u0915\u0948 \u092e\u092f\u093e \u0938\u0939 \u092f\u094b\u092f\u092e\u093f\u092e\u0923\u0938\u092e\u0941\u092e\u0947\u0965\u0968\u0968\u0965",
      "heading_level": null,
      "page_id": 0,
      "polygon": [
        [
          126.404296875,
          344.1796875
        ],
        [
          407.5544128417969,
          344.1796875
        ],
        [
          407.5544128417969,
          391.359375
        ],
        [
          126.404296875,
          391.359375
        ]
      ]
    },
    {
      "title": "\u092f\u094b\u092f\u092e\u093e\u0928\u093e\u0928\u0935\u0947\n\u0947\u093d\u0939\u0902 \u092f \u090f\u0924\u0947\n\u093d \u0938\u092e\u093e\u0917\u0924\u093e:\u0964\n\u0927\u093e\u0924\u0930\u093e\u092f \u0926\u092c\n\u0941\n\u0941\n\u0947\u092f\u0941\n\u0947 \u093f\u092f\u093f\u091a\u0915\u0940\u0937\u0935:\u0965\u0968\u0969\u0965",
      "heading_level": null,
      "page_id": 0,
      "polygon": [
        [
          125.5078125,
          446.2734375
        ],
        [
          414.0221862792969,
          446.2734375
        ],
        [
          414.0221862792969,
          495.0
        ],
        [
          125.5078125,
          495.0
        ]
      ]
    }
  ],
  "page_stats": [
    {
      "page_id": 0,
      "text_extraction_method": "pdftext",
      "block_counts": [
        [
          "Span",
          157
        ],
        [
          "Line",
          40
        ],
        [
          "Text",
          6
        ],
        [
          "SectionHeader",
          5
        ]
      ],
      "block_metadata": {
        "llm_request_count": 0,
        "llm_error_count": 0,
        "llm_tokens_used": 0
      }
    }
  ],
  "debug_data_path": "debug_data/page-026"
}