{
  "table_of_contents": [
    {
      "title": "\u0935\u093e\u092f\u0941\u092f\u092e\u094b\u093d\u093f\u0928\u0935\u0923: \u0936\u0936\u093e:\n\u091c\u093e\u092a\u093f\u0924\u0935\u0902 \u093f\u092a\u0924\u093e\u092e\u0939\u0964\n\u0928\u092e\u094b \u0928\u092e\u0924\u0947\n\u093d\u0924\u0941 \u0938\u0939\u0915\u0943\n\u0935:\n\u092a\u0941\u0928 \u092d\u0942\u092f\u094b\u093d\u093f\u092a \u0928\u092e\u094b \u0928\u092e\u0924\u0947\u0965\u0969\u096f\u0965",
      "heading_level": null,
      "page_id": 0,
      "polygon": [
        [
          127.74610900878906,
          141.5390625
        ],
        [
          357.0232238769531,
          141.5390625
        ],
        [
          357.0232238769531,
          233.20452880859375
        ],
        [
          127.74610900878906,
          233.20452880859375
        ]
      ]
    },
    {
      "title": "\u0928\u092e: \u092a\u0941\u0930\u0924\u093e\u0926\u0925 \u092a\u0943\n\u0924\u0924\u0947\n\u0928\u092e\u094b\u093d\u0924\u0941 \u0924\u0947 \u0938\u0935\u0924 \u090f\u0935 \u0938\u0935\u0964\n\u0905\u0928\u0924\u0935\u0940\u092f\u093f\u092e\u0924\u093f\u0935\u092e\u0935\u0902\n\u0938\u0935\u0902 \u0938\u092e\u093e\u094b\u093f\u0937 \u0924\u0924\u094b\u093d\u093f\u0938 \u0938\u0935\n:\u0965\u096a\u0966\u0965",
      "heading_level": null,
      "page_id": 0,
      "polygon": [
        [
          127.74610900878906,
          564.99609375
        ],
        [
          366.8986511230469,
          564.99609375
        ],
        [
          366.8986511230469,
          655.1586608886719
        ],
        [
          127.74610900878906,
          655.1586608886719
        ]
      ]
    }
  ],
  "page_stats": [
    {
      "page_id": 0,
      "text_extraction_method": "pdftext",
      "block_counts": [
        [
          "Span",
          147
        ],
        [
          "Line",
          34
        ],
        [
          "Text",
          7
        ],
        [
          "SectionHeader",
          2
        ]
      ],
      "block_metadata": {
        "llm_request_count": 0,
        "llm_error_count": 0,
        "llm_tokens_used": 0
      }
    }
  ],
  "debug_data_path": "debug_data/page-360"
}