{
  "table_of_contents": [
    {
      "title": "3 1C YOGA PIfll-OSOT'HY OF FATaSJALJ",
      "heading_level": null,
      "page_id": 0,
      "polygon": [
        [
          67.9000015258789,
          67.16758300736547
        ],
        [
          438.115234375,
          67.16758300736547
        ],
        [
          438.115234375,
          82.6376953125
        ],
        [
          67.9000015258789,
          82.6376953125
        ]
      ]
    }
  ],
  "page_stats": [
    {
      "page_id": 0,
      "text_extraction_method": "pdftext",
      "block_counts": [
        [
          "Span",
          631
        ],
        [
          "Line",
          35
        ],
        [
          "Text",
          7
        ],
        [
          "SectionHeader",
          1
        ]
      ],
      "block_metadata": {
        "llm_request_count": 0,
        "llm_error_count": 0,
        "llm_tokens_used": 0
      }
    }
  ],
  "debug_data_path": "debug_data/page-338"
}