{
  "table_of_contents": [
    {
      "title": "ON PRACTICE 217",
      "heading_level": null,
      "page_id": 0,
      "polygon": [
        [
          244.6240234375,
          73.17985107377172
        ],
        [
          528.93896484375,
          73.17985107377172
        ],
        [
          528.93896484375,
          86.2864990234375
        ],
        [
          244.6240234375,
          86.2864990234375
        ]
      ]
    }
  ],
  "page_stats": [
    {
      "page_id": 0,
      "text_extraction_method": "pdftext",
      "block_counts": [
        [
          "Span",
          745
        ],
        [
          "Line",
          41
        ],
        [
          "Text",
          9
        ],
        [
          "SectionHeader",
          1
        ],
        [
          "PageHeader",
          1
        ]
      ],
      "block_metadata": {
        "llm_request_count": 0,
        "llm_error_count": 0,
        "llm_tokens_used": 0
      }
    }
  ],
  "debug_data_path": "debug_data/page-239"
}