{
  "table_of_contents": [
    {
      "title": "\u092a\u0941\u0937: \u0938 \u092a\u0930: \u092a\u093e\u0925 \u092d\u092f\u093e \u0932\u092f\u0935\u0928\u092f\u092f\u093e\u0964\n\u092f\u092f\u093e\u0924:\u0925\u093e\u093f\u0928 \u092d\u0942\u0924\u093e\u093f\u0928 \u092f\u0947\u0928 \u0938\u0935\u093f\u092e\u0926\u0902 \u0924\u0924\u092e\u094d\u0965\u0968\u0968\u0965",
      "heading_level": null,
      "page_id": 0,
      "polygon": [
        [
          127.001953125,
          233.384765625
        ],
        [
          459.4098815917969,
          233.384765625
        ],
        [
          459.4098815917969,
          278.20452880859375
        ],
        [
          127.001953125,
          278.20452880859375
        ]
      ]
    }
  ],
  "page_stats": [
    {
      "page_id": 0,
      "text_extraction_method": "pdftext",
      "block_counts": [
        [
          "Span",
          155
        ],
        [
          "Line",
          33
        ],
        [
          "Text",
          6
        ],
        [
          "SectionHeader",
          1
        ]
      ],
      "block_metadata": {
        "llm_request_count": 0,
        "llm_error_count": 0,
        "llm_tokens_used": 0
      }
    }
  ],
  "debug_data_path": "debug_data/page-286"
}