{
  "table_of_contents": [
    {
      "title": "\u0928 \u091a \u092e \u0924\u093e\u093f\u0928 \u0915\u092e\u093f\u0923 \u093f\u0928\u092c\u093f\u0924 \u0927\u0928\u092f\u0964\n\u0909\u0926\u093e\u0938\u0940\u0928\u0935\u0926\u093e\u0938\u0940\u0928\u092e\u0938\u0924\u0902 \u0924\u0947\u0937\u0941 \u0915\u092e\u0938\u0941\u0965\u096f\u0965",
      "heading_level": null,
      "page_id": 0,
      "polygon": [
        [
          125.43310546875,
          70.52783203125
        ],
        [
          418.167724609375,
          70.52783203125
        ],
        [
          418.167724609375,
          116.20477294921875
        ],
        [
          125.43310546875,
          116.20477294921875
        ]
      ]
    },
    {
      "title": "\u092e\u092f\u093e\u093d\u092f\u0947\u0923 \u0915\u0943\n\u093f\u0924: \u0938\u0942\u092f\u0924\u0947 \u0938\u091a\u0930\u093e\u091a\u0930\u092e\u094d\u0964\n\u0939\u0947\u0924\u0941\u0928\u093e\u093d\u0928\u0928\u0947 \u0915\u094c\u0924\u0947\u092f \u091c\u0917\u093f\u092a\u093f\u0930\u0935\u0924\u0924\u0947\u0965\u0967\u0966\u0965",
      "heading_level": null,
      "page_id": 0,
      "polygon": [
        [
          126.404296875,
          500.02734375
        ],
        [
          402.0113525390625,
          500.02734375
        ],
        [
          402.0113525390625,
          546.7050476074219
        ],
        [
          126.404296875,
          546.7050476074219
        ]
      ]
    }
  ],
  "page_stats": [
    {
      "page_id": 0,
      "text_extraction_method": "pdftext",
      "block_counts": [
        [
          "Span",
          103
        ],
        [
          "Line",
          32
        ],
        [
          "Text",
          6
        ],
        [
          "SectionHeader",
          2
        ]
      ],
      "block_metadata": {
        "llm_request_count": 0,
        "llm_error_count": 0,
        "llm_tokens_used": 0
      }
    }
  ],
  "debug_data_path": "debug_data/page-299"
}