{
  "table_of_contents": [
    {
      "title": "\u0938\u093e\u0926\u0947 \u0938\u0935\u0926:\n\u0941\n\u0916\u093e\u0928 \u0939\u093e\u093f\u0928\u0930\u092f\u094b\u092a\u091c\u093e\u092f\u0924\u0947\u0964\n\u0938\u091a\u0947\u0924\u0938\u094b \u093e\u0936\u0941 \u092c\u0941\u093f: \u092a\u092f\u0935\u093f\u0924\u0924\u0947\u0965\u096c\u096b\u0965",
      "heading_level": null,
      "page_id": 0,
      "polygon": [
        [
          127.1513671875,
          97.3564453125
        ],
        [
          418.2054748535156,
          97.3564453125
        ],
        [
          418.2054748535156,
          144.9228515625
        ],
        [
          127.1513671875,
          144.9228515625
        ]
      ]
    },
    {
      "title": "\u0928\u093e\u093f\u0924 \u092c\u0941\u093f\u0930\u092f\u0941\u0924\u092f \u0928 \u091a\u093e\u092f\u0941\u0924\u092f \u092d\u093e\u0935\u0928\u093e\u0964\n\u0928 \u091a\u093e\u092d\u093e\u0935\u092f\u0924: \u0936\u093e\u093f\u0924\u0930\u0936\u093e\u0924\u092f \u0915\u0941 \u0924: \u0938\u0941\u0916\u092e\u094d\u0965\u096c\u096c\u0965",
      "heading_level": null,
      "page_id": 0,
      "polygon": [
        [
          126.703125,
          494.61328125
        ],
        [
          469.058349609375,
          494.61328125
        ],
        [
          469.058349609375,
          540.24609375
        ],
        [
          126.703125,
          540.24609375
        ]
      ]
    }
  ],
  "page_stats": [
    {
      "page_id": 0,
      "text_extraction_method": "pdftext",
      "block_counts": [
        [
          "Span",
          145
        ],
        [
          "Line",
          33
        ],
        [
          "Text",
          7
        ],
        [
          "SectionHeader",
          2
        ]
      ],
      "block_metadata": {
        "llm_request_count": 0,
        "llm_error_count": 0,
        "llm_tokens_used": 0
      }
    }
  ],
  "debug_data_path": "debug_data/page-091"
}