{
  "table_of_contents": [
    {
      "title": "\u092f\u094b \u0928 \u0939\n\u0943\n\u092f\u093f\u0924 \u0928 \u0947\u093f \u0928 \u0936\u094b\u091a\u093f\u0924 \u0928 \u0915\u093f\u0924\u0964\n\u0936\u0941\u092d\u093e\u0936\u0941\u092d\u092a\u093f\u0930\u092f\u093e\u0917\u0940 \u092d\u093f\u0924\u092e\u093e\u0928\u094d \u092f: \u0938 \u092e\u0947 \u093f\u092f:\u0965\u0967\u096d\u0965",
      "heading_level": null,
      "page_id": 0,
      "polygon": [
        [
          124.611328125,
          320.58984375
        ],
        [
          469.4367370605469,
          320.58984375
        ],
        [
          469.4367370605469,
          368.2045593261719
        ],
        [
          124.611328125,
          368.2045593261719
        ]
      ]
    },
    {
      "title": "\u0938\u092e: \u0936\u094c \u091a \u093f\u092e\u0947 \u091a \u0924\u0925\u093e \u092e\u093e\u0928\u093e\u092a\u092e\u093e\u0928\u092f\u094b:\u0964\n\u0936\u0940\u0924\u094b\u0923\u0938\u0941\u0916\u0926:\n\u0941\n\u0916\u0947\u0937\u0941 \u0938\u092e: \u0938\u093f\u0935\u0935\u093f\u091c\u0924:\u0965\u0967\u096e\u0965",
      "heading_level": null,
      "page_id": 0,
      "polygon": [
        [
          125.208984375,
          576.2109375
        ],
        [
          427.9106140136719,
          576.2109375
        ],
        [
          427.9106140136719,
          622.6171875
        ],
        [
          125.208984375,
          622.6171875
        ]
      ]
    }
  ],
  "page_stats": [
    {
      "page_id": 0,
      "text_extraction_method": "pdftext",
      "block_counts": [
        [
          "Span",
          154
        ],
        [
          "Line",
          34
        ],
        [
          "Text",
          5
        ],
        [
          "SectionHeader",
          2
        ]
      ],
      "block_metadata": {
        "llm_request_count": 0,
        "llm_error_count": 0,
        "llm_tokens_used": 0
      }
    }
  ],
  "debug_data_path": "debug_data/page-383"
}