{
  "table_of_contents": [
    {
      "title": "CHAPTER 3",
      "heading_level": null,
      "page_id": 0,
      "polygon": [
        [
          220.99221801757812,
          94.166015625
        ],
        [
          396.44219970703125,
          94.166015625
        ],
        [
          396.44219970703125,
          126.42205810546875
        ],
        [
          220.99221801757812,
          126.42205810546875
        ]
      ]
    },
    {
      "title": "KARMA-YOG",
      "heading_level": null,
      "page_id": 0,
      "polygon": [
        [
          211.83987426757812,
          145.212890625
        ],
        [
          407.8298645019531,
          145.212890625
        ],
        [
          407.8298645019531,
          177.42205810546875
        ],
        [
          211.83987426757812,
          177.42205810546875
        ]
      ]
    },
    {
      "title": "\u0915\u092e\u092f\u094b\u0917\u0903",
      "heading_level": null,
      "page_id": 0,
      "polygon": [
        [
          252.70315551757812,
          203.4140625
        ],
        [
          366.36328125,
          203.4140625
        ],
        [
          366.36328125,
          240.92578125
        ],
        [
          252.70315551757812,
          240.92578125
        ]
      ]
    }
  ],
  "page_stats": [
    {
      "page_id": 0,
      "text_extraction_method": "pdftext",
      "block_counts": [
        [
          "Span",
          79
        ],
        [
          "Line",
          27
        ],
        [
          "SectionHeader",
          3
        ],
        [
          "Text",
          2
        ]
      ],
      "block_metadata": {
        "llm_request_count": 0,
        "llm_error_count": 0,
        "llm_tokens_used": 0
      }
    }
  ],
  "debug_data_path": "debug_data/page-111"
}