{
  "table_of_contents": [
    {
      "title": "ON CONGENTRATION 3'J",
      "heading_level": null,
      "page_id": 0,
      "polygon": [
        [
          226.466064453125,
          80.42478515580297
        ],
        [
          542.7093505859375,
          80.42478515580297
        ],
        [
          542.7093505859375,
          93.89872314408422
        ],
        [
          226.466064453125,
          93.89872314408422
        ]
      ]
    }
  ],
  "page_stats": [
    {
      "page_id": 0,
      "text_extraction_method": "pdftext",
      "block_counts": [
        [
          "Span",
          766
        ],
        [
          "Line",
          41
        ],
        [
          "Text",
          4
        ],
        [
          "SectionHeader",
          1
        ],
        [
          "TextInlineMath",
          1
        ],
        [
          "PageHeader",
          1
        ]
      ],
      "block_metadata": {
        "llm_request_count": 0,
        "llm_error_count": 0,
        "llm_tokens_used": 0
      }
    }
  ],
  "debug_data_path": "debug_data/page-055"
}