{
  "table_of_contents": [
    {
      "title": "tfiti YOGA PKILOSOPHY OF FATA^JAU",
      "heading_level": null,
      "page_id": 0,
      "polygon": [
        [
          66.95000457763672,
          63.029155272990465
        ],
        [
          435.791015625,
          63.029155272990465
        ],
        [
          435.791015625,
          79.68943359330297
        ],
        [
          66.95000457763672,
          79.68943359330297
        ]
      ]
    }
  ],
  "page_stats": [
    {
      "page_id": 0,
      "text_extraction_method": "pdftext",
      "block_counts": [
        [
          "Span",
          804
        ],
        [
          "Line",
          40
        ],
        [
          "Text",
          5
        ],
        [
          "SectionHeader",
          1
        ]
      ],
      "block_metadata": {
        "llm_request_count": 0,
        "llm_error_count": 0,
        "llm_tokens_used": 0
      }
    }
  ],
  "debug_data_path": "debug_data/page-202"
}