{
  "table_of_contents": [
    {
      "title": "92 YOGA PHILOSOPHY OK PATaSjJALI",
      "heading_level": null,
      "page_id": 0,
      "polygon": [
        [
          70.0989990234375,
          68.30124999955297
        ],
        [
          434.62890625,
          68.30124999955297
        ],
        [
          434.62890625,
          84.3336181640625
        ],
        [
          70.0989990234375,
          84.3336181640625
        ]
      ]
    },
    {
      "title": "faljW *T l| H",
      "heading_level": null,
      "page_id": 0,
      "polygon": [
        [
          105.8245849609375,
          618.6692919917405
        ],
        [
          306.50634765625,
          618.6692919917405
        ],
        [
          306.50634765625,
          639.72265625
        ],
        [
          105.8245849609375,
          639.72265625
        ]
      ]
    }
  ],
  "page_stats": [
    {
      "page_id": 0,
      "text_extraction_method": "pdftext",
      "block_counts": [
        [
          "Span",
          589
        ],
        [
          "Line",
          33
        ],
        [
          "Text",
          5
        ],
        [
          "SectionHeader",
          2
        ],
        [
          "PageHeader",
          1
        ]
      ],
      "block_metadata": {
        "llm_request_count": 0,
        "llm_error_count": 0,
        "llm_tokens_used": 0
      }
    }
  ],
  "debug_data_path": "debug_data/page-114"
}