{
  "table_of_contents": [
    {
      "title": "\u092f\u0926\u093e\u0928\u0924\u092a:\u0915\u092e \u0928 \u092f\u093e\u092f\u0902 \u0915\u093e\u092f\u092e\u0947\u0935 \u0924\u0924\u094d\u0964\n\u092f\u094b \u0926\u093e\u0928\u0902 \u0924\u092a\u0948\u0935 \u092a\u093e\u0935\u0928\u093e\u093f\u0928 \u092e\u0928\u0940\u093f\u0937\u0923\u093e\u092e\u094d\u0965\u096b\u0965",
      "heading_level": null,
      "page_id": 0,
      "polygon": [
        [
          123.78955078125,
          437.37890625
        ],
        [
          420.2676696777344,
          437.37890625
        ],
        [
          420.2676696777344,
          483.7045593261719
        ],
        [
          123.78955078125,
          483.7045593261719
        ]
      ]
    },
    {
      "title": "\u090f\u0924\u093e\u092f\u093f\u092a \u0924\u0941 \u0915\u092e\u093f\u0923 \u0938\u0902 \u092f\u0935\u093e \u092b\u0932\u093e\u093f\u0928 \u091a\u0964",
      "heading_level": null,
      "page_id": 0,
      "polygon": [
        [
          127.1513671875,
          691.06640625
        ],
        [
          440.26336669921875,
          691.06640625
        ],
        [
          440.26336669921875,
          715.04296875
        ],
        [
          127.1513671875,
          715.04296875
        ]
      ]
    }
  ],
  "page_stats": [
    {
      "page_id": 0,
      "text_extraction_method": "pdftext",
      "block_counts": [
        [
          "Span",
          167
        ],
        [
          "Line",
          32
        ],
        [
          "Text",
          5
        ],
        [
          "SectionHeader",
          2
        ]
      ],
      "block_metadata": {
        "llm_request_count": 0,
        "llm_error_count": 0,
        "llm_tokens_used": 0
      }
    }
  ],
  "debug_data_path": "debug_data/page-517"
}