{
  "table_of_contents": [
    {
      "title": "ON CONCENTRATION so",
      "heading_level": null,
      "page_id": 0,
      "polygon": [
        [
          220.80078125,
          74.05247070267797
        ],
        [
          538.3788452148438,
          74.05247070267797
        ],
        [
          538.3788452148438,
          87.76969482377172
        ],
        [
          220.80078125,
          87.76969482377172
        ]
      ]
    }
  ],
  "page_stats": [
    {
      "page_id": 0,
      "text_extraction_method": "pdftext",
      "block_counts": [
        [
          "Span",
          804
        ],
        [
          "Line",
          41
        ],
        [
          "Text",
          5
        ],
        [
          "SectionHeader",
          1
        ],
        [
          "PageHeader",
          1
        ]
      ],
      "block_metadata": {
        "llm_request_count": 0,
        "llm_error_count": 0,
        "llm_tokens_used": 0
      }
    }
  ],
  "debug_data_path": "debug_data/page-111"
}