{
  "table_of_contents": [
    {
      "title": "t&i VOCA PHILOSOPHY OF PATARjALI",
      "heading_level": null,
      "page_id": 0,
      "polygon": [
        [
          66.95000457763672,
          74.62955810502172
        ],
        [
          429.3994140625,
          74.62955810502172
        ],
        [
          429.3994140625,
          90.11454345658422
        ],
        [
          66.95000457763672,
          90.11454345658422
        ]
      ]
    }
  ],
  "page_stats": [
    {
      "page_id": 0,
      "text_extraction_method": "pdftext",
      "block_counts": [
        [
          "Span",
          787
        ],
        [
          "Line",
          39
        ],
        [
          "Text",
          5
        ],
        [
          "SectionHeader",
          1
        ]
      ],
      "block_metadata": {
        "llm_request_count": 0,
        "llm_error_count": 0,
        "llm_tokens_used": 0
      }
    }
  ],
  "debug_data_path": "debug_data/page-206"
}