{
  "table_of_contents": [
    {
      "title": "INTRODUCTION",
      "heading_level": null,
      "page_id": 0,
      "polygon": [
        [
          190.5029296875,
          92.3291015625
        ],
        [
          428.0239562988281,
          92.3291015625
        ],
        [
          428.0239562988281,
          128.4873046875
        ],
        [
          190.5029296875,
          128.4873046875
        ]
      ]
    }
  ],
  "page_stats": [
    {
      "page_id": 0,
      "text_extraction_method": "pdftext",
      "block_counts": [
        [
          "Span",
          101
        ],
        [
          "Line",
          31
        ],
        [
          "Text",
          2
        ],
        [
          "SectionHeader",
          1
        ]
      ],
      "block_metadata": {
        "llm_request_count": 0,
        "llm_error_count": 0,
        "llm_tokens_used": 0
      }
    }
  ],
  "debug_data_path": "debug_data/page-006"
}