{
  "table_of_contents": [
    {
      "title": "\u092f\u0902 \u092f\u0902 \u0935\u093e\u093f\u092a \u092e\u0930\u0928\u094d \u092d\u093e\u0935\u0902 \u092f\u091c\u092f\u0924\u0947 \u0915\u0932\u0947\u0935\u0930\u092e\u094d\u0964\n\u0924\u0902 \u0924\u092e\u0947\u0935\u0948\u093f\u0924 \u0915\u094c\u0924\u0947\u092f \u0938\u0926\u093e \u0924\u093e\u0935\u092d\u093e\u093f\u0935\u0924:\u0965\u096c\u0965",
      "heading_level": null,
      "page_id": 0,
      "polygon": [
        [
          123.416015625,
          140.2822265625
        ],
        [
          438.6942443847656,
          140.2822265625
        ],
        [
          438.6942443847656,
          189.0087890625
        ],
        [
          123.416015625,
          189.0087890625
        ]
      ]
    },
    {
      "title": "\u0924\u092e\u093e\u0924\u094d \u0938\u0935\u0937\u0941 \u0915\u093e\u0932\u0947\u0937\u0941 \u092e\u093e\u092e\u0928\u0941\u092e\u0930 \u092f\u0941\n\u092f \u091a\u0964\n\u092e\u092f\u093f\u092a\u0924\u092e\u0928\u094b\u092c\u0941\u093f\u092e\u092e\u0947\u0935\u0948\u092f\u092f\u0938\u0902\u0936\u092f:\u0965\u096d\u0965",
      "heading_level": null,
      "page_id": 0,
      "polygon": [
        [
          124.38720703125,
          459.03515625
        ],
        [
          417.4866027832031,
          459.03515625
        ],
        [
          417.4866027832031,
          503.89453125
        ],
        [
          124.38720703125,
          503.89453125
        ]
      ]
    }
  ],
  "page_stats": [
    {
      "page_id": 0,
      "text_extraction_method": "pdftext",
      "block_counts": [
        [
          "Span",
          150
        ],
        [
          "Line",
          32
        ],
        [
          "Text",
          7
        ],
        [
          "SectionHeader",
          2
        ]
      ],
      "block_metadata": {
        "llm_request_count": 0,
        "llm_error_count": 0,
        "llm_tokens_used": 0
      }
    }
  ],
  "debug_data_path": "debug_data/page-276"
}