{
  "table_of_contents": [
    {
      "title": "\u0930\u093e\u091c\u093f\u0935\u093e \u0930\u093e\u091c\u0917\u0941\u0902 \u092a\u093f\u0935\u093f\u092e\u0926\u092e\u0941\n\u092e\u092e\u094d\u0964\n\u092f\u093e\u0935\u0917\u092e\u0902 \u0927\u092f\u0902 \u0938\u0941\u0938\u0941\u0916\u0902 \u0915\u0924\u0941\n\u092e\u092f\u092f\u092e\u094d\u0965\u0968\u0965",
      "heading_level": null,
      "page_id": 0,
      "polygon": [
        [
          126.92724609375,
          340.119140625
        ],
        [
          413.4758605957031,
          340.119140625
        ],
        [
          413.4758605957031,
          386.912109375
        ],
        [
          126.92724609375,
          386.912109375
        ]
      ]
    }
  ],
  "page_stats": [
    {
      "page_id": 0,
      "text_extraction_method": "pdftext",
      "block_counts": [
        [
          "Span",
          126
        ],
        [
          "Line",
          35
        ],
        [
          "Text",
          5
        ],
        [
          "SectionHeader",
          1
        ]
      ],
      "block_metadata": {
        "llm_request_count": 0,
        "llm_error_count": 0,
        "llm_tokens_used": 0
      }
    }
  ],
  "debug_data_path": "debug_data/page-294"
}