{
  "table_of_contents": [
    {
      "title": "\u0948\u093f\u0935\u092e\u0941\u093e: \u0938\u0941\u0916\u0926\u0941:\u0916\u0938\u0902\u0948-\n\u0917\u091b\u092f\u092e\u0942\u0922\u093e: \u092a\u0926\u092e\u092f\u092f\u0902 \u0924\u0924\u094d\u0965\u096b\u0965",
      "heading_level": null,
      "page_id": 0,
      "polygon": [
        [
          76.0517578125,
          69.8994140625
        ],
        [
          351.02606201171875,
          69.8994140625
        ],
        [
          351.02606201171875,
          114.08203125
        ],
        [
          76.0517578125,
          114.08203125
        ]
      ]
    },
    {
      "title": "\u0928 \u0924\u093e\u0938\u092f\u0924\u0947 \u0938\u0942\u092f \u0928 \u0936\u0936\u093e\u094b \u0928 \u092a\u093e\u0935\u0915:\u0964\n\u092f\u0917\u0935\u093e \u0928 \u093f\u0928\u0935\u0924\u0924\u0947 \u0924\u093e\u092e \u092a\u0930\u092e\u0902 \u092e\u092e\u0965\u096c\u0965",
      "heading_level": null,
      "page_id": 0,
      "polygon": [
        [
          127.37548828125,
          470.63671875
        ],
        [
          418.3757629394531,
          470.63671875
        ],
        [
          418.3757629394531,
          516.7045593261719
        ],
        [
          127.37548828125,
          516.7045593261719
        ]
      ]
    }
  ],
  "page_stats": [
    {
      "page_id": 0,
      "text_extraction_method": "pdftext",
      "block_counts": [
        [
          "Span",
          182
        ],
        [
          "Line",
          32
        ],
        [
          "Text",
          5
        ],
        [
          "SectionHeader",
          2
        ]
      ],
      "block_metadata": {
        "llm_request_count": 0,
        "llm_error_count": 0,
        "llm_tokens_used": 0
      }
    }
  ],
  "debug_data_path": "debug_data/page-467"
}