{
  "table_of_contents": [
    {
      "title": "YOGA PHILOSOPHY OF PATA\u00d1JALI",
      "heading_level": null,
      "page_id": 0,
      "polygon": [
        [
          187.34256926952142,
          86.22439893143365
        ],
        [
          436.953125,
          86.22439893143365
        ],
        [
          436.953125,
          98.4149169921875
        ],
        [
          187.34256926952142,
          98.4149169921875
        ]
      ]
    },
    {
      "title": "\u092d\u093e\u0937\u094d\u092f\u092e-\u0938\u093e \u092a\u0941\u0928:-",
      "heading_level": null,
      "page_id": 0,
      "polygon": [
        [
          84.67884130982368,
          566.8317008014247
        ],
        [
          211.50390625,
          564.5823686553873
        ],
        [
          211.50390625,
          582.986328125
        ],
        [
          84.67884130982368,
          582.986328125
        ]
      ]
    }
  ],
  "page_stats": [
    {
      "page_id": 0,
      "text_extraction_method": "surya",
      "block_counts": [
        [
          "Line",
          33
        ],
        [
          "Span",
          33
        ],
        [
          "Text",
          6
        ],
        [
          "SectionHeader",
          2
        ]
      ],
      "block_metadata": {
        "llm_request_count": 0,
        "llm_error_count": 0,
        "llm_tokens_used": 0
      }
    }
  ],
  "debug_data_path": "debug_data/page-140"
}