{
  "table_of_contents": [
    {
      "title": "\u092e\u092f\u0947\u0935 \u092e\u0928 \u0906\u0927\u0935 \u092e\u093f\u092f \u092c\u0941\u093f\u0902 \u093f\u0928\u0935\u0947\u0936\u092f\u0964\n\u093f\u0928\u0935\u093f\u0938\u092f\u093f\u0938 \u092e\u092f\u0947\u0935 \u0905\u0924 \u090a\u0935\u0902 \u0928 \u0938\u0902\u0936\u092f:\u0965\u096e\u0965",
      "heading_level": null,
      "page_id": 0,
      "polygon": [
        [
          127.599609375,
          230.87109375
        ],
        [
          439.2995910644531,
          230.87109375
        ],
        [
          439.2995910644531,
          278.82421875
        ],
        [
          127.599609375,
          278.82421875
        ]
      ]
    },
    {
      "title": "\u0905\u0925 \u093f\u091a\u0902 \u0938\u092e\u093e\u0927\u093e\u0924\u0941\u0902 \u0928 \u0936\u094b\u093f\u0937 \u092e\u093f\u092f \u093f\u0925\u0930\u092e\u094d\u0964\n\u0905\u092f\u093e\u0938\u092f\u094b\u0917\u0947\u0928 \u0924\u0924\u094b \u092e\u093e\u093f\u092e\u091b\u093e\u0924\u0941\u0902 \u0927\u0928\u092f\u0965\u096f\u0965",
      "heading_level": null,
      "page_id": 0,
      "polygon": [
        [
          126.703125,
          484.171875
        ],
        [
          440.173828125,
          484.171875
        ],
        [
          440.173828125,
          532.125
        ],
        [
          126.703125,
          532.125
        ]
      ]
    }
  ],
  "page_stats": [
    {
      "page_id": 0,
      "text_extraction_method": "pdftext",
      "block_counts": [
        [
          "Span",
          157
        ],
        [
          "Line",
          30
        ],
        [
          "Text",
          6
        ],
        [
          "SectionHeader",
          2
        ]
      ],
      "block_metadata": {
        "llm_request_count": 0,
        "llm_error_count": 0,
        "llm_tokens_used": 0
      }
    }
  ],
  "debug_data_path": "debug_data/page-377"
}