{
  "table_of_contents": [
    {
      "title": "\u093f\u0935\u093f\u0935\u0924\u0938\u0947\u0935\u0940 \u0932\u0935\u093e\u0936\u0940 \u092f\u0924\u0935\u093e\u093e\u092f\u092e\u093e\u0928\u0938:\u0964\n\u092f\u093e\u0928\u092f\u094b\u0917\u092a\u0930\u094b \u093f\u0928\u092f\u0902 \u0935\u0948\u0930\u093e\u092f\u0902 \u0938\u092e\u0941\u092a\u093e\u093f\u0924:\u0965\u096b\u0968\u0965",
      "heading_level": null,
      "page_id": 0,
      "polygon": [
        [
          126.10546875,
          70.3828125
        ],
        [
          428.8945007324219,
          70.3828125
        ],
        [
          428.8945007324219,
          116.20452880859375
        ],
        [
          126.10546875,
          116.20452880859375
        ]
      ]
    },
    {
      "title": "\u0905\u0939\u0915\u093e\u0930 \u0902 \u0902 \u092c\u0932\u0902 \u0926\u092a\u0902 \u0915\u093e\u092e\u0902 \u094b\u0927\u0902 \u092a\u093f\u0930\u0939\u092e\u094d\u0964\n\u093f\u0935\u092e\u0941\n\u092f \u093f\u0928\u092e\u092e: \u0936\u093e\u0924\u094b \u092d\u0942\u092f\u093e\u092f \u0915\u092a\u0924\u0947\u0965\u096b\u0969\u0965",
      "heading_level": null,
      "page_id": 0,
      "polygon": [
        [
          125.6572265625,
          571.18359375
        ],
        [
          445.25390625,
          571.18359375
        ],
        [
          445.25390625,
          619.91015625
        ],
        [
          125.6572265625,
          619.91015625
        ]
      ]
    }
  ],
  "page_stats": [
    {
      "page_id": 0,
      "text_extraction_method": "pdftext",
      "block_counts": [
        [
          "Span",
          123
        ],
        [
          "Line",
          31
        ],
        [
          "Text",
          5
        ],
        [
          "SectionHeader",
          2
        ]
      ],
      "block_metadata": {
        "llm_request_count": 0,
        "llm_error_count": 0,
        "llm_tokens_used": 0
      }
    }
  ],
  "debug_data_path": "debug_data/page-559"
}