{
  "table_of_contents": [
    {
      "title": "ON PRACTICE 14*",
      "heading_level": null,
      "page_id": 0,
      "polygon": [
        [
          252.177734375,
          67.64493896439672
        ],
        [
          543.4000244140625,
          67.64493896439672
        ],
        [
          543.4000244140625,
          81.301513671875
        ],
        [
          252.177734375,
          81.301513671875
        ]
      ]
    },
    {
      "title": "",
      "heading_level": null,
      "page_id": 0,
      "polygon": [
        [
          103.13720703125,
          512.271484375
        ],
        [
          409.6435546875,
          512.271484375
        ],
        [
          409.6435546875,
          527.89453125
        ],
        [
          103.13720703125,
          527.89453125
        ]
      ]
    }
  ],
  "page_stats": [
    {
      "page_id": 0,
      "text_extraction_method": "pdftext",
      "block_counts": [
        [
          "Span",
          432
        ],
        [
          "Line",
          29
        ],
        [
          "Text",
          5
        ],
        [
          "SectionHeader",
          2
        ],
        [
          "TextInlineMath",
          1
        ],
        [
          "PageHeader",
          1
        ]
      ],
      "block_metadata": {
        "llm_request_count": 0,
        "llm_error_count": 0,
        "llm_tokens_used": 0
      }
    }
  ],
  "debug_data_path": "debug_data/page-167"
}