{
  "table_of_contents": [
    {
      "title": "\u0938\u0935\u093e\u0928\u0941\u092a\u093e \u0938\u0935\u092f \u093e \u092d\u0935\u093f\u0924 \u092d\u093e\u0930\u0924\u0964\n\u093e\u092e\u092f\u094b\u093d\u092f\u0902 \u092a\u0941\u0937\u094b \u092f\u094b \u092f: \u0938 \u090f\u0935 \u0938:\u0965\u0969\u0965",
      "heading_level": null,
      "page_id": 0,
      "polygon": [
        [
          126.5537109375,
          141.4423828125
        ],
        [
          450.4236755371094,
          141.4423828125
        ],
        [
          450.4236755371094,
          188.8154296875
        ],
        [
          126.5537109375,
          188.8154296875
        ]
      ]
    },
    {
      "title": "\u092f\u091c\u0924\u0947 \u0938\u093e\u093f\u0935\u0915\u093e \u0926\u0947\u0935\u093e\u092f\u0930\u093f\u0938 \u0930\u093e\u091c\u0938\u093e:\u0964\n\u0947\u0924\u093e\u092d\u0942\u0924\u0917\u0923\u093e\u092f\u0947 \u092f\u091c\u0924\u0947 \u0924\u093e\u092e\u0938\u093e \u091c\u0928\u093e:\u0965\u096a\u0965",
      "heading_level": null,
      "page_id": 0,
      "polygon": [
        [
          126.5537109375,
          493.06640625
        ],
        [
          430.2376708984375,
          493.06640625
        ],
        [
          430.2376708984375,
          539.47265625
        ],
        [
          126.5537109375,
          539.47265625
        ]
      ]
    }
  ],
  "page_stats": [
    {
      "page_id": 0,
      "text_extraction_method": "pdftext",
      "block_counts": [
        [
          "Span",
          157
        ],
        [
          "Line",
          31
        ],
        [
          "Text",
          7
        ],
        [
          "SectionHeader",
          2
        ]
      ],
      "block_metadata": {
        "llm_request_count": 0,
        "llm_error_count": 0,
        "llm_tokens_used": 0
      }
    }
  ],
  "debug_data_path": "debug_data/page-497"
}