{
  "table_of_contents": [
    {
      "title": "\u090f\u0935\u0902 \u092c\u0941\u0947\n: \u092a\u0930\u0902 \u092c\u0941\u0935\u093e \u0938\u0902\u0924\u092f\u093e\u092e\u093e\u0928\u092e\u093e\u092e\u0928\u093e\u0964\n\u091c\u093f\u0939 \u0936\u0941\u0902 \u092e\u0939\u093e\u092c\u093e\u0939\u094b \u0915\u093e\u092e\u092a\u0902 \u0926\u0930\n\u0941\n\u093e\u0938\u0926\u092e\u094d\u0965\u096a\u0969\u0965",
      "heading_level": null,
      "page_id": 0,
      "polygon": [
        [
          124.4619140625,
          224.876953125
        ],
        [
          430.7105712890625,
          224.876953125
        ],
        [
          430.7105712890625,
          271.669921875
        ],
        [
          124.4619140625,
          271.669921875
        ]
      ]
    },
    {
      "title": "FOOTNOTES AND REFERENCES",
      "heading_level": null,
      "page_id": 0,
      "polygon": [
        [
          187.06640625,
          545.2734375
        ],
        [
          427.32421875,
          545.2734375
        ],
        [
          427.32421875,
          563.8359375
        ],
        [
          187.06640625,
          563.8359375
        ]
      ]
    }
  ],
  "page_stats": [
    {
      "page_id": 0,
      "text_extraction_method": "pdftext",
      "block_counts": [
        [
          "Span",
          141
        ],
        [
          "Line",
          33
        ],
        [
          "ListItem",
          4
        ],
        [
          "Text",
          3
        ],
        [
          "SectionHeader",
          2
        ],
        [
          "ListGroup",
          1
        ]
      ],
      "block_metadata": {
        "llm_request_count": 0,
        "llm_error_count": 0,
        "llm_tokens_used": 0
      }
    }
  ],
  "debug_data_path": "debug_data/page-143"
}