{
  "table_of_contents": [
    {
      "title": "\u0907\u093f\u0924 \u092e \u092f\u094b\u093d\u093f\u092d\u091c\u093e\u0928\u093e\u093f\u0924 \u0915\u092e\u093f\u092d\u0928 \u0938 \u092c\u092f\u0924\u0947\u0965\u0967\u096a\u0965",
      "heading_level": null,
      "page_id": 0,
      "polygon": [
        [
          126.2548828125,
          67.72412109375
        ],
        [
          456.9883728027344,
          67.72412109375
        ],
        [
          456.9883728027344,
          93.70452880859375
        ],
        [
          126.2548828125,
          93.70452880859375
        ]
      ]
    },
    {
      "title": "\u090f\u0935\u0902 \u093e\u0935\u093e \u0915\u0943 \u0924\u0902 \u0915\u092e \u092a\u0942\u0935\u0930\u093f\u092a \u092e\u0941\u092e\u0941\u0941\u093f\u092d:\u0964\n\u0915\u0941  \u0915\u092e\u0935 \u0924\u092e\u093e\u0935\u0902 \u092a\u0942\u0935\n: \u092a\u0942\u0935\u0924\u0930\u0902 \u0915\u0943 \u0924\u092e\u094d\u0965\u0967\u096b\u0965",
      "heading_level": null,
      "page_id": 0,
      "polygon": [
        [
          123.8642578125,
          391.552734375
        ],
        [
          448.0399169921875,
          391.552734375
        ],
        [
          448.0399169921875,
          438.5390625
        ],
        [
          123.8642578125,
          438.5390625
        ]
      ]
    }
  ],
  "page_stats": [
    {
      "page_id": 0,
      "text_extraction_method": "pdftext",
      "block_counts": [
        [
          "Span",
          163
        ],
        [
          "Line",
          32
        ],
        [
          "Text",
          4
        ],
        [
          "SectionHeader",
          2
        ]
      ],
      "block_metadata": {
        "llm_request_count": 0,
        "llm_error_count": 0,
        "llm_tokens_used": 0
      }
    }
  ],
  "debug_data_path": "debug_data/page-160"
}