{
  "table_of_contents": [
    {
      "title": "\u0915\u0924\u092f\u093e\u0928\u0940\u093f\u0924 \u092e\u0947 \u092a\u093e\u0925 \u093f\u0928\u093f\u0924\u0902 \u092e\u0924\u092e\u0941\n\u092e\u092e\u094d\u0965\u096c\u0965",
      "heading_level": null,
      "page_id": 0,
      "polygon": [
        [
          126.5537109375,
          69.029296875
        ],
        [
          428.5538635253906,
          69.029296875
        ],
        [
          428.5538635253906,
          93.70477294921875
        ],
        [
          126.5537109375,
          93.70477294921875
        ]
      ]
    }
  ],
  "page_stats": [
    {
      "page_id": 0,
      "text_extraction_method": "pdftext",
      "block_counts": [
        [
          "Span",
          138
        ],
        [
          "Line",
          34
        ],
        [
          "Text",
          5
        ],
        [
          "SectionHeader",
          1
        ]
      ],
      "block_metadata": {
        "llm_request_count": 0,
        "llm_error_count": 0,
        "llm_tokens_used": 0
      }
    }
  ],
  "debug_data_path": "debug_data/page-518"
}