{
  "table_of_contents": [
    {
      "title": "\u0926:\n\u0941\n\u0916\u0947\u0935\u0928\u0941\u093f\u0928\u092e\u0928\u093e: \u0938\u0941\u0916\u0947\u0937\u0941 \u093f\u0935\u0917\u0924\u092a\u0943\u0939:\u0964\n\u0935\u0940\u0924\u0930\u093e\u0917\u092d\u092f\u094b\u0927: \u093f\u0925\u0924\u0927\u0940\u092e\u0941\n\u093f\u0928\u092f\u0924\u0947\u0965\u096b\u096c\u0965",
      "heading_level": null,
      "page_id": 0,
      "polygon": [
        [
          126.47900390625,
          133.8046875
        ],
        [
          413.68402099609375,
          133.8046875
        ],
        [
          413.68402099609375,
          180.70452880859375
        ],
        [
          126.47900390625,
          180.70452880859375
        ]
      ]
    },
    {
      "title": "\u092f: \u0938\u0935\u093e\u0928\u093f\u092d\u0928\u0939\u0947 \u0924\u093e\u092f \u0936\u0941\u092d\u093e\u0936\u0941\u092d\u092e\u094d\u0964\n\u0928\u093e\u093f\u092d\u0928\u0926\u093f\u0924 \u0928 \u0947\u093f \u0924\u092f \u093e \u093f\u0924\u093f\u0924\u093e\u0965\u096b\u096d\u0965",
      "heading_level": null,
      "page_id": 0,
      "polygon": [
        [
          125.6572265625,
          426.1640625
        ],
        [
          457.4424743652344,
          426.1640625
        ],
        [
          457.4424743652344,
          471.0234375
        ],
        [
          125.6572265625,
          471.0234375
        ]
      ]
    }
  ],
  "page_stats": [
    {
      "page_id": 0,
      "text_extraction_method": "pdftext",
      "block_counts": [
        [
          "Span",
          145
        ],
        [
          "Line",
          35
        ],
        [
          "Text",
          6
        ],
        [
          "SectionHeader",
          2
        ]
      ],
      "block_metadata": {
        "llm_request_count": 0,
        "llm_error_count": 0,
        "llm_tokens_used": 0
      }
    }
  ],
  "debug_data_path": "debug_data/page-086"
}