{
  "table_of_contents": [
    {
      "title": "JGO VOGA l>mr,OSOPHV OF PATAjXJALJ",
      "heading_level": null,
      "page_id": 0,
      "polygon": [
        [
          60.95000076293945,
          72.31779052689672
        ],
        [
          421.2646484375,
          72.31779052689672
        ],
        [
          421.2646484375,
          87.2115478515625
        ],
        [
          60.95000076293945,
          87.2115478515625
        ]
      ]
    }
  ],
  "page_stats": [
    {
      "page_id": 0,
      "text_extraction_method": "pdftext",
      "block_counts": [
        [
          "Span",
          748
        ],
        [
          "Line",
          39
        ],
        [
          "Text",
          5
        ],
        [
          "SectionHeader",
          1
        ],
        [
          "PageHeader",
          1
        ]
      ],
      "block_metadata": {
        "llm_request_count": 0,
        "llm_error_count": 0,
        "llm_tokens_used": 0
      }
    }
  ],
  "debug_data_path": "debug_data/page-322"
}