{
  "table_of_contents": [
    {
      "title": "\u092f\u093f\u0926 \u0939\u0902 \u0928 \u0935\u0924\u092f\u0902 \u091c\u093e\u0924\u0941 \u0915\u092e\u092f\u0924\u093f\u0924:\u0964\n\u092e\u092e \u0935\u092e\u0928\u0941\u0935\u0924\u0924\u0947 \u092e\u0928\u0941\n\u092f\u093e: \u092a\u093e\u0925 \u0938\u0935\u0936:\u0965\u0968\u0969\u0965",
      "heading_level": null,
      "page_id": 0,
      "polygon": [
        [
          125.6572265625,
          232.03125
        ],
        [
          431.883544921875,
          232.03125
        ],
        [
          431.883544921875,
          278.20452880859375
        ],
        [
          125.6572265625,
          278.20452880859375
        ]
      ]
    },
    {
      "title": "\u0909\u0938\u0940\u0926\u0947\u092f\u0941\u093f\u0930\u092e\u0947 \u0932\u094b\u0915\u093e \u0928 \u0915\u0941 \u092f \u0915\u092e \u091a\u0947\u0926\u0939\u092e\u094d\u0964\n\u0938\u0930\u092f \u091a \u0915\u0924 \u092f\u093e\u092e\u0941\u092a\u0939\u092f\u093e\u093f\u092e\u092e\u093e: \u091c\u093e:\u0965\u0968\u096a\u0965",
      "heading_level": null,
      "page_id": 0,
      "polygon": [
        [
          125.3583984375,
          458.26171875
        ],
        [
          456.7802734375,
          458.26171875
        ],
        [
          456.7802734375,
          503.2045593261719
        ],
        [
          125.3583984375,
          503.2045593261719
        ]
      ]
    }
  ],
  "page_stats": [
    {
      "page_id": 0,
      "text_extraction_method": "pdftext",
      "block_counts": [
        [
          "Span",
          175
        ],
        [
          "Line",
          32
        ],
        [
          "Text",
          7
        ],
        [
          "SectionHeader",
          2
        ]
      ],
      "block_metadata": {
        "llm_request_count": 0,
        "llm_error_count": 0,
        "llm_tokens_used": 0
      }
    }
  ],
  "debug_data_path": "debug_data/page-132"
}