{
  "table_of_contents": [
    {
      "title": "\u092f\u094b\u0917\u0938\u0902\u092f\u0924\u0915\u092e\u0923\u0902 \u093e\u0928\u0938\u0902\u093f\u091b\u0938\u0902\u0936\u092f\u092e\u094d\u0964\n\u0906\u092e\u0935\u0924\u0902 \u0928 \u0915\u092e\u093f\u0923 \u093f\u0928\u092c\u093f\u0924 \u0927\u0928\u092f\u0965\u096a\u0967\u0965",
      "heading_level": null,
      "page_id": 0,
      "polygon": [
        [
          127.30078125,
          311.115234375
        ],
        [
          437.783203125,
          311.115234375
        ],
        [
          437.783203125,
          357.7045593261719
        ],
        [
          127.30078125,
          357.7045593261719
        ]
      ]
    }
  ],
  "page_stats": [
    {
      "page_id": 0,
      "text_extraction_method": "pdftext",
      "block_counts": [
        [
          "Span",
          122
        ],
        [
          "Line",
          32
        ],
        [
          "Text",
          7
        ],
        [
          "SectionHeader",
          1
        ]
      ],
      "block_metadata": {
        "llm_request_count": 0,
        "llm_error_count": 0,
        "llm_tokens_used": 0
      }
    }
  ],
  "debug_data_path": "debug_data/page-187"
}