{
  "table_of_contents": [
    {
      "title": "\u0936\u094c\u092f\u0902 \u0924\u0947\u091c\u094b \u0927\u0943\u093f\u0924\u0926\u092f\u0902 \u092f\u0941\u0947 \u091a\u093e\u092f\u092a\u0932\u093e\u092f\u0928\u092e\u094d\u0964\n\u0926\u093e\u0928\u092e\u0940\u0930\u092d\u093e\u0935 \u0915\u092e \u0935\u092d\u093e\u0935\u091c\u092e\u094d\u0965\u096a\u0969\u0965",
      "heading_level": null,
      "page_id": 0,
      "polygon": [
        [
          126.5537109375,
          223.13671875
        ],
        [
          413.62725830078125,
          223.13671875
        ],
        [
          413.62725830078125,
          270.70452880859375
        ],
        [
          126.5537109375,
          270.70452880859375
        ]
      ]
    },
    {
      "title": "\u0915\u0943\n\u093f\u0937\u0917\u094c\u0930\u092f\u0935\u093e\u093f\u0923\u092f\u0902 \u0935\u0948\u092f\u0915\u092e \u0935\u092d\u093e\u0935\u091c\u092e\u094d\u0964\n\u092a\u093f\u0930\u091a\u092f\u092e\u0915\u0902 \u0915\u092e\u0936\u0942\u092f\u093e\u093f\u092a \u0935\u092d\u093e\u0935\u091c\u092e\u094d\u0965\u096a\u096a\u0965",
      "heading_level": null,
      "page_id": 0,
      "polygon": [
        [
          125.58251953125,
          530.578125
        ],
        [
          432.3943786621094,
          530.578125
        ],
        [
          432.3943786621094,
          578.53125
        ],
        [
          125.58251953125,
          578.53125
        ]
      ]
    }
  ],
  "page_stats": [
    {
      "page_id": 0,
      "text_extraction_method": "pdftext",
      "block_counts": [
        [
          "Span",
          152
        ],
        [
          "Line",
          32
        ],
        [
          "Text",
          5
        ],
        [
          "SectionHeader",
          2
        ]
      ],
      "block_metadata": {
        "llm_request_count": 0,
        "llm_error_count": 0,
        "llm_tokens_used": 0
      }
    }
  ],
  "debug_data_path": "debug_data/page-545"
}