{
  "table_of_contents": [
    {
      "title": "\u092f\u093f\u0936\u093e\u093f\u0936\u0928: \u0938\u0924\u094b \u092e\u0941\n\u092f\u0924\u0947 \u0938\u0935\u093f\u0915\u093f\u092c\u0937\u0948\n:\u0964\n\u092d\u0941\u0924\u0947 \u0924\u0947 \u0935\u0918\u0902 \u092a\u093e\u092a\u093e \u092f\u0947 \u092a\u091a\u092f\u093e\u092e\u0915\u093e\u0930\u0923\u093e\u0924\u094d\u0965\u0967\u0969\u0965",
      "heading_level": null,
      "page_id": 0,
      "polygon": [
        [
          127.1513671875,
          151.6904296875
        ],
        [
          462.4936218261719,
          151.6904296875
        ],
        [
          462.4936218261719,
          200.126953125
        ],
        [
          127.1513671875,
          200.126953125
        ]
      ]
    },
    {
      "title": "\u0905\u093e\u0935\u093f\u0924 \u092d\u0942\u0924\u093e\u093f\u0928 \u092a\u091c\u092f\u093e\u0926\u0938\u092d\u0935:\u0964\n\u092f\u093e\u0935\u093f\u0924 \u092a\u091c\u092f\u094b \u092f: \u0915\u092e\u0938\u092e\u0941\u0935:\u0965\u0967\u096a\u0965",
      "heading_level": null,
      "page_id": 0,
      "polygon": [
        [
          126.703125,
          522.45703125
        ],
        [
          422.36688232421875,
          522.45703125
        ],
        [
          422.36688232421875,
          568.86328125
        ],
        [
          126.703125,
          568.86328125
        ]
      ]
    }
  ],
  "page_stats": [
    {
      "page_id": 0,
      "text_extraction_method": "pdftext",
      "block_counts": [
        [
          "Span",
          149
        ],
        [
          "Line",
          33
        ],
        [
          "Text",
          6
        ],
        [
          "SectionHeader",
          2
        ]
      ],
      "block_metadata": {
        "llm_request_count": 0,
        "llm_error_count": 0,
        "llm_tokens_used": 0
      }
    }
  ],
  "debug_data_path": "debug_data/page-126"
}