{
  "table_of_contents": [
    {
      "title": "\u0938\u0939\u092f\u0941\u0917\u092a\u092f\u0924\u092e\u0939\u092f\u0923\u094b \u093f\u0935\u0926:\n\u0941 \u0964\n\u0930\u093e\u093f\u0902 \u092f\u0941\u0917\u0938\u0939\u093e\u0924 \u0924\u0947\n\u093d\u0939\u094b\u0930\u093e\u093f\u0935\u0926\u094b \u091c\u0928\u093e:\u0965\u0967\u096d\u0965",
      "heading_level": null,
      "page_id": 0,
      "polygon": [
        [
          127.74610900878906,
          258.521484375
        ],
        [
          441.21038818359375,
          258.521484375
        ],
        [
          441.21038818359375,
          303.7045593261719
        ],
        [
          127.74610900878906,
          303.7045593261719
        ]
      ]
    },
    {
      "title": "\u0905\u092f\u0924\u093e\u092f\u0924\u092f: \u0938\u0935: \u092d\u0935\u092f\u0939\u0930\u093e\u0917\u092e\u0947\u0964\n\u0930\u093e\u092f\u093e\u0917\u092e\u0947 \u0932\u0940\u092f\u0924\u0947 \u0924\u0948\u0935\u093e\u092f\u0924\u0938\u0902\u0915\u0947 \u0965\u0967\u096e\u0965",
      "heading_level": null,
      "page_id": 0,
      "polygon": [
        [
          125.3583984375,
          591.6796875
        ],
        [
          422.7648620605469,
          591.6796875
        ],
        [
          422.7648620605469,
          636.7045593261719
        ],
        [
          125.3583984375,
          636.7045593261719
        ]
      ]
    }
  ],
  "page_stats": [
    {
      "page_id": 0,
      "text_extraction_method": "pdftext",
      "block_counts": [
        [
          "Span",
          150
        ],
        [
          "Line",
          32
        ],
        [
          "Text",
          7
        ],
        [
          "SectionHeader",
          2
        ]
      ],
      "block_metadata": {
        "llm_request_count": 0,
        "llm_error_count": 0,
        "llm_tokens_used": 0
      }
    }
  ],
  "debug_data_path": "debug_data/page-283"
}