{
  "table_of_contents": [
    {
      "title": "CENTRAL LIBRARY",
      "heading_level": null,
      "page_id": 0,
      "polygon": [
        [
          281.375732421875,
          4.4517974853515625
        ],
        [
          312.89794921875,
          4.4517974853515625
        ],
        [
          312.89794921875,
          30.990458983927965
        ],
        [
          281.375732421875,
          30.990458983927965
        ]
      ]
    },
    {
      "title": "INTRODUCTORY",
      "heading_level": null,
      "page_id": 0,
      "polygon": [
        [
          214.11865234375,
          142.67307617142797
        ],
        [
          371.875,
          142.67307617142797
        ],
        [
          371.875,
          162.19189453125
        ],
        [
          214.11865234375,
          162.19189453125
        ]
      ]
    },
    {
      "title": "fntffan Philosophy of Sdvation",
      "heading_level": null,
      "page_id": 0,
      "polygon": [
        [
          192.0,
          207.59684326127172
        ],
        [
          398.603515625,
          207.59684326127172
        ],
        [
          398.603515625,
          222.01171875
        ],
        [
          192.0,
          222.01171875
        ]
      ]
    }
  ],
  "page_stats": [
    {
      "page_id": 0,
      "text_extraction_method": "pdftext",
      "block_counts": [
        [
          "Span",
          786
        ],
        [
          "Line",
          36
        ],
        [
          "SectionHeader",
          3
        ],
        [
          "Text",
          3
        ]
      ],
      "block_metadata": {
        "llm_request_count": 0,
        "llm_error_count": 0,
        "llm_tokens_used": 0
      }
    }
  ],
  "debug_data_path": "debug_data/page-013"
}