{
  "table_of_contents": [
    {
      "title": "\u0905\u0925 \u091a\u0948\u0928\u0902 \u093f\u0928\u092f\u091c\u093e\u0924\u0902 \u093f\u0928\u092f\u0902 \u0935\u093e \u092e\u092f\u0938\u0947 \u092e\u0943\u0924\u092e\u094d\u0964\n\u0924\u0925\u093e\u093f\u092a \u0935\u0902 \u092e\u0939\u093e\u092c\u093e\u0939\u094b \u0928\u0935\u0948 \u0902 \u0936\u094b\u093f\u091a\u0924\u0941\u092e\u0939\u093f\u0938\u0965\u0968\u096c\u0965",
      "heading_level": null,
      "page_id": 0,
      "polygon": [
        [
          126.5537109375,
          114.9521484375
        ],
        [
          431.9592590332031,
          114.9521484375
        ],
        [
          431.9592590332031,
          162.7119140625
        ],
        [
          126.5537109375,
          162.7119140625
        ]
      ]
    },
    {
      "title": "\u091c\u093e\u0924\u092f \u093f\u0939 \u0941\u0935\u094b \u092e\u0943\n\u092f\u0941\u0941\n\u0935\u0902 \u091c\u092e \u092e\u0943\u0924\u092f \u091a\u0964\n\u0924\u092e\u093e\u0926\u092a\u093f\u0930\u0939\u093e\u092f\u093d\u0925 \u0928 \u0935\u0902 \u0936\u094b\u093f\u091a\u0924\u0941\u092e\u0939\u093f\u0938\u0965\u0968\u096d\u0965",
      "heading_level": null,
      "page_id": 0,
      "polygon": [
        [
          124.08837890625,
          443.56640625
        ],
        [
          429.4241638183594,
          443.56640625
        ],
        [
          429.4241638183594,
          488.42578125
        ],
        [
          124.08837890625,
          488.42578125
        ]
      ]
    },
    {
      "title": "\u0905\u092f\u0924\u093e\u0926\u0940\u093f\u0928 \u092d\u0942\u0924\u093e\u093f\u0928 \u092f\u0924\u092e\u092f\u093e\u093f\u0928 \u092d\u093e\u0930\u0924\u0964",
      "heading_level": null,
      "page_id": 0,
      "polygon": [
        [
          127.001953125,
          677.91796875
        ],
        [
          415.2920837402344,
          677.91796875
        ],
        [
          415.2920837402344,
          701.89453125
        ],
        [
          127.001953125,
          701.89453125
        ]
      ]
    }
  ],
  "page_stats": [
    {
      "page_id": 0,
      "text_extraction_method": "pdftext",
      "block_counts": [
        [
          "Span",
          172
        ],
        [
          "Line",
          33
        ],
        [
          "Text",
          6
        ],
        [
          "SectionHeader",
          3
        ]
      ],
      "block_metadata": {
        "llm_request_count": 0,
        "llm_error_count": 0,
        "llm_tokens_used": 0
      }
    }
  ],
  "debug_data_path": "debug_data/page-068"
}