{
  "table_of_contents": [
    {
      "title": "\u0928 \u092e \u0926\n\u0941\n\u0915\u0943\n\u093f\u0924\u0928\u094b \u092e\u0942\u0922\u093e: \u092a\u0924\u0947 \u0928\u0930\u093e\u0927\u092e\u093e:\u0964\n\u092e\u093e\u092f\u092f\u093e\u093d\u092a\u0939\n\u0943\n\u0924\u093e\u0928\u093e \u0906\u0938\u0941\u0930\u0902 \u092d\u093e\u0935\u092e\u093e\u093f\u0924\u093e:\u0965\u0967\u096b\u0965",
      "heading_level": null,
      "page_id": 0,
      "polygon": [
        [
          124.3125,
          161.1650390625
        ],
        [
          423.5972900390625,
          161.1650390625
        ],
        [
          423.5972900390625,
          207.77484130859375
        ],
        [
          124.3125,
          207.77484130859375
        ]
      ]
    },
    {
      "title": "\u091a\u0924\u0941\u093f\u0935\u0927\u093e \u092d\u091c\u0924\u0947 \u092e \u091c\u0928\u093e: \u0938\u0941\u0915\u0943\n\u093f\u0924\u0928\u094b\u093d\u091c\u0941\n\u0928\u0964\n\u0906\u0924 \u093f\u091c\u093e\u0938\u0941\u0930\u0925\u0925 \u093e\u0928\u0940 \u091a \u092d\u0930\u0924\u0937\u092d\u0965\u0967\u096c\u0965",
      "heading_level": null,
      "page_id": 0,
      "polygon": [
        [
          125.0595703125,
          395.2265625
        ],
        [
          437.06719970703125,
          395.2265625
        ],
        [
          437.06719970703125,
          441.7045593261719
        ],
        [
          125.0595703125,
          441.7045593261719
        ]
      ]
    },
    {
      "title": "\u0924\u0947\u0937 \u093e\u0928\u0940 \u093f\u0928\u092f\u092f\u0941\u0924 \u090f\u0915\u092d\u093f\u0924\u093f\u0935\u093f\u0936\u092f\u0924\u0947\u0964",
      "heading_level": null,
      "page_id": 0,
      "polygon": [
        [
          125.806640625,
          683.71875
        ],
        [
          409.6922302246094,
          683.71875
        ],
        [
          409.6922302246094,
          709.2421875
        ],
        [
          125.806640625,
          709.2421875
        ]
      ]
    }
  ],
  "page_stats": [
    {
      "page_id": 0,
      "text_extraction_method": "pdftext",
      "block_counts": [
        [
          "Span",
          165
        ],
        [
          "Line",
          38
        ],
        [
          "Text",
          7
        ],
        [
          "SectionHeader",
          3
        ]
      ],
      "block_metadata": {
        "llm_request_count": 0,
        "llm_error_count": 0,
        "llm_tokens_used": 0
      }
    }
  ],
  "debug_data_path": "debug_data/page-262"
}