{
  "table_of_contents": [
    {
      "title": "\u0906\u0935\u0943\u0924\u0902 \u093e\u0928\u092e\u0947\u0924\u0947\u0928 \u093e\u093f\u0928\u0928\u094b \u093f\u0928\u092f\u0935\u0948\u093f\u0930\u0923\u093e\u0964\n\u0915\u093e\u092e\u092a\u0947\u0923 \u0915\u094c\u0924\u0947\u092f \u0926\n\u0941\n\u092a\u0942\u0930\u0947\u0923\u093e\u0928\u0932\u0947\u0928 \u091a\u0965\u0969\u096f\u0965",
      "heading_level": null,
      "page_id": 0,
      "polygon": [
        [
          126.47900390625,
          69.22265625
        ],
        [
          415.21636962890625,
          69.22265625
        ],
        [
          415.21636962890625,
          117.03656005859375
        ],
        [
          126.47900390625,
          117.03656005859375
        ]
      ]
    },
    {
      "title": "\u0907\u093f\u092f\u093e\u093f\u0923 \u092e\u0928\u094b \u092c\u0941\u093f\u0930\u092f\u093e\u093f\u0927\u093e\u0928\u092e\u0941\n\u092f\u0924\u0947\u0964\n\u090f\u0924\u0948\u093f\u0935\u092e\u094b\u0939\u092f\u092f\u0947\u0937 \u093e\u0928\u092e\u093e\u0935\u0943\n\u092f \u0926\u0947\u093f\u0939\u0928\u092e\u094d\u0965\u096a\u0966\u0965",
      "heading_level": null,
      "page_id": 0,
      "polygon": [
        [
          126.2548828125,
          517.81640625
        ],
        [
          406.82537841796875,
          517.81640625
        ],
        [
          406.82537841796875,
          564.7045593261719
        ],
        [
          126.2548828125,
          564.7045593261719
        ]
      ]
    }
  ],
  "page_stats": [
    {
      "page_id": 0,
      "text_extraction_method": "pdftext",
      "block_counts": [
        [
          "Span",
          148
        ],
        [
          "Line",
          34
        ],
        [
          "Text",
          6
        ],
        [
          "SectionHeader",
          2
        ]
      ],
      "block_metadata": {
        "llm_request_count": 0,
        "llm_error_count": 0,
        "llm_tokens_used": 0
      }
    }
  ],
  "debug_data_path": "debug_data/page-141"
}