{
  "table_of_contents": [
    {
      "title": "\u092f\u0926\u0947 \u093f\u0935\u0937\u093f\u092e\u0935 \u092a\u093f\u0930\u0923\u093e\u092e\u0947\u093d\u092e\u0943\u0924\u094b\u092a\u092e\u092e\u094d\u0964\n\u0924\u0938\u0941\u0916\u0902 \u0938\u093e\u093f\u0935\u0915\u0902 \u094b\u0924\u092e\u093e\u092e\u092c\u0941\u093f\u0938\u093e\u0926\u091c\u092e\u094d\u0965\u0969\u096d\u0965",
      "heading_level": null,
      "page_id": 0,
      "polygon": [
        [
          125.0595703125,
          132.064453125
        ],
        [
          454.2073669433594,
          132.064453125
        ],
        [
          454.2073669433594,
          181.951171875
        ],
        [
          125.0595703125,
          181.951171875
        ]
      ]
    },
    {
      "title": "\u093f\u0935\u0937\u092f\u0947\u093f\u092f\u0938\u0902\u092f\u094b\u0917\u093e\u0926\u0947\u093d\u092e\u0943\u0924\u094b\u092a\u092e\u092e\u094d\u0964\n\u092a\u093f\u0930\u0923\u093e\u092e\u0947 \u093f\u0935\u0937\u093f\u092e\u0935 \u0924\u0938\u0941\u0916\u0902 \u0930\u093e\u091c\u0938\u0902 \u092e\u0943\u0924\u092e\u094d\u0965\u0969\u096e\u0965",
      "heading_level": null,
      "page_id": 0,
      "polygon": [
        [
          126.703125,
          476.4375
        ],
        [
          441.0211486816406,
          476.4375
        ],
        [
          441.0211486816406,
          524.390625
        ],
        [
          126.703125,
          524.390625
        ]
      ]
    }
  ],
  "page_stats": [
    {
      "page_id": 0,
      "text_extraction_method": "pdftext",
      "block_counts": [
        [
          "Span",
          149
        ],
        [
          "Line",
          31
        ],
        [
          "Text",
          5
        ],
        [
          "SectionHeader",
          2
        ]
      ],
      "block_metadata": {
        "llm_request_count": 0,
        "llm_error_count": 0,
        "llm_tokens_used": 0
      }
    }
  ],
  "debug_data_path": "debug_data/page-541"
}