{
  "table_of_contents": [
    {
      "title": "\u092f\u092f \u0938\u0935 \u0938\u092e\u093e\u0930\u092d\u093e: \u0915\u093e\u092e\u0938\u092a\u0935\u093f\u091c\u0924\u093e:\u0964\n\u093e\u0928\u093e\u093f\u0928\u0926\u0927\u0915\u092e\u0923\u0902 \u0924\u092e\u093e\u0939:\n\u0941\n\u092a\u093f\u0921\u0924\u0902 \u092c\u0941\u0927\u093e:\u0965\u0967\u096f\u0965",
      "heading_level": null,
      "page_id": 0,
      "polygon": [
        [
          126.10546875,
          464.8359375
        ],
        [
          443.228271484375,
          464.8359375
        ],
        [
          443.228271484375,
          510.7553405761719
        ],
        [
          126.10546875,
          510.7553405761719
        ]
      ]
    }
  ],
  "page_stats": [
    {
      "page_id": 0,
      "text_extraction_method": "pdftext",
      "block_counts": [
        [
          "Span",
          111
        ],
        [
          "Line",
          34
        ],
        [
          "Text",
          6
        ],
        [
          "SectionHeader",
          1
        ]
      ],
      "block_metadata": {
        "llm_request_count": 0,
        "llm_error_count": 0,
        "llm_tokens_used": 0
      }
    }
  ],
  "debug_data_path": "debug_data/page-167"
}