{
  "table_of_contents": [
    {
      "title": "\u092c\u093f\u0939\u0930\u0924 \u092d\u0942\u0924\u093e\u0928\u093e\u092e\u091a\u0930\u0902 \u091a\u0930\u092e\u0947\u0935 \u091a\u0964\n\u0938\u0942\u092e\u0935\u093e\u0926\u093f\u0935\u0947\u092f\u0902 \u0926\u0930\n\u0942\n\u0925\u0902 \u091a\u093e\u093f\u0924\u0915\u0947 \u091a \u0924\u0924\u094d\u0965\u0967\u096b\u0965",
      "heading_level": null,
      "page_id": 0,
      "polygon": [
        [
          126.2548828125,
          70.0927734375
        ],
        [
          459.2012023925781,
          70.0927734375
        ],
        [
          459.2012023925781,
          117.03656005859375
        ],
        [
          126.2548828125,
          117.03656005859375
        ]
      ]
    },
    {
      "title": "\u0905\u093f\u0935\u092d\u0924\u0902 \u091a \u092d\u0942\u0924\u0947\u0937\u0941 \u093f\u0935\u092d\u0924\u093f\u092e\u0935 \u091a \u093f\u0925\u0924\u092e\u094d\u0964\n\u092d\u0942\u0924\u092d\u0924\u0943\n \u091a \u0924\u0947\u092f\u0902 \u093f\u0938\u0923\u0941 \u092d\u093f\u0935\u0923\u0941 \u091a\u0965\u0967\u096c\u0965",
      "heading_level": null,
      "page_id": 0,
      "polygon": [
        [
          126.10546875,
          599.4140625
        ],
        [
          438.3536376953125,
          599.4140625
        ],
        [
          438.3536376953125,
          647.3671875
        ],
        [
          126.10546875,
          647.3671875
        ]
      ]
    }
  ],
  "page_stats": [
    {
      "page_id": 0,
      "text_extraction_method": "pdftext",
      "block_counts": [
        [
          "Span",
          129
        ],
        [
          "Line",
          35
        ],
        [
          "Text",
          4
        ],
        [
          "SectionHeader",
          2
        ]
      ],
      "block_metadata": {
        "llm_request_count": 0,
        "llm_error_count": 0,
        "llm_tokens_used": 0
      }
    }
  ],
  "debug_data_path": "debug_data/page-417"
}