{
  "table_of_contents": [
    {
      "title": "ON PRACTICE 253",
      "heading_level": null,
      "page_id": 0,
      "polygon": [
        [
          243.75244140625,
          68.07163574174047
        ],
        [
          522.939453125,
          68.07163574174047
        ],
        [
          522.939453125,
          81.6612548828125
        ],
        [
          243.75244140625,
          81.6612548828125
        ]
      ]
    },
    {
      "title": "Motionless And Agreeable Form (OF Staying Is Asana\n(Yogic Posture)* 46.",
      "heading_level": null,
      "page_id": 0,
      "polygon": [
        [
          79.749755859375,
          337.2109790034592
        ],
        [
          504.35546875,
          337.2109790034592
        ],
        [
          504.35546875,
          371.3408618159592
        ],
        [
          79.749755859375,
          371.3408618159592
        ]
      ]
    }
  ],
  "page_stats": [
    {
      "page_id": 0,
      "text_extraction_method": "pdftext",
      "block_counts": [
        [
          "Span",
          552
        ],
        [
          "Line",
          35
        ],
        [
          "Text",
          7
        ],
        [
          "SectionHeader",
          2
        ],
        [
          "PageHeader",
          1
        ]
      ],
      "block_metadata": {
        "llm_request_count": 0,
        "llm_error_count": 0,
        "llm_tokens_used": 0
      }
    }
  ],
  "debug_data_path": "debug_data/page-275"
}