{
  "table_of_contents": [
    {
      "title": "l&a YOGA PHILOSOPHY OF PATAXJALl",
      "heading_level": null,
      "page_id": 0,
      "polygon": [
        [
          61.900001525878906,
          70.50425292924047
        ],
        [
          435.2099609375,
          70.50425292924047
        ],
        [
          435.2099609375,
          84.5391845703125
        ],
        [
          61.900001525878906,
          84.5391845703125
        ]
      ]
    }
  ],
  "page_stats": [
    {
      "page_id": 0,
      "text_extraction_method": "pdftext",
      "block_counts": [
        [
          "Span",
          867
        ],
        [
          "Line",
          40
        ],
        [
          "Text",
          5
        ],
        [
          "SectionHeader",
          1
        ]
      ],
      "block_metadata": {
        "llm_request_count": 0,
        "llm_error_count": 0,
        "llm_tokens_used": 0
      }
    }
  ],
  "debug_data_path": "debug_data/page-190"
}