{
  "table_of_contents": [
    {
      "title": "\u0928 \u091a \u0936\u094b\u092f\u0935\u0925\u093e\u0924\u0941\u0902 \u092e\u0924\u0940\u0935 \u091a \u092e\u0947 \u092e\u0928:\u0964\n\u093f\u0928\u093f\u092e\u093e\u093f\u0928 \u091a \u092a\u092f\u093e\u093f\u092e \u093f\u0935\u092a\u0930\u0940\u0924\u093e\u093f\u0928 \u0915\u0947 \u0936\u0935\u0965\u0969\u0966\u0965",
      "heading_level": null,
      "page_id": 0,
      "polygon": [
        [
          125.208984375,
          71.01123046875
        ],
        [
          440.7185363769531,
          71.01123046875
        ],
        [
          440.7185363769531,
          116.20477294921875
        ],
        [
          125.208984375,
          116.20477294921875
        ]
      ]
    },
    {
      "title": "\u0928 \u091a \u0947\u092f\u094b\u093d\u0928\u0941\u092a\u092f\u093e\u093f\u092e \u0939\u0935\u093e \u0935\u091c\u0928\u092e\u093e\u0939\u0935\u0947\u0964\n\u0928 \u0915\u0947 \u093f\u0935\u091c\u092f\u0902 \u0915\u0943\n\u0923 \u0928 \u091a \u0930\u093e\u092f\u0902 \u0938\u0941\u0916\u093e\u093f\u0928 \u091a\u0965\u0969\u0967\u0965",
      "heading_level": null,
      "page_id": 0,
      "polygon": [
        [
          125.5078125,
          190.3623046875
        ],
        [
          485.21478271484375,
          190.3623046875
        ],
        [
          485.21478271484375,
          236.671875
        ],
        [
          125.5078125,
          236.671875
        ]
      ]
    },
    {
      "title": "\u090f\u0924\u093e \u0939\u0924\u0941\u093f\u092e\u091b\u093e\u093f\u092e \u0924\u094b\u093d\u093f\u092a \u092e\u0927\u0941\u0938\u0942\u0926\u0928\u0964\n\u0905\u093f\u092a \u0948\u0932\u094b\u092f\u0930\u093e\u092f\u092f \u0939\u0947\u0924\u094b: \u093f\u0915\u0902 \u0928\u0941 \u092e\u0939\u0940\u0915\u0943 \u0924\u0947\u0965\u0969\u096b\u0965",
      "heading_level": null,
      "page_id": 0,
      "polygon": [
        [
          124.4619140625,
          571.5703125
        ],
        [
          468.3394775390625,
          571.5703125
        ],
        [
          468.3394775390625,
          619.5234375
        ],
        [
          124.4619140625,
          619.5234375
        ]
      ]
    },
    {
      "title": "\u093f\u0928\u0939\u092f \u0927\u093e\u0924\u0930\u093e\u093e: \u0915\u093e \u0940\u093f\u0924: \u092f\u093e\u091c\u0928\u093e\u0926\u0928\u0964",
      "heading_level": null,
      "page_id": 0,
      "polygon": [
        [
          127.74610900878906,
          691.453125
        ],
        [
          436.2538146972656,
          691.453125
        ],
        [
          436.2538146972656,
          716.203125
        ],
        [
          127.74610900878906,
          716.203125
        ]
      ]
    }
  ],
  "page_stats": [
    {
      "page_id": 0,
      "text_extraction_method": "pdftext",
      "block_counts": [
        [
          "Span",
          190
        ],
        [
          "Line",
          29
        ],
        [
          "Text",
          6
        ],
        [
          "SectionHeader",
          4
        ]
      ],
      "block_metadata": {
        "llm_request_count": 0,
        "llm_error_count": 0,
        "llm_tokens_used": 0
      }
    }
  ],
  "debug_data_path": "debug_data/page-028"
}