{
  "table_of_contents": [
    {
      "title": "Richard Garhe\u2014",
      "heading_level": null,
      "page_id": 0,
      "polygon": [
        [
          54.94598388671875,
          122.45322753861547
        ],
        [
          190.10000610351562,
          122.45322753861547
        ],
        [
          190.10000610351562,
          140.09879638627172
        ],
        [
          54.94598388671875,
          140.09879638627172
        ]
      ]
    },
    {
      "title": "Max Muller\u2014",
      "heading_level": null,
      "page_id": 0,
      "polygon": [
        [
          55.8538818359375,
          246.14133789017797
        ],
        [
          173.7353515625,
          246.14133789017797
        ],
        [
          173.7353515625,
          264.3175463862717
        ],
        [
          55.8538818359375,
          264.3175463862717
        ]
      ]
    }
  ],
  "page_stats": [
    {
      "page_id": 0,
      "text_extraction_method": "pdftext",
      "block_counts": [
        [
          "Span",
          185
        ],
        [
          "Line",
          14
        ],
        [
          "Text",
          5
        ],
        [
          "SectionHeader",
          2
        ]
      ],
      "block_metadata": {
        "llm_request_count": 0,
        "llm_error_count": 0,
        "llm_tokens_used": 0
      }
    }
  ],
  "debug_data_path": "debug_data/page-004"
}