{
  "table_of_contents": [
    {
      "title": "CHAPTER 5",
      "heading_level": null,
      "page_id": 0,
      "polygon": [
        [
          220.99221801757812,
          94.2626953125
        ],
        [
          396.44219970703125,
          94.2626953125
        ],
        [
          396.44219970703125,
          126.42205810546875
        ],
        [
          220.99221801757812,
          126.42205810546875
        ]
      ]
    },
    {
      "title": "THE WAY OF RENUNCIATION\nOF ACTIONS",
      "heading_level": null,
      "page_id": 0,
      "polygon": [
        [
          95.73048400878906,
          144.826171875
        ],
        [
          523.412353515625,
          144.826171875
        ],
        [
          523.412353515625,
          213.42205810546875
        ],
        [
          95.73048400878906,
          213.42205810546875
        ]
      ]
    },
    {
      "title": "\u0915\u092e\u0938\u0902\u093e\u0938\u092f\u094b\u0917\u0903",
      "heading_level": null,
      "page_id": 0,
      "polygon": [
        [
          209.05081176757812,
          237.638671875
        ],
        [
          409.095703125,
          237.638671875
        ],
        [
          409.095703125,
          279.017578125
        ],
        [
          209.05081176757812,
          279.017578125
        ]
      ]
    }
  ],
  "page_stats": [
    {
      "page_id": 0,
      "text_extraction_method": "pdftext",
      "block_counts": [
        [
          "Span",
          69
        ],
        [
          "Line",
          25
        ],
        [
          "SectionHeader",
          3
        ],
        [
          "Text",
          2
        ]
      ],
      "block_metadata": {
        "llm_request_count": 0,
        "llm_error_count": 0,
        "llm_tokens_used": 0
      }
    }
  ],
  "debug_data_path": "debug_data/page-193"
}