{
  "table_of_contents": [
    {
      "title": "270 YOGA PHILOSOPHY OF PATAfrjALI",
      "heading_level": null,
      "page_id": 0,
      "polygon": [
        [
          60.95000076293945,
          65.32401611283422
        ],
        [
          427.36572265625,
          65.32401611283422
        ],
        [
          427.36572265625,
          81.99595214799047
        ],
        [
          60.95000076293945,
          81.99595214799047
        ]
      ]
    }
  ],
  "page_stats": [
    {
      "page_id": 0,
      "text_extraction_method": "pdftext",
      "block_counts": [
        [
          "Span",
          720
        ],
        [
          "Line",
          39
        ],
        [
          "Text",
          6
        ],
        [
          "SectionHeader",
          1
        ],
        [
          "PageHeader",
          1
        ]
      ],
      "block_metadata": {
        "llm_request_count": 0,
        "llm_error_count": 0,
        "llm_tokens_used": 0
      }
    }
  ],
  "debug_data_path": "debug_data/page-292"
}