{
  "table_of_contents": [
    {
      "title": "\u092e\u094b\u0918\u093e\u0936\u093e \u092e\u094b\u0918\u0915\u092e\u0923\u094b \u092e\u094b\u0918\u093e\u0928\u093e \u093f\u0935\u091a\u0947\u0924\u0938:\u0964\n\u0930\u093e\u0938\u0940\u092e\u093e\u0938\u0941\u0930\u0974 \u091a\u0948\u0935 \u0915\u0943\n\u093f\u0924\u0902 \u092e\u094b\u093f\u0939\u0928\u0974 \u093f\u0924\u093e:\u0965\u0967\u0968\u0965",
      "heading_level": null,
      "page_id": 0,
      "polygon": [
        [
          126.10546875,
          246.7265625
        ],
        [
          441.5320129394531,
          246.7265625
        ],
        [
          441.5320129394531,
          297.38671875
        ],
        [
          126.10546875,
          297.38671875
        ]
      ]
    },
    {
      "title": "\u092e\u0939\u093e\u092e\u093e\u0928\u0924\u0941 \u092e \u092a\u093e\u0925 \u0926\u0948\u0935\u0974 \u0915\u0943\n\u093f\u0924\u092e\u093e\u093f\u0924\u093e:\u0964\n\u092d\u091c\u092f\u0928\u092f\u092e\u0928\u0938\u094b \u093e\u0935\u093e \u092d\u0942\u0924\u093e\u093f\u0926\u092e\u092f\u092f\u092e\u094d\u0965\u0967\u0969\u0965",
      "heading_level": null,
      "page_id": 0,
      "polygon": [
        [
          125.0595703125,
          636.15234375
        ],
        [
          435.69140625,
          636.15234375
        ],
        [
          435.69140625,
          685.65234375
        ],
        [
          125.0595703125,
          685.65234375
        ]
      ]
    }
  ],
  "page_stats": [
    {
      "page_id": 0,
      "text_extraction_method": "pdftext",
      "block_counts": [
        [
          "Span",
          136
        ],
        [
          "Line",
          32
        ],
        [
          "Text",
          5
        ],
        [
          "SectionHeader",
          2
        ]
      ],
      "block_metadata": {
        "llm_request_count": 0,
        "llm_error_count": 0,
        "llm_tokens_used": 0
      }
    }
  ],
  "debug_data_path": "debug_data/page-301"
}