{
  "table_of_contents": [
    {
      "title": "3ht YOGA PHILOSOPHY OF PATASjALI",
      "heading_level": null,
      "page_id": 0,
      "polygon": [
        [
          49.900001525878906,
          71.40696289017797
        ],
        [
          412.25830078125,
          71.40696289017797
        ],
        [
          412.25830078125,
          90.39945556595922
        ],
        [
          49.900001525878906,
          90.39945556595922
        ]
      ]
    },
    {
      "title": "7[ faW II II",
      "heading_level": null,
      "page_id": 0,
      "polygon": [
        [
          85.4876708984375,
          242.88560058549047
        ],
        [
          339.9169921875,
          242.88560058549047
        ],
        [
          339.9169921875,
          265.1080737300217
        ],
        [
          85.4876708984375,
          265.1080737300217
        ]
      ]
    },
    {
      "title": "They ^These Powcrft] Are Impediments To Samudhij But Are\nAcquisitions In A Fluctuating State Of The Mind. 37.",
      "heading_level": null,
      "page_id": 0,
      "polygon": [
        [
          54.32861328125,
          311.81479980424047
        ],
        [
          528.1787109375,
          311.81479980424047
        ],
        [
          528.1787109375,
          345.96826171875
        ],
        [
          54.32861328125,
          345.96826171875
        ]
      ]
    },
    {
      "title": "",
      "heading_level": null,
      "page_id": 0,
      "polygon": [
        [
          88.756103515625,
          594.498046875
        ],
        [
          503.7744140625,
          594.498046875
        ],
        [
          503.7744140625,
          614.232421875
        ],
        [
          88.756103515625,
          614.232421875
        ]
      ]
    }
  ],
  "page_stats": [
    {
      "page_id": 0,
      "text_extraction_method": "pdftext",
      "block_counts": [
        [
          "Span",
          455
        ],
        [
          "Line",
          28
        ],
        [
          "Text",
          7
        ],
        [
          "SectionHeader",
          4
        ]
      ],
      "block_metadata": {
        "llm_request_count": 0,
        "llm_error_count": 0,
        "llm_tokens_used": 0
      }
    }
  ],
  "debug_data_path": "debug_data/page-366"
}