{
  "table_of_contents": [
    {
      "title": "ox practice 229",
      "heading_level": null,
      "page_id": 0,
      "polygon": [
        [
          246.65771484375,
          65.45927001908422
        ],
        [
          534.2490234375,
          65.45927001908422
        ],
        [
          534.2490234375,
          85.60807373002172
        ],
        [
          246.65771484375,
          85.60807373002172
        ]
      ]
    }
  ],
  "page_stats": [
    {
      "page_id": 0,
      "text_extraction_method": "pdftext",
      "block_counts": [
        [
          "Span",
          685
        ],
        [
          "Line",
          40
        ],
        [
          "Text",
          6
        ],
        [
          "SectionHeader",
          1
        ]
      ],
      "block_metadata": {
        "llm_request_count": 0,
        "llm_error_count": 0,
        "llm_tokens_used": 0
      }
    }
  ],
  "debug_data_path": "debug_data/page-251"
}