{
  "table_of_contents": [
    {
      "title": "\u092f\u093e\u092f\u0924\u094b \u093f\u0935\u0937\u092f\u093e\u092a\u0941\u0902\u0938: \u0938\u0924\u0947\u0937\u0942\u092a\u091c\u093e\u092f\u0924\u0947\u0964\n\u0938\u093e\u0924\u094d \u0938\u093e\u092f\u0924\u0947 \u0915\u093e\u092e: \u0915\u093e\u092e\u093e\u094b\u0927\u094b\u093d\u093f\u092d\u091c\u093e\u092f\u0924\u0947\u0965\u096c\u0968\u0965\n\u094b\u0927\u093e\u0935\u093f\u0924 \u0938\u0902\u092e\u094b\u0939: \u0938\u0902\u092e\u094b\u0939\u093e\u092e\u0943\u093f\u0924\u093f\u0935\u092e:\u0964\n\u092e\u0943\u093f\u0924\u0902\u0936\u093e\u0926\u094d \u25cc\u092c\u0941\u093f\u0928\u093e\u0936\u094b \u092c\u0941\u093f\u0928\u093e\u0936\u093e\u0923\u092f\u093f\u0924\u0965\u096c\u0969\u0965",
      "heading_level": null,
      "page_id": 0,
      "polygon": [
        [
          127.74610900878906,
          351.140625
        ],
        [
          473.7879333496094,
          351.140625
        ],
        [
          473.7879333496094,
          467.4682312011719
        ],
        [
          127.74610900878906,
          467.4682312011719
        ]
      ]
    }
  ],
  "page_stats": [
    {
      "page_id": 0,
      "text_extraction_method": "pdftext",
      "block_counts": [
        [
          "Span",
          146
        ],
        [
          "Line",
          30
        ],
        [
          "Text",
          7
        ],
        [
          "SectionHeader",
          1
        ]
      ],
      "block_metadata": {
        "llm_request_count": 0,
        "llm_error_count": 0,
        "llm_tokens_used": 0
      }
    }
  ],
  "debug_data_path": "debug_data/page-089"
}