{
  "table_of_contents": [
    {
      "title": "\u0905\u0915\u0940\u093f\u0924\u091a\u093e\u093f\u092a \u092d\u0942\u0924\u093e\u093f\u0928 \u0915\u0925\u093f\u092f\u092f\u093f\u0924 \u0924\u0947\n\u093d\u092f\u092f\u093e\u092e\u094d\u0964\n\u0938\u0902\u092d\u093e\u093f\u0935\u0924\u092f \u091a\u093e\u0915\u0940\u093f\u0924\u092e\u0930\u0923\u093e\u0926\u093f\u0924\u093f\u0930\u092f\u0924\u0947\u0965\u0969\u096a\u0965",
      "heading_level": null,
      "page_id": 0,
      "polygon": [
        [
          126.2548828125,
          266.255859375
        ],
        [
          441.55096435546875,
          266.255859375
        ],
        [
          441.55096435546875,
          314.208984375
        ],
        [
          126.2548828125,
          314.208984375
        ]
      ]
    },
    {
      "title": "\u092d\u092f\u093e\u0923\u093e\u0926\u092a\n\u0941\n\u0930\u0924\u0902 \u092e\u0902\u092f\u0924\u0947 \u0935 \u092e\u0939\u093e\u0930\u0925\u093e:\u0964\n\u092f\u0947\u0937 \u091a \u0935\u0902 \u092c\u0939\u092e\n\u0941\n\u0924\u094b \u092d\u0942\n\u0935\u093e \u092f\u093e\u092f\u093f\u0938 \u0932\u093e\u0918\u0935\u092e\u094d\u0965\u0969\u096b\u0965",
      "heading_level": null,
      "page_id": 0,
      "polygon": [
        [
          124.91015625,
          502.734375
        ],
        [
          469.5260925292969,
          502.734375
        ],
        [
          469.5260925292969,
          551.2553405761719
        ],
        [
          124.91015625,
          551.2553405761719
        ]
      ]
    }
  ],
  "page_stats": [
    {
      "page_id": 0,
      "text_extraction_method": "pdftext",
      "block_counts": [
        [
          "Span",
          177
        ],
        [
          "Line",
          37
        ],
        [
          "Text",
          6
        ],
        [
          "SectionHeader",
          2
        ]
      ],
      "block_metadata": {
        "llm_request_count": 0,
        "llm_error_count": 0,
        "llm_tokens_used": 0
      }
    }
  ],
  "debug_data_path": "debug_data/page-072"
}