{
  "table_of_contents": [
    {
      "title": "\u0932\u094b\u092d: \u0935\u0943\u093f\u0930\u093e\u0930\u092d: \u0915\u092e\u0923\u093e\u092e\u0936\u092e: \u092a\u0943\u0939\u093e\u0964\n\u0930\u091c\u092f\u0947\u0924\u093e\u093f\u0928 \u091c\u093e\u092f\u0924\u0947 \u093f\u0935\u0935\u0943\u0947 \u092d\u0930\u0924\u0937\u092d\u0965\u0967\u0968\u0965",
      "heading_level": null,
      "page_id": 0,
      "polygon": [
        [
          124.7607421875,
          160.1982421875
        ],
        [
          415.1407165527344,
          160.1982421875
        ],
        [
          415.1407165527344,
          207.474609375
        ],
        [
          124.7607421875,
          207.474609375
        ]
      ]
    },
    {
      "title": "\u0905\u0915\u093e\u0936\u094b\u093d\u0935\u0943\u093f \u092e\u093e\u0926\u094b \u092e\u094b\u0939 \u090f\u0935 \u091a\u0964\n\u0924\u092e\u092f\u0947\u0924\u093e\u093f\u0928 \u091c\u093e\u092f\u0924\u0947 \u093f\u0935\u0935\u0943\u0947 \u0915\u0941 \u0928\u0926\u0928\u0965\u0967\u0969\u0965",
      "heading_level": null,
      "page_id": 0,
      "polygon": [
        [
          126.18017578125,
          413.015625
        ],
        [
          425.7665100097656,
          413.015625
        ],
        [
          425.7665100097656,
          460.1953125
        ],
        [
          126.18017578125,
          460.1953125
        ]
      ]
    }
  ],
  "page_stats": [
    {
      "page_id": 0,
      "text_extraction_method": "pdftext",
      "block_counts": [
        [
          "Span",
          155
        ],
        [
          "Line",
          31
        ],
        [
          "Text",
          8
        ],
        [
          "SectionHeader",
          2
        ]
      ],
      "block_metadata": {
        "llm_request_count": 0,
        "llm_error_count": 0,
        "llm_tokens_used": 0
      }
    }
  ],
  "debug_data_path": "debug_data/page-450"
}