{
  "table_of_contents": [
    {
      "title": "SUPERNORMAL POWERS 309",
      "heading_level": null,
      "page_id": 0,
      "polygon": [
        [
          213.828125,
          70.58695556595922
        ],
        [
          540.9498291015625,
          70.58695556595922
        ],
        [
          540.9498291015625,
          85.39329101517797
        ],
        [
          213.828125,
          85.39329101517797
        ]
      ]
    }
  ],
  "page_stats": [
    {
      "page_id": 0,
      "text_extraction_method": "pdftext",
      "block_counts": [
        [
          "Span",
          602
        ],
        [
          "Line",
          35
        ],
        [
          "Text",
          6
        ],
        [
          "SectionHeader",
          1
        ]
      ],
      "block_metadata": {
        "llm_request_count": 0,
        "llm_error_count": 0,
        "llm_tokens_used": 0
      }
    }
  ],
  "debug_data_path": "debug_data/page-331"
}