{
  "table_of_contents": [
    {
      "title": "\u0905\u0947\u093e \u0938\u0935\u092d\u0942\u0924\u093e\u0928 \u092e\u0948: \u0915\u0923 \u090f\u0935 \u091a\u0964\n\u093f\u0928\u092e\u092e\u094b \u093f\u0928\u0930\u0939\u093e\u0930: \u0938\u092e\u0926:\n\u0941\n\u0916\u0938\u0941\u0916: \u092e\u0940\u0965\u0967\u0969\u0965",
      "heading_level": null,
      "page_id": 0,
      "polygon": [
        [
          125.208984375,
          170.736328125
        ],
        [
          424.84588623046875,
          170.736328125
        ],
        [
          424.84588623046875,
          217.53704833984375
        ],
        [
          125.208984375,
          217.53704833984375
        ]
      ]
    },
    {
      "title": "\u0938\u0924\u0941\n: \u0938\u0924\u0924\u0902 \u092f\u094b\u0917\u0940 \u092f\u0924\u093e\u092e\u093e \u0926\u0922\n\u0943\n\u093f\u0928\u092f:\u0964\n\u092e\u092f\u093f\u092a\u0924\u092e\u0928\u094b\u092c\u0941\u093f\u092f \u092e\u0924: \u0938 \u092e\u0947 \u093f\u092f:\u0965\u0967\u096a\u0965",
      "heading_level": null,
      "page_id": 0,
      "polygon": [
        [
          124.1630859375,
          531.73828125
        ],
        [
          437.5780334472656,
          531.73828125
        ],
        [
          437.5780334472656,
          578.91796875
        ],
        [
          124.1630859375,
          578.91796875
        ]
      ]
    }
  ],
  "page_stats": [
    {
      "page_id": 0,
      "text_extraction_method": "pdftext",
      "block_counts": [
        [
          "Span",
          135
        ],
        [
          "Line",
          36
        ],
        [
          "Text",
          5
        ],
        [
          "SectionHeader",
          2
        ]
      ],
      "block_metadata": {
        "llm_request_count": 0,
        "llm_error_count": 0,
        "llm_tokens_used": 0
      }
    }
  ],
  "debug_data_path": "debug_data/page-381"
}