{
  "table_of_contents": [
    {
      "title": "\u0913\u093f\u092e\u092f\u0947\u0915\u093e\u0930\u0902  \u092f\u093e\u0939\u0930\u092e\u093e\u092e\u0928\u0941\u092e\u0930\u0928\u094d\u0964\n\u092f: \u092f\u093e\u093f\u0924 \u092f\u091c\u0926\u0947\u0939\u0902 \u0938 \u092f\u093e\u093f\u0924 \u092a\u0930\u092e \u0917\u093f\u0924\u092e\u094d\u0965\u0967\u0969\u0965",
      "heading_level": null,
      "page_id": 0,
      "polygon": [
        [
          126.703125,
          141.6357421875
        ],
        [
          463.3071594238281,
          141.6357421875
        ],
        [
          463.3071594238281,
          188.20452880859375
        ],
        [
          126.703125,
          188.20452880859375
        ]
      ]
    },
    {
      "title": "\u0905\u0928\u092f\u091a\u0947\u0924\u093e: \u0938\u0924\u0924\u0902 \u092f\u094b \u092e \u092e\u0930\u093f\u0924 \u093f\u0928\u092f\u0936:\u0964\n\u0924\u092f\u093e\u0939\u0902 \u0938\u0941\u0932\u092d: \u092a\u093e\u0925 \u093f\u0928\u092f\u092f\u0941\u0924\u092f \u092f\u094b\u093f\u0917\u0928:\u0965\u0967\u096a\u0965",
      "heading_level": null,
      "page_id": 0,
      "polygon": [
        [
          126.10546875,
          456.71484375
        ],
        [
          462.1341857910156,
          456.71484375
        ],
        [
          462.1341857910156,
          504.66796875
        ],
        [
          126.10546875,
          504.66796875
        ]
      ]
    }
  ],
  "page_stats": [
    {
      "page_id": 0,
      "text_extraction_method": "pdftext",
      "block_counts": [
        [
          "Span",
          148
        ],
        [
          "Line",
          29
        ],
        [
          "Text",
          7
        ],
        [
          "SectionHeader",
          2
        ]
      ],
      "block_metadata": {
        "llm_request_count": 0,
        "llm_error_count": 0,
        "llm_tokens_used": 0
      }
    }
  ],
  "debug_data_path": "debug_data/page-281"
}