{
  "table_of_contents": [
    {
      "title": "\u0905\u0928\u0941\u092c\u0927\u0902 \u092f\u0902 \u093f\u0939\u0938\u0902 \u093e\u092e\u0928\u092a\u0947\n\u092f \u091a \u092a\u094c\u0937\u092e\u094d\u0964\n\u092e\u094b\u0939\u093e\u0926\u093e\u0930\u092f\u0924\u0947 \u0915\u092e \u092f\u093e\u092e\u0938\u092e\u0941\n\u092f\u0924\u0947\u0965\u0968\u096b\u0965",
      "heading_level": null,
      "page_id": 0,
      "polygon": [
        [
          126.2548828125,
          339.345703125
        ],
        [
          408.0462951660156,
          339.345703125
        ],
        [
          408.0462951660156,
          386.525390625
        ],
        [
          126.2548828125,
          386.525390625
        ]
      ]
    },
    {
      "title": "\u092e\u0941\u0924\u0938\u094b\u093d\u0928\u0939\u0935\u0902 \u093e\u0926\u0940 \u0927\u0943\n\u092f\u0941\n\u0938\u093e\u0939\u0938\u092e\u093f\u0935\u0924:\u0964\n\u093f\u0938\u092f\u093f\u0938\u092f\u094b\u093f\u0928\u093f\u0935\u0915\u093e\u0930: \u0915\u0924 \u0938\u093e\u093f\u0935\u0915 \u0909\u092f\u0924\u0947\u0965\u0968\u096c\u0965",
      "heading_level": null,
      "page_id": 0,
      "polygon": [
        [
          125.3583984375,
          629.96484375
        ],
        [
          491.2734375,
          629.96484375
        ],
        [
          491.2734375,
          675.7045516967773
        ],
        [
          125.3583984375,
          675.7045516967773
        ]
      ]
    }
  ],
  "page_stats": [
    {
      "page_id": 0,
      "text_extraction_method": "pdftext",
      "block_counts": [
        [
          "Span",
          140
        ],
        [
          "Line",
          34
        ],
        [
          "Text",
          4
        ],
        [
          "SectionHeader",
          2
        ]
      ],
      "block_metadata": {
        "llm_request_count": 0,
        "llm_error_count": 0,
        "llm_tokens_used": 0
      }
    }
  ],
  "debug_data_path": "debug_data/page-535"
}