{
  "table_of_contents": [
    {
      "title": "\u0917\u0941\u0923\u093e\u0928\u0924\u0947 \u093e\u0928\u0924\u0940\u092f \u0940\u0926\u0947\u0939\u0940 \u0926\u0947\u0939\u0938\u092e\u0941\u0935\u093e\u0928\u094d\u0964\n\u091c\u092e\u092e\u0943\n\u092f\u0941\u091c\u0930\u093e\u0926:\n\u0941\n\u0916\u0948\u093f\u0935\u092e\u0941\u0924\u094b\u093d\u092e\u0943\u0924\u092e\u0941\u0924\u0947\u0965\u0968\u0966\u0965",
      "heading_level": null,
      "page_id": 0,
      "polygon": [
        [
          127.001953125,
          140.572265625
        ],
        [
          405.5111999511719,
          140.572265625
        ],
        [
          405.5111999511719,
          189.4921875
        ],
        [
          127.001953125,
          189.4921875
        ]
      ]
    },
    {
      "title": "\u0915\u0948 \u093f\u0932\u0948\u0940\u0917\u0941\u0923\u093e\u0928\u0924\u0947 \u093e\u0928\u0924\u0940\u0924\u094b \u092d\u0935\u093f\u0924 \u092d\u094b\u0964\n\u093f\u0915\u092e\u093e\u091a\u093e\u0930: \u0915\u0925\u0902 \u091a\u0948\u0924\u0940\u0917\u0941\u0923\u093e\u0928\u093f\u0924\u0935\u0924\u0924\u0947\u0965\u0968\u0967\u0965",
      "heading_level": null,
      "page_id": 0,
      "polygon": [
        [
          127.74610900878906,
          525.9375
        ],
        [
          432.4511413574219,
          525.9375
        ],
        [
          432.4511413574219,
          573.890625
        ],
        [
          127.74610900878906,
          573.890625
        ]
      ]
    }
  ],
  "page_stats": [
    {
      "page_id": 0,
      "text_extraction_method": "pdftext",
      "block_counts": [
        [
          "Span",
          137
        ],
        [
          "Line",
          32
        ],
        [
          "Text",
          8
        ],
        [
          "SectionHeader",
          2
        ]
      ],
      "block_metadata": {
        "llm_request_count": 0,
        "llm_error_count": 0,
        "llm_tokens_used": 0
      }
    }
  ],
  "debug_data_path": "debug_data/page-454"
}