{
  "table_of_contents": [
    {
      "title": "\u0938\u0935\u0902 \u0930\u091c\u0924\u092e \u0907\u093f\u0924 \u0917\u0941\u0923\u093e: \u0915\u0943\n\u093f\u0924\u0938\u092d\u0935\u093e:\u0964\n\u093f\u0928\u092c\u093f\u0924 \u092e\u0939\u093e\u092c\u093e\u0939\u094b \u0926\u0947\u0939\u0947 \u0926\u0947\u093f\u0939\u0928\u092e\u092f\u092f\u092e\u094d\u0965\u096b\u0965",
      "heading_level": null,
      "page_id": 0,
      "polygon": [
        [
          127.74610900878906,
          214.435546875
        ],
        [
          416.975830078125,
          214.435546875
        ],
        [
          416.975830078125,
          260.20477294921875
        ],
        [
          127.74610900878906,
          260.20477294921875
        ]
      ]
    }
  ],
  "page_stats": [
    {
      "page_id": 0,
      "text_extraction_method": "pdftext",
      "block_counts": [
        [
          "Span",
          142
        ],
        [
          "Line",
          33
        ],
        [
          "Text",
          7
        ],
        [
          "SectionHeader",
          1
        ]
      ],
      "block_metadata": {
        "llm_request_count": 0,
        "llm_error_count": 0,
        "llm_tokens_used": 0
      }
    }
  ],
  "debug_data_path": "debug_data/page-446"
}