{
  "table_of_contents": [
    {
      "title": "ox PRACTICE J 67",
      "heading_level": null,
      "page_id": 0,
      "polygon": [
        [
          249.998779296875,
          66.90897705033422
        ],
        [
          536.9999389648438,
          66.90897705033422
        ],
        [
          536.9999389648438,
          87.05820800736547
        ],
        [
          249.998779296875,
          87.05820800736547
        ]
      ]
    }
  ],
  "page_stats": [
    {
      "page_id": 0,
      "text_extraction_method": "pdftext",
      "block_counts": [
        [
          "Span",
          626
        ],
        [
          "Line",
          36
        ],
        [
          "Text",
          6
        ],
        [
          "SectionHeader",
          1
        ],
        [
          "PageHeader",
          1
        ]
      ],
      "block_metadata": {
        "llm_request_count": 0,
        "llm_error_count": 0,
        "llm_tokens_used": 0
      }
    }
  ],
  "debug_data_path": "debug_data/page-209"
}