{
  "table_of_contents": [
    {
      "title": "\u0907\u0939\u0948\u0935 \u0924\u0948\u093f\u091c\u0924: \u0938\u0917 \u092f\u0947\u0937 \u0938\u093e\u092f\u0947 \u093f\u0925\u0924\u0902 \u092e\u0928:\u0964\n\u093f\u0928\u0926\u0937\u0902 \u093f\u0939 \u0938\u092e\u0902  \u0924\u092e\u093e\u093f\u0923 \u0924\u0947 \u093f\u0925\u0924\u093e:\u0965\u0967\u096f\u0965",
      "heading_level": null,
      "page_id": 0,
      "polygon": [
        [
          124.3125,
          434.28515625
        ],
        [
          481.7905578613281,
          434.28515625
        ],
        [
          481.7905578613281,
          480.7045593261719
        ],
        [
          124.3125,
          480.7045593261719
        ]
      ]
    }
  ],
  "page_stats": [
    {
      "page_id": 0,
      "text_extraction_method": "pdftext",
      "block_counts": [
        [
          "Span",
          148
        ],
        [
          "Line",
          32
        ],
        [
          "Text",
          7
        ],
        [
          "SectionHeader",
          1
        ]
      ],
      "block_metadata": {
        "llm_request_count": 0,
        "llm_error_count": 0,
        "llm_tokens_used": 0
      }
    }
  ],
  "debug_data_path": "debug_data/page-211"
}