{
  "table_of_contents": [
    {
      "title": "\u0915\u0943\n\u093f\u0924\u0902 \u092a\u0941\u0937\u0902 \u091a\u0948\u0935 \u093f\u0935\u092f\u0928\u093e\u0926\u0940 \u0909\u092d\u093e\u0935\u093f\u092a\u0964\n\u093f\u0935\u0915\u093e\u0930 \u0917\u0941\u0923\u0948\u0935 \u093f\u0935\u093f \u0915\u0943\n\u093f\u0924\u0938\u092d\u0935\u093e\u0928\u094d\u0965\u0967\u096f\u0965",
      "heading_level": null,
      "page_id": 0,
      "polygon": [
        [
          125.6572265625,
          70.04443359375
        ],
        [
          440.6806335449219,
          70.04443359375
        ],
        [
          440.6806335449219,
          116.45062255859375
        ],
        [
          125.6572265625,
          116.45062255859375
        ]
      ]
    }
  ],
  "page_stats": [
    {
      "page_id": 0,
      "text_extraction_method": "pdftext",
      "block_counts": [
        [
          "Span",
          135
        ],
        [
          "Line",
          34
        ],
        [
          "Text",
          6
        ],
        [
          "SectionHeader",
          1
        ]
      ],
      "block_metadata": {
        "llm_request_count": 0,
        "llm_error_count": 0,
        "llm_tokens_used": 0
      }
    }
  ],
  "debug_data_path": "debug_data/page-420"
}