{
  "table_of_contents": [
    {
      "title": "\u0915\u093e\u092f\u0947\u0928 \u092e\u0928\u0938\u093e \u092c\u0941\u092f\u093e \u0915\u0947 \u0935\u0932\u0948\u093f\u0930\u093f\u092f\u0948\u0930\u093f\u092a\u0964\n\u092f\u094b\u093f\u0917\u0928: \u0915\u092e \u0915\u0941 \u0935\u093f\u0924 \u0938\u0902 \u092f\u0935\u093e\u092e\u0936\u0941\u092f\u0947\u0965\u0967\u0967\u0965",
      "heading_level": null,
      "page_id": 0,
      "polygon": [
        [
          124.91015625,
          160.294921875
        ],
        [
          460.1953125,
          160.294921875
        ],
        [
          460.1953125,
          208.0546875
        ],
        [
          124.91015625,
          208.0546875
        ]
      ]
    },
    {
      "title": "\u092f\u0941\u0924: \u0915\u092e\u092b\u0932\u0902 \u092f\u0935\u093e \u0936\u093e\u093f\u0924\u092e\u093e\u094b\u093f\u0924 \u0928\u093f\u0948 \u0915\u0940\u092e\u094d\u0964\n\u0905\u092f\u0941\u0924: \u0915\u093e\u092e\u0915\u093e\u0930\u0947\u0923 \u092b\u0932\u0947 \u0938\u0924\u094b \u093f\u0928\u092c\u092f\u0924\u0947\u0965\u0967\u0968\u0965",
      "heading_level": null,
      "page_id": 0,
      "polygon": [
        [
          127.30078125,
          528.2578125
        ],
        [
          459.5045471191406,
          528.2578125
        ],
        [
          459.5045471191406,
          575.2055358886719
        ],
        [
          127.30078125,
          575.2055358886719
        ]
      ]
    }
  ],
  "page_stats": [
    {
      "page_id": 0,
      "text_extraction_method": "pdftext",
      "block_counts": [
        [
          "Span",
          140
        ],
        [
          "Line",
          31
        ],
        [
          "Text",
          8
        ],
        [
          "SectionHeader",
          2
        ]
      ],
      "block_metadata": {
        "llm_request_count": 0,
        "llm_error_count": 0,
        "llm_tokens_used": 0
      }
    }
  ],
  "debug_data_path": "debug_data/page-205"
}