{
  "table_of_contents": [
    {
      "title": "\u092f\u0926\u093e\u093f\u0926\u092f\u0917\u0924\u0902 \u0924\u0947\u091c\u094b \u091c\u0917\u093e\u0938\u092f\u0924\u0947\n\u093d\u093f\u0916\u0932\u092e\u094d\u0964\n\u092f\u091a\u092e\u093f\u0938 \u092f\u091a\u093e\u0928\u094c \u0924\u0947\u091c\u094b \u093f\u0935\u093f \u092e\u093e\u092e\u0915\u092e\u094d\u0965\u0967\u0968\u0965",
      "heading_level": null,
      "page_id": 0,
      "polygon": [
        [
          124.7607421875,
          394.06640625
        ],
        [
          469.0393981933594,
          394.06640625
        ],
        [
          469.0393981933594,
          440.2045593261719
        ],
        [
          124.7607421875,
          440.2045593261719
        ]
      ]
    }
  ],
  "page_stats": [
    {
      "page_id": 0,
      "text_extraction_method": "pdftext",
      "block_counts": [
        [
          "Span",
          132
        ],
        [
          "Line",
          33
        ],
        [
          "Text",
          5
        ],
        [
          "SectionHeader",
          1
        ]
      ],
      "block_metadata": {
        "llm_request_count": 0,
        "llm_error_count": 0,
        "llm_tokens_used": 0
      }
    }
  ],
  "debug_data_path": "debug_data/page-471"
}