{
  "table_of_contents": [
    {
      "title": "\u093f\u0928\u092f\u0924\u0902 \u0938\u0930\u093f\u0939\u0924\u092e\u0930\u093e\u0917\u0947\u0937\u0924: \u0915\u0943 \u0924\u092e\u094d\u0964\n\u0905\u092b\u0932\u0947\u0938\u0941\u0928\u093e \u0915\u092e \u092f\u0938\u093e\u093f\u0935\u0915\u092e\u0941\n\u092f\u0924\u0947\u0965\u0968\u0969\u0965",
      "heading_level": null,
      "page_id": 0,
      "polygon": [
        [
          126.5537109375,
          285.3984375
        ],
        [
          435.49700927734375,
          285.3984375
        ],
        [
          435.49700927734375,
          333.73828125
        ],
        [
          126.5537109375,
          333.73828125
        ]
      ]
    },
    {
      "title": "\u092f\n\u0941 \u0915\u093e\u092e\u0947\u0938\u0941\u0928\u093e \u0915\u092e \u0938\u093e\u0939\u0915\u093e\u0930 \u0902 \u0947\u0923 \u0935\u093e \u092a\u0941\u0928:\u0964\n\u093f\u092f\u0924\u0947 \u092c\u0939\u0932\n\u0941\n\u093e\u092f\u093e\u0938\u0902 \u0924\u093e\u091c\u0938\u092e\u0941\u0926\u093e\u0939\n\u0943\n\u0924\u092e\u094d\u0965\u0968\u096a\u0965",
      "heading_level": null,
      "page_id": 0,
      "polygon": [
        [
          126.404296875,
          522.0703125
        ],
        [
          410.2580261230469,
          522.0703125
        ],
        [
          410.2580261230469,
          569.2748718261719
        ],
        [
          126.404296875,
          569.2748718261719
        ]
      ]
    }
  ],
  "page_stats": [
    {
      "page_id": 0,
      "text_extraction_method": "pdftext",
      "block_counts": [
        [
          "Span",
          173
        ],
        [
          "Line",
          36
        ],
        [
          "Text",
          6
        ],
        [
          "SectionHeader",
          2
        ]
      ],
      "block_metadata": {
        "llm_request_count": 0,
        "llm_error_count": 0,
        "llm_tokens_used": 0
      }
    }
  ],
  "debug_data_path": "debug_data/page-534"
}