{
  "table_of_contents": [
    {
      "title": "\u092a\u0943\u0925\u0935\u0947\u0928 \u0924\u0941 \u092f\u093e\u0928\u0902 \u0928\u093e\u0928\u093e\u092d\u093e\u0935\u093e\u092a\u0943\u0925\u093f\u0935\u0927\u093e\u0928\u094d\u0964\n\u0935\u0947\u093f \u0938\u0935\u0937\u0941 \u092d\u0942\u0924\u0947\u0937\u0941 \u0924\u093e\u0928\u0902 \u093f\u0935\u093f \u0930\u093e\u091c\u0938\u092e\u094d\u0965\u0968\u0967\u0965",
      "heading_level": null,
      "page_id": 0,
      "polygon": [
        [
          125.0595703125,
          213.46875
        ],
        [
          448.4749755859375,
          213.46875
        ],
        [
          448.4749755859375,
          261.80859375
        ],
        [
          125.0595703125,
          261.80859375
        ]
      ]
    },
    {
      "title": "\u092f\n\u0941 \u0915\u0943\n\u0928\u0935\u0926\u0947\u0915\u093f\u092e\u0928\u094d \u0915\u093e\u092f \u0938\u0924\u092e\u0939\u0948\u0924\u0941\u0915\u092e\u094d\u0964\n\u0905\u0924\u0935\u093e\u0925\u0935\u0926\u092a\u0902 \u091a \u0924\u093e\u092e\u0938\u092e\u0941\u0926\u093e\u0939\n\u0943\n\u0924\u092e\u094d\u0965\u0968\u0968\u0965",
      "heading_level": null,
      "page_id": 0,
      "polygon": [
        [
          126.92724609375,
          483.01171875
        ],
        [
          426.0188293457031,
          483.01171875
        ],
        [
          426.0188293457031,
          533.2748718261719
        ],
        [
          126.92724609375,
          533.2748718261719
        ]
      ]
    }
  ],
  "page_stats": [
    {
      "page_id": 0,
      "text_extraction_method": "pdftext",
      "block_counts": [
        [
          "Span",
          158
        ],
        [
          "Line",
          35
        ],
        [
          "Text",
          6
        ],
        [
          "SectionHeader",
          2
        ]
      ],
      "block_metadata": {
        "llm_request_count": 0,
        "llm_error_count": 0,
        "llm_tokens_used": 0
      }
    }
  ],
  "debug_data_path": "debug_data/page-533"
}