{
  "table_of_contents": [
    {
      "title": "ON practice tEl>",
      "heading_level": null,
      "page_id": 0,
      "polygon": [
        [
          240.9399871826172,
          70.53129150345922
        ],
        [
          527.83251953125,
          70.53129150345922
        ],
        [
          527.83251953125,
          83.99662353470922
        ],
        [
          240.9399871826172,
          83.99662353470922
        ]
      ]
    }
  ],
  "page_stats": [
    {
      "page_id": 0,
      "text_extraction_method": "pdftext",
      "block_counts": [
        [
          "Span",
          798
        ],
        [
          "Line",
          41
        ],
        [
          "Text",
          4
        ],
        [
          "SectionHeader",
          1
        ],
        [
          "PageHeader",
          1
        ]
      ],
      "block_metadata": {
        "llm_request_count": 0,
        "llm_error_count": 0,
        "llm_tokens_used": 0
      }
    }
  ],
  "debug_data_path": "debug_data/page-217"
}