{
  "table_of_contents": [
    {
      "title": "ON CONCENT RATION 7*",
      "heading_level": null,
      "page_id": 0,
      "polygon": [
        [
          221.0500030517578,
          76.77775146439672
        ],
        [
          538.5999145507812,
          76.77775146439672
        ],
        [
          538.5999145507812,
          90.24772216752172
        ],
        [
          221.0500030517578,
          90.24772216752172
        ]
      ]
    },
    {
      "title": "",
      "heading_level": null,
      "page_id": 0,
      "polygon": [
        [
          97.8350830078125,
          511.44921875
        ],
        [
          358.22021484375,
          511.44921875
        ],
        [
          358.22021484375,
          526.25
        ],
        [
          97.8350830078125,
          526.25
        ]
      ]
    },
    {
      "title": "ii ^ n",
      "heading_level": null,
      "page_id": 0,
      "polygon": [
        [
          96.5277099609375,
          515.7394213862717
        ],
        [
          263.2177734375,
          515.7394213862717
        ],
        [
          263.2177734375,
          552.9129443354905
        ],
        [
          96.5277099609375,
          552.9129443354905
        ]
      ]
    },
    {
      "title": "Repeat It And Contemplate Upon Its Meaning. 2B.",
      "heading_level": null,
      "page_id": 0,
      "polygon": [
        [
          98.779296875,
          687.1710925288498
        ],
        [
          487.21435546875,
          687.1710925288498
        ],
        [
          487.21435546875,
          705.0927734375
        ],
        [
          98.779296875,
          705.0927734375
        ]
      ]
    }
  ],
  "page_stats": [
    {
      "page_id": 0,
      "text_extraction_method": "pdftext",
      "block_counts": [
        [
          "Span",
          548
        ],
        [
          "Line",
          36
        ],
        [
          "Text",
          7
        ],
        [
          "SectionHeader",
          4
        ],
        [
          "PageHeader",
          1
        ]
      ],
      "block_metadata": {
        "llm_request_count": 0,
        "llm_error_count": 0,
        "llm_tokens_used": 0
      }
    }
  ],
  "debug_data_path": "debug_data/page-095"
}