{
  "table_of_contents": [
    {
      "title": "\u0928\u093e\u0928\u093e\u0936\u0939\u0930\u0923\u093e: \u0938\u0935 \u092f\u0941\u093f\u0935\u0936\u093e\u0930\u0926\u093e:\u0965\u096f\u0965",
      "heading_level": null,
      "page_id": 0,
      "polygon": [
        [
          127.4501953125,
          69.802734375
        ],
        [
          403.5247802734375,
          69.802734375
        ],
        [
          403.5247802734375,
          94.552734375
        ],
        [
          127.4501953125,
          94.552734375
        ]
      ]
    },
    {
      "title": "\u0905\u092a\u092f\u0924\u0902 \u0924\u0926\u092e\u093e\u0915\u0902 \u092c\u0932\u0902 \u092d\u0940\u092e\u093e\u093f\u092d\u0930\u093f\u0924\u092e\u094d\u0964\n\u092a\u092f\u0924\u0902 \u093f\u0935\u0926\u092e\u0947\u0924\u090f\u0937 \u092c\u0932\u0902 \u092d\u0940\u092e\u093e\u093f\u092d\u0930\u093f\u0924\u092e\u094d\u0965\u0967\u0966\u0965",
      "heading_level": null,
      "page_id": 0,
      "polygon": [
        [
          125.806640625,
          168.22265625
        ],
        [
          436.0077209472656,
          168.22265625
        ],
        [
          436.0077209472656,
          214.62890625
        ],
        [
          125.806640625,
          214.62890625
        ]
      ]
    },
    {
      "title": "\u0905\u092f\u0928\u0937\u0947\n\u0941 \u091a \u0938\u0935\u0937\u0941 \u092f\u0925\u093e\u092d\u093e\u0917\u092e\u0935\u093f\u0925\u0924\u093e:\u0964\n\u092d\u0940\u092e\u092e\u0947\u0935\u093e\u093f\u092d\u0930\u0924\u0941 \u092d\u0935\u0924: \u0938\u0935 \u090f\u0935 \u093f\u0939\u0965\u0967\u0967\u0965",
      "heading_level": null,
      "page_id": 0,
      "polygon": [
        [
          124.3125,
          286.55859375
        ],
        [
          425.2431335449219,
          286.55859375
        ],
        [
          425.2431335449219,
          334.8984375
        ],
        [
          124.3125,
          334.8984375
        ]
      ]
    },
    {
      "title": "\u0924\u092f \u0938\u0902\u091c\u0928\u092f\u0939\u0937\u0902 \u0915\u0941 \u0935\u0943: \u093f\u092a\u0924\u093e\u092e\u0939:\u0964\n\u093f\u0938\u0902\u0939\u0928\u093e\u0926\u0902 \u093f\u0935\u0928\u094b\u091a\u0948\n: \u0936\u0902 \u0926\u092e\u094c \u0924\u093e\u092a\u0935\u093e\u0928\u094d\u0965\u0967\u0968\u0965",
      "heading_level": null,
      "page_id": 0,
      "polygon": [
        [
          124.1630859375,
          407.6015625
        ],
        [
          450.5182800292969,
          407.6015625
        ],
        [
          450.5182800292969,
          454.0078125
        ],
        [
          124.1630859375,
          454.0078125
        ]
      ]
    },
    {
      "title": "\u0924\u0924: \u0936\u093e \u092d\u0947\u092f \u092a\u0923\u0935\u093e\u0928\u0915\u0917\u094b\u092e\u0941\u0916\u093e:\u0964\n\u0938\u0939\u0938\u0948\u0935\u093e\u092f\u0939\u092f\u0924 \u0938 \u0936\u0926\u0924\u0941\u092e\u0941\u0932\u094b\u093d\u092d\u0935\u0924\u094d\u0965\u0967\u0969\u0965",
      "heading_level": null,
      "page_id": 0,
      "polygon": [
        [
          125.6572265625,
          527.484375
        ],
        [
          439.3563232421875,
          527.484375
        ],
        [
          439.3563232421875,
          574.6640625
        ],
        [
          125.6572265625,
          574.6640625
        ]
      ]
    }
  ],
  "page_stats": [
    {
      "page_id": 0,
      "text_extraction_method": "pdftext",
      "block_counts": [
        [
          "Span",
          131
        ],
        [
          "Line",
          29
        ],
        [
          "Text",
          6
        ],
        [
          "SectionHeader",
          5
        ]
      ],
      "block_metadata": {
        "llm_request_count": 0,
        "llm_error_count": 0,
        "llm_tokens_used": 0
      }
    }
  ],
  "debug_data_path": "debug_data/page-024"
}