{
  "table_of_contents": [
    {
      "title": "ON PRACTICE 183",
      "heading_level": null,
      "page_id": 0,
      "polygon": [
        [
          244.769287109375,
          75.77103759720922
        ],
        [
          531.1065673828125,
          75.77103759720922
        ],
        [
          531.1065673828125,
          89.57932617142797
        ],
        [
          244.769287109375,
          89.57932617142797
        ]
      ]
    }
  ],
  "page_stats": [
    {
      "page_id": 0,
      "text_extraction_method": "pdftext",
      "block_counts": [
        [
          "Span",
          713
        ],
        [
          "Line",
          41
        ],
        [
          "Text",
          7
        ],
        [
          "SectionHeader",
          1
        ],
        [
          "PageHeader",
          1
        ]
      ],
      "block_metadata": {
        "llm_request_count": 0,
        "llm_error_count": 0,
        "llm_tokens_used": 0
      }
    }
  ],
  "debug_data_path": "debug_data/page-205"
}