{
  "table_of_contents": [
    {
      "title": "\u092f\u093e\u093f\u092e\u092e \u092a\u0941\u093f\u092a\u0924 \u0935\u093e\u091a\u0902 \u0935\u0926\u092f\u093f\u0935\u092a\u093f\u0924:\u0964\n\u0935\u0947\u0926\u0935\u093e\u0926\u0930\u0924\u093e: \u092a\u093e\u0925 \u0928\u093e\u092f\u0926\u0924\u0940\u093f\u0924 \u0935\u093e\u093f\u0926\u0928:\u0965\u096a\u0968\u0965\n\u0915\u093e\u092e\u093e\u092e\u093e\u0928: \u0935\u0917\u092a\u0930\u093e \u091c\u092e\u0915\u092e\u092b\u0932\u0926\u093e\u092e\u094d\u0964\n\u093f\u092f\u093e\u093f\u0935\u0936\u0947\u0937\u092c\u0939\u0932\n\u0941\n \u092d\u094b\u0917\u0948\u092f\u0917\u093f\u0924\u0902 \u093f\u0924\u0965\u096a\u0969\u0965",
      "heading_level": null,
      "page_id": 0,
      "polygon": [
        [
          125.806640625,
          465.609375
        ],
        [
          433.599609375,
          465.609375
        ],
        [
          433.599609375,
          569.2553405761719
        ],
        [
          125.806640625,
          569.2553405761719
        ]
      ]
    }
  ],
  "page_stats": [
    {
      "page_id": 0,
      "text_extraction_method": "pdftext",
      "block_counts": [
        [
          "Span",
          112
        ],
        [
          "Line",
          33
        ],
        [
          "Text",
          3
        ],
        [
          "SectionHeader",
          1
        ]
      ],
      "block_metadata": {
        "llm_request_count": 0,
        "llm_error_count": 0,
        "llm_tokens_used": 0
      }
    }
  ],
  "debug_data_path": "debug_data/page-076"
}