{
  "table_of_contents": [
    {
      "title": "\u092f\u093f\u0936\u093e\u092e\u0943\u0924\u092d\u0941\u091c\u094b \u092f\u093e\u093f\u0924  \u0938\u0928\u093e\u0924\u0928\u092e\u094d\u0964\n\u0928\u093e\u092f\u0902 \u0932\u094b\u0915\u094b\u093d\u092f\u092f\u092f \u0915\u0941 \u0924\u094b\u093d\u092f: \u0915\u0941 \u0938\u092e\u0965\u0969\u0967\u0965",
      "heading_level": null,
      "page_id": 0,
      "polygon": [
        [
          125.806640625,
          70.2861328125
        ],
        [
          474.0717468261719,
          70.2861328125
        ],
        [
          474.0717468261719,
          116.43109130859375
        ],
        [
          125.806640625,
          116.43109130859375
        ]
      ]
    },
    {
      "title": "\u090f\u0935\u0902 \u092c\u0939\u093f\n\u0941\n\u0935\u0927\u093e \u092f\u093e \u093f\u0935\u0924\u0924\u093e \u0923\u094b \u092e\u0941\u0916\u0947\u0964\n\u0915\u092e\u091c\u093e\u093f\u0935\u093f \u0924\u093e\u0938\u0935\u0928\u0935\u0947 \u0902 \u093e\u0935\u093e \u093f\u0935\u092e\u094b\u092f\u0938\u0947\u0965\u0969\u0968\u0965",
      "heading_level": null,
      "page_id": 0,
      "polygon": [
        [
          124.3125,
          474.50390625
        ],
        [
          453.9803466796875,
          474.50390625
        ],
        [
          453.9803466796875,
          521.2045593261719
        ],
        [
          124.3125,
          521.2045593261719
        ]
      ]
    }
  ],
  "page_stats": [
    {
      "page_id": 0,
      "text_extraction_method": "pdftext",
      "block_counts": [
        [
          "Span",
          133
        ],
        [
          "Line",
          33
        ],
        [
          "Text",
          5
        ],
        [
          "SectionHeader",
          2
        ]
      ],
      "block_metadata": {
        "llm_request_count": 0,
        "llm_error_count": 0,
        "llm_tokens_used": 0
      }
    }
  ],
  "debug_data_path": "debug_data/page-181"
}