{
  "table_of_contents": [
    {
      "title": "\u0928\u093e\u0924\u0902 \u0928 \u092e\u092f\u0902 \u0928 \u092a\u0941\u0928\u0924\u0935\u093e\u093f\u0926\u0902\n\u092a\u092f\u093e\u093f\u092e \u093f\u0935\u0947\u0930 \u093f\u0935\u092a\u0965\u0967\u096c\u0965",
      "heading_level": null,
      "page_id": 0,
      "polygon": [
        [
          124.91015625,
          69.8994140625
        ],
        [
          343.0046691894531,
          69.8994140625
        ],
        [
          343.0046691894531,
          116.20452880859375
        ],
        [
          124.91015625,
          116.20452880859375
        ]
      ]
    }
  ],
  "page_stats": [
    {
      "page_id": 0,
      "text_extraction_method": "pdftext",
      "block_counts": [
        [
          "Span",
          161
        ],
        [
          "Line",
          33
        ],
        [
          "TableCell",
          8
        ],
        [
          "Text",
          5
        ],
        [
          "SectionHeader",
          1
        ],
        [
          "Table",
          1
        ]
      ],
      "block_metadata": {
        "llm_request_count": 0,
        "llm_error_count": 0,
        "llm_tokens_used": 0
      }
    }
  ],
  "debug_data_path": "debug_data/page-346"
}