{
  "table_of_contents": [
    {
      "title": "\u0905\u092a\u0930\u0902 \u092d\u0935\u0924\u094b \u091c\u092e \u092a\u0930\u0902 \u091c\u092e \u093f\u0935\u0935\u0935\u0924:\u0964\n\u0915\u0925\u092e\u0947\u0924\u093f\u091c\u093e\u0928\u0940\u092f \u0935\u092e\u093e\u0926\u094c \u094b\u0924\u0935\u093e\u093f\u0928\u093f\u0924\u0965\u096a\u0965",
      "heading_level": null,
      "page_id": 0,
      "polygon": [
        [
          127.001953125,
          267.416015625
        ],
        [
          418.8109130859375,
          267.416015625
        ],
        [
          418.8109130859375,
          312.7045593261719
        ],
        [
          127.001953125,
          312.7045593261719
        ]
      ]
    },
    {
      "title": "\u092c\u0939\n\u0942\n\u093f\u0928 \u092e\u0947 \u092f\u0924\u0940\u0924\u093e\u093f\u0928 \u091c\u092e\u093e\u093f\u0928 \u0924\u0935 \u091a\u093e\u091c\u0941\n\u0928\u0964\n\u0924\u093e\u092f\u0939\u0902 \u0935\u0947\u0926 \u0938\u0935\u093f\u0923 \u0928 \u0935\u0902 \u0935\u0947\u0925 \u092a\u0930\u0924\u092a\u0965\u096b\u0965",
      "heading_level": null,
      "page_id": 0,
      "polygon": [
        [
          125.0595703125,
          597.09375
        ],
        [
          432.9051818847656,
          597.09375
        ],
        [
          432.9051818847656,
          644.2045593261719
        ],
        [
          125.0595703125,
          644.2045593261719
        ]
      ]
    }
  ],
  "page_stats": [
    {
      "page_id": 0,
      "text_extraction_method": "pdftext",
      "block_counts": [
        [
          "Span",
          165
        ],
        [
          "Line",
          31
        ],
        [
          "Text",
          8
        ],
        [
          "SectionHeader",
          2
        ]
      ],
      "block_metadata": {
        "llm_request_count": 0,
        "llm_error_count": 0,
        "llm_tokens_used": 0
      }
    }
  ],
  "debug_data_path": "debug_data/page-153"
}