{
  "table_of_contents": [
    {
      "title": "\u0907\u093f\u0924 \u0947\u0902 \u0924\u0925\u093e \u093e\u0928\u0902 \u0947\u092f\u0902 \u091a\u094b\u0924\u0902 \u0938\u092e\u093e\u0938\u0924:\u0964\n\u092e\u0924 \u090f\u0924\u093f\u093e\u092f \u092e\u093e\u0935\u093e\u092f\u094b\u092a\u092a\u0924\u0947\u0965\u0967\u096e\u0965",
      "heading_level": null,
      "page_id": 0,
      "polygon": [
        [
          124.08837890625,
          140.4755859375
        ],
        [
          426.0189208984375,
          140.4755859375
        ],
        [
          426.0189208984375,
          188.8154296875
        ],
        [
          124.08837890625,
          188.8154296875
        ]
      ]
    }
  ],
  "page_stats": [
    {
      "page_id": 0,
      "text_extraction_method": "pdftext",
      "block_counts": [
        [
          "Span",
          120
        ],
        [
          "Line",
          33
        ],
        [
          "Text",
          7
        ],
        [
          "SectionHeader",
          1
        ]
      ],
      "block_metadata": {
        "llm_request_count": 0,
        "llm_error_count": 0,
        "llm_tokens_used": 0
      }
    }
  ],
  "debug_data_path": "debug_data/page-419"
}