{
  "table_of_contents": [
    {
      "title": "\u0924\u092e\u093e\u0926\u0938\u0924: \u0938\u0924\u0924\u0902 \u0915\u093e\u092f\u0902 \u0915\u092e \u0938\u092e\u093e\u091a\u0930\u0964\n\u0905\u0938\u0924\u094b \u093e\u091a\u0930\u0928\u094d \u0915\u092e \u092a\u0930\u092e\u093e\u092a\u0937\u0947\u093f\u0924 \u092a\u0942\u0937:\u0965\u0967\u096f\u0965",
      "heading_level": null,
      "page_id": 0,
      "polygon": [
        [
          127.74610900878906,
          232.611328125
        ],
        [
          449.138671875,
          232.611328125
        ],
        [
          449.138671875,
          278.630859375
        ],
        [
          127.74610900878906,
          278.630859375
        ]
      ]
    },
    {
      "title": "\u0915\u092e\u0923\u0948\u0935 \u093f\u0939 \u0938\u0902\u093f\u0938\u093f\u092e\u093e\u093f\u0925\u0924\u093e \u091c\u0928\u0915\u093e\u0926\u092f:\u0964\n\u0932\u094b\u0915\u0938\u0902\u0939\u092e\u0947\u0935\u093e\u093f\u092a \u0938\u0902\u092a\u092f\u0928\u094d \u0915\u0924\u0941\n\u092e\u0939\u093f\u0938\u0965\u0968\u0966\u0965",
      "heading_level": null,
      "page_id": 0,
      "polygon": [
        [
          126.703125,
          492.29296875
        ],
        [
          415.046142578125,
          492.29296875
        ],
        [
          415.046142578125,
          539.2045593261719
        ],
        [
          126.703125,
          539.2045593261719
        ]
      ]
    }
  ],
  "page_stats": [
    {
      "page_id": 0,
      "text_extraction_method": "pdftext",
      "block_counts": [
        [
          "Span",
          136
        ],
        [
          "Line",
          31
        ],
        [
          "Text",
          8
        ],
        [
          "SectionHeader",
          2
        ]
      ],
      "block_metadata": {
        "llm_request_count": 0,
        "llm_error_count": 0,
        "llm_tokens_used": 0
      }
    }
  ],
  "debug_data_path": "debug_data/page-130"
}