{
  "table_of_contents": [
    {
      "title": "\u0938\u0941\u0939\n\u0943\n\u093f\u092e\u093e\u092f\u0941\n\u0926\u093e\u0938\u0940\u0928\u092e\u092f\u0925\u0947\u092f\u092c\u0927\u0941\u0937\u0941\u0964\n\u0938\u093e\u0927\u0941\n\u0935\u093f\u092a \u091a \u092a\u093e\u092a\u0947\u0937\u0941 \u0938\u092e\u092c\u0941\u093f\u093f\u0935\u093f\u0936\u092f\u0924\u0947\u0965\u096f\u0965",
      "heading_level": null,
      "page_id": 0,
      "polygon": [
        [
          126.404296875,
          303.1875
        ],
        [
          406.3246765136719,
          303.1875
        ],
        [
          406.3246765136719,
          350.3671875
        ],
        [
          126.404296875,
          350.3671875
        ]
      ]
    }
  ],
  "page_stats": [
    {
      "page_id": 0,
      "text_extraction_method": "pdftext",
      "block_counts": [
        [
          "Span",
          147
        ],
        [
          "Line",
          37
        ],
        [
          "Text",
          7
        ],
        [
          "SectionHeader",
          1
        ]
      ],
      "block_metadata": {
        "llm_request_count": 0,
        "llm_error_count": 0,
        "llm_tokens_used": 0
      }
    }
  ],
  "debug_data_path": "debug_data/page-231"
}