{
  "table_of_contents": [
    {
      "title": "\u092f\u0926\u093e \u093f\u0935\u093f\u0928\u092f\u0924\u0902 \u093f\u091a\u092e\u093e\u092e\u092f\u0947\u0935\u093e\u0935\u093f\u0924\u0924\u0947\u0964\n\u093f\u0928:\u092a\u0943\u0939: \u0938\u0935\u0915\u093e\u092e\u0947\u092f\u094b \u092f\u0941\u0924 \u0907\u092f\u0941\n\u092f\u0924\u0947 \u0924\u0926\u093e\u0965\u0967\u096e\u0965",
      "heading_level": null,
      "page_id": 0,
      "polygon": [
        [
          126.404296875,
          382.46484375
        ],
        [
          459.92071533203125,
          382.46484375
        ],
        [
          459.92071533203125,
          430.41796875
        ],
        [
          126.404296875,
          430.41796875
        ]
      ]
    }
  ],
  "page_stats": [
    {
      "page_id": 0,
      "text_extraction_method": "pdftext",
      "block_counts": [
        [
          "Span",
          155
        ],
        [
          "Line",
          33
        ],
        [
          "Text",
          8
        ],
        [
          "SectionHeader",
          1
        ]
      ],
      "block_metadata": {
        "llm_request_count": 0,
        "llm_error_count": 0,
        "llm_tokens_used": 0
      }
    }
  ],
  "debug_data_path": "debug_data/page-236"
}