{
  "table_of_contents": [
    {
      "title": "n\\ YOGA PHILOSOPHY OP FATANJALI",
      "heading_level": null,
      "page_id": 0,
      "polygon": [
        [
          56.900001525878906,
          70.38944580033422
        ],
        [
          438.115234375,
          70.38944580033422
        ],
        [
          438.115234375,
          92.27744628861547
        ],
        [
          56.900001525878906,
          92.27744628861547
        ]
      ]
    }
  ],
  "page_stats": [
    {
      "page_id": 0,
      "text_extraction_method": "pdftext",
      "block_counts": [
        [
          "Span",
          738
        ],
        [
          "Line",
          39
        ],
        [
          "Text",
          5
        ],
        [
          "SectionHeader",
          1
        ],
        [
          "PageHeader",
          1
        ]
      ],
      "block_metadata": {
        "llm_request_count": 0,
        "llm_error_count": 0,
        "llm_tokens_used": 0
      }
    }
  ],
  "debug_data_path": "debug_data/page-146"
}