{
  "table_of_contents": [
    {
      "title": "\u092f\u0924\u094b \u092f\u0924\u094b \u093f\u0928\u0930\u093f\u0924 \u092e\u0928\u091a\u0932\u092e\u093f\u0925\u0930\u092e\u094d\u0964\n\u0924\u0924\u0924\u0924\u094b \u093f\u0928\u092f\u092f\u0948\u0924\u0926\u093e\u092e\u092f\u0947\u0935 \u0935\u0936\u0902 \u0928\u092f\u0947\u0924\u094d\u0965\u0968\u096c\u0965",
      "heading_level": null,
      "page_id": 0,
      "polygon": [
        [
          125.58251953125,
          257.5546875
        ],
        [
          431.7322082519531,
          257.5546875
        ],
        [
          431.7322082519531,
          304.34765625
        ],
        [
          125.58251953125,
          304.34765625
        ]
      ]
    },
    {
      "title": "\u0936\u093e\u0924\u092e\u0928\u0938\u0902 \u0947\u0928\u0902 \u092f\u094b\u093f\u0917\u0928\u0902 \u0938\u0941\u0916\u092e\u0941\n\u092e\u092e\u094d\u0964\n\u0909\u092a\u0948\u093f\u0924 \u0936\u093e\u0924\u0930\u091c\u0938\u0902 \u092d\u0942\u0924\u092e\u0915\u092e\u0937\u092e\u094d\u0965\u0968\u096d\u0965",
      "heading_level": null,
      "page_id": 0,
      "polygon": [
        [
          126.8525390625,
          599.80078125
        ],
        [
          413.7974853515625,
          599.80078125
        ],
        [
          413.7974853515625,
          647.2045593261719
        ],
        [
          126.8525390625,
          647.2045593261719
        ]
      ]
    }
  ],
  "page_stats": [
    {
      "page_id": 0,
      "text_extraction_method": "pdftext",
      "block_counts": [
        [
          "Span",
          127
        ],
        [
          "Line",
          31
        ],
        [
          "Text",
          6
        ],
        [
          "SectionHeader",
          2
        ]
      ],
      "block_metadata": {
        "llm_request_count": 0,
        "llm_error_count": 0,
        "llm_tokens_used": 0
      }
    }
  ],
  "debug_data_path": "debug_data/page-240"
}