{
  "table_of_contents": [
    {
      "title": "\u0905\u0939\u092e\u093e\u092e\u093e \u0917\u0941\u0921\u093e\u0915\u0947 \u0936 \u0938\u0935\u092d\u0942\u0924\u093e\u0936\u092f\u093f\u0925\u0924:\u0964\n\u0905\u0939\u092e\u093e\u093f\u0926 \u092e\u092f\u0902 \u091a \u092d\u0942\u0924\u093e\u0928\u093e\u092e\u0924 \u090f\u0935 \u091a\u0965\u0968\u0966\u0965",
      "heading_level": null,
      "page_id": 0,
      "polygon": [
        [
          125.5078125,
          275.34375
        ],
        [
          433.60516357421875,
          275.34375
        ],
        [
          433.60516357421875,
          321.75
        ],
        [
          125.5078125,
          321.75
        ]
      ]
    },
    {
      "title": "\u0906\u093f\u0926\u092f\u093e\u0928\u093e\u092e\u0939\u0902 \u093f\u0935\u0923\u0941\n\u092f\u093f\u0924\u0937 \u0930\u093f\u0935\u0930\u0936\u0902 \u0941\u092e\u093e\u0928\u094d\u0964\n\u092e\u0930\u0940\u093f\u091a\u092e\u0924\u093e\u092e\u093f\u092e \u0928\u093e\u0923\u093e\u092e\u0939\u0902 \u0936\u0936\u0940\u0965\u0968\u0967\u0965",
      "heading_level": null,
      "page_id": 0,
      "polygon": [
        [
          126.404296875,
          607.1484375
        ],
        [
          412.5867614746094,
          607.1484375
        ],
        [
          412.5867614746094,
          654.7045593261719
        ],
        [
          126.404296875,
          654.7045593261719
        ]
      ]
    }
  ],
  "page_stats": [
    {
      "page_id": 0,
      "text_extraction_method": "pdftext",
      "block_counts": [
        [
          "Span",
          158
        ],
        [
          "Line",
          32
        ],
        [
          "Text",
          7
        ],
        [
          "SectionHeader",
          2
        ]
      ],
      "block_metadata": {
        "llm_request_count": 0,
        "llm_error_count": 0,
        "llm_tokens_used": 0
      }
    }
  ],
  "debug_data_path": "debug_data/page-326"
}