{
  "table_of_contents": [
    {
      "title": "SUPFRNOUMAT* POWERS 303",
      "heading_level": null,
      "page_id": 0,
      "polygon": [
        [
          221.3818359375,
          69.59995605424047
        ],
        [
          545.1832885742188,
          69.59995605424047
        ],
        [
          545.1832885742188,
          82.5863037109375
        ],
        [
          221.3818359375,
          82.5863037109375
        ]
      ]
    }
  ],
  "page_stats": [
    {
      "page_id": 0,
      "text_extraction_method": "pdftext",
      "block_counts": [
        [
          "Span",
          726
        ],
        [
          "Line",
          39
        ],
        [
          "Text",
          7
        ],
        [
          "SectionHeader",
          1
        ],
        [
          "PageHeader",
          1
        ]
      ],
      "block_metadata": {
        "llm_request_count": 0,
        "llm_error_count": 0,
        "llm_tokens_used": 0
      }
    }
  ],
  "debug_data_path": "debug_data/page-325"
}