{
  "table_of_contents": [
    {
      "title": "\u0928\u0928\u0948 \u0902 \u093f\u091b\u0926\u093f\u0924 \u0936\u093e\u093f\u0923 \u0928\u0928\u0948 \u0902 \u0926\u0939\u093f\u0924 \u092a\u093e\u0935\u0915:\u0964\n\u0928 \u091a\u0948\u0928\u0902 \u0932\u0947\u0926\u092f\u092f\u093e\u092a\u094b \u0928 \u0936\u094b\u0937\u092f\u093f\u0924 \u092e\u093e\u0924:\u0965\u0968\u0969\u0965",
      "heading_level": null,
      "page_id": 0,
      "polygon": [
        [
          126.703125,
          204.9609375
        ],
        [
          451.9749755859375,
          204.9609375
        ],
        [
          451.9749755859375,
          252.70355224609375
        ],
        [
          126.703125,
          252.70355224609375
        ]
      ]
    },
    {
      "title": "\u0905\u091b\u0947\u094b\u093d\u092f\u092e\u0926\u093e\u094b\u093d\u092f\u092e\u0932\u0947\u094b\u093d\u0936\u094b\u092f \u090f\u0935 \u091a\u0964\n\u093f\u0928\u092f: \u0938\u0935\u0917\u0924: \u0925\u093e\u0923\u0941\u0930\u091a\u0932\u094b\u093d\u092f\u0902 \u0938\u0928\u093e\u0924\u0928:\u0965\u0968\u096a\u0965",
      "heading_level": null,
      "page_id": 0,
      "polygon": [
        [
          127.74610900878906,
          513.5625
        ],
        [
          445.5351257324219,
          513.5625
        ],
        [
          445.5351257324219,
          560.7421875
        ],
        [
          127.74610900878906,
          560.7421875
        ]
      ]
    }
  ],
  "page_stats": [
    {
      "page_id": 0,
      "text_extraction_method": "pdftext",
      "block_counts": [
        [
          "Span",
          171
        ],
        [
          "Line",
          31
        ],
        [
          "Text",
          5
        ],
        [
          "SectionHeader",
          2
        ]
      ],
      "block_metadata": {
        "llm_request_count": 0,
        "llm_error_count": 0,
        "llm_tokens_used": 0
      }
    }
  ],
  "debug_data_path": "debug_data/page-066"
}