{
  "table_of_contents": [
    {
      "title": "\u0915\u092e \u094b\u0935\u0902 \u093f\u0935\u093f \u093e\u0930\u0938\u092e\u0941\u0935\u092e\u094d\u0964\n\u0924\u092e\u093e\u0938\u0935\u0917\u0924\u0902  \u093f\u0928\u092f\u0902 \u092f\u0947 \u093f\u0924\u093f\u0924\u092e\u094d\u0965\u0967\u096b\u0965",
      "heading_level": null,
      "page_id": 0,
      "polygon": [
        [
          124.7607421875,
          205.734375
        ],
        [
          450.0453186035156,
          205.734375
        ],
        [
          450.0453186035156,
          252.70452880859375
        ],
        [
          124.7607421875,
          252.70452880859375
        ]
      ]
    },
    {
      "title": "\u090f\u0935\u0902 \u0935\u093f\u0924\u0924\u0902 \u091a\u0902 \u0928\u093e\u0928\u0941\u0935\u0924\u092f\u0924\u0940\u0939 \u092f:\u0964\n\u0905\u0918\u093e\u092f\u0941\u093f\u0930\u093f\u092f\u093e\u0930\u093e\u092e\u094b \u092e\u094b\u0918\u0902 \u092a\u093e\u0925 \u0938 \u091c\u0940\u0935\u093f\u0924\u0965\u0967\u096c\u0965",
      "heading_level": null,
      "page_id": 0,
      "polygon": [
        [
          127.74610900878906,
          512.40234375
        ],
        [
          442.4779052734375,
          512.40234375
        ],
        [
          442.4779052734375,
          560.35546875
        ],
        [
          127.74610900878906,
          560.35546875
        ]
      ]
    }
  ],
  "page_stats": [
    {
      "page_id": 0,
      "text_extraction_method": "pdftext",
      "block_counts": [
        [
          "Span",
          153
        ],
        [
          "Line",
          31
        ],
        [
          "Text",
          5
        ],
        [
          "SectionHeader",
          2
        ]
      ],
      "block_metadata": {
        "llm_request_count": 0,
        "llm_error_count": 0,
        "llm_tokens_used": 0
      }
    }
  ],
  "debug_data_path": "debug_data/page-127"
}