{
  "table_of_contents": [
    {
      "title": "ON PRACTICE 2U7",
      "heading_level": null,
      "page_id": 0,
      "polygon": [
        [
          247.89999389648438,
          72.58201171830297
        ],
        [
          535.2518920898438,
          72.58201171830297
        ],
        [
          535.2518920898438,
          86.22593261674047
        ],
        [
          247.89999389648438,
          86.22593261674047
        ]
      ]
    },
    {
      "title": "Ft^r ggrenren n ^ it",
      "heading_level": null,
      "page_id": 0,
      "polygon": [
        [
          95.00244140625,
          621.3262133784592
        ],
        [
          278.3251953125,
          621.3262133784592
        ],
        [
          278.3251953125,
          652.126216430217
        ],
        [
          95.00244140625,
          652.126216430217
        ]
      ]
    }
  ],
  "page_stats": [
    {
      "page_id": 0,
      "text_extraction_method": "pdftext",
      "block_counts": [
        [
          "Span",
          596
        ],
        [
          "Line",
          36
        ],
        [
          "Text",
          5
        ],
        [
          "SectionHeader",
          2
        ]
      ],
      "block_metadata": {
        "llm_request_count": 0,
        "llm_error_count": 0,
        "llm_tokens_used": 0
      }
    }
  ],
  "debug_data_path": "debug_data/page-229"
}