{
  "table_of_contents": [
    {
      "title": "\u0935\u092e\u0930\u0902 \u092a\u0930\u092e\u0902 \u0935\u0947\u093f\u0926\u0924\u092f\u0902\n\u0935\u092e\u092f \u093f\u0935\u092f \u092a\u0930\u0902 \u093f\u0928\u0927\u093e\u0928\u092e\u094d\u0964\n\u0935\u092e\u092f\u092f: \u0936\u093e\u0924\u0927\u092e\u0917\u094b\u0924\u093e\n\u0938\u0928\u093e\u0924\u0928\u0935\u0902 \u092a\u0941\u0937\u094b \u092e\u0924\u094b \u092e\u0947\u0965\u0967\u096e\u0965",
      "heading_level": null,
      "page_id": 0,
      "polygon": [
        [
          127.74610900878906,
          114.46875
        ],
        [
          354.8287048339844,
          114.46875
        ],
        [
          354.8287048339844,
          207.861328125
        ],
        [
          127.74610900878906,
          207.861328125
        ]
      ]
    },
    {
      "title": "\u0905\u0928\u093e\u093f\u0926\u092e\u092f\u093e\u0924\u092e\u0928\u0924\u0935\u0940\u092f-\n\u092e\u0928\u0924\u092c\u093e\u0939\u0902 \n\u0941\n\u0936\u093f\u0936\u0938\u0942\u092f\u0928\u0947 \u092e\u094d\u0964\n\u092a\u092f\u093e\u093f\u092e \u0935 \u0926\u0940\u0924\u0939\u0924\n\u0941\n\u093e\u0936\u0935\u0902\n\u0935\u0924\u0947\u091c\u0938\u093e \u093f\u0935\u093f\u092e\u0926\u0902 \u0924\u092a\u0924\u092e\u094d\u0965\u0967\u096f\u0965",
      "heading_level": null,
      "page_id": 0,
      "polygon": [
        [
          125.6572265625,
          512.40234375
        ],
        [
          358.6691589355469,
          512.40234375
        ],
        [
          358.6691589355469,
          603.7045593261719
        ],
        [
          125.6572265625,
          603.7045593261719
        ]
      ]
    }
  ],
  "page_stats": [
    {
      "page_id": 0,
      "text_extraction_method": "pdftext",
      "block_counts": [
        [
          "Span",
          131
        ],
        [
          "Line",
          33
        ],
        [
          "Text",
          5
        ],
        [
          "SectionHeader",
          2
        ]
      ],
      "block_metadata": {
        "llm_request_count": 0,
        "llm_error_count": 0,
        "llm_tokens_used": 0
      }
    }
  ],
  "debug_data_path": "debug_data/page-347"
}