{
  "table_of_contents": [
    {
      "title": "\u0909\u093e\u092e\u0924\u0902 \u093f\u0925\u0924\u0902 \u0935\u093e\u093f\u092a \u092d\u0941\u093e\u0928\u0902 \u0935\u093e \u0917\u0941\u0923\u093e\u093f\u0935\u0924\u092e\u094d\u0964\n\u093f\u0935\u092e\u0942\u0922\u093e \u0928\u093e\u0928\u0941\u092a\u092f\u093f\u0924 \u092a\u092f\u093f\u0924 \u093e\u0928\u091a\u0941\u0937:\u0965\u0967\u0966\u0965",
      "heading_level": null,
      "page_id": 0,
      "polygon": [
        [
          125.6572265625,
          132.2578125
        ],
        [
          442.89410400390625,
          132.2578125
        ],
        [
          442.89410400390625,
          182.14453125
        ],
        [
          125.6572265625,
          182.14453125
        ]
      ]
    },
    {
      "title": "\u092f\u0924\u0924\u094b \u092f\u094b\u093f\u0917\u0928\u0948\u0928\u0902 \u092a\u092f\u092f\u093e\u092e\u092f\u0935\u093f\u0925\u0924\u092e\u094d\u0964\n\u092f\u0924\u0924\u094b\u093d\u092f\u0915\u0943 \u0924\u093e\u092e\u093e\u0928\u094b \u0928\u0928\u0948 \u0902 \u092a\u092f\u092f\u091a\u0947\u0924\u0938:\u0965\u0967\u0967\u0965",
      "heading_level": null,
      "page_id": 0,
      "polygon": [
        [
          126.404296875,
          520.91015625
        ],
        [
          445.71295166015625,
          520.91015625
        ],
        [
          445.71295166015625,
          568.08984375
        ],
        [
          126.404296875,
          568.08984375
        ]
      ]
    }
  ],
  "page_stats": [
    {
      "page_id": 0,
      "text_extraction_method": "pdftext",
      "block_counts": [
        [
          "Span",
          136
        ],
        [
          "Line",
          31
        ],
        [
          "Text",
          6
        ],
        [
          "SectionHeader",
          2
        ]
      ],
      "block_metadata": {
        "llm_request_count": 0,
        "llm_error_count": 0,
        "llm_tokens_used": 0
      }
    }
  ],
  "debug_data_path": "debug_data/page-470"
}