{
  "table_of_contents": [
    {
      "title": "\u0928 \u0915\u0924\u0943\n\u0935\u0902 \u0928 \u0915\u092e\u093f\u0923 \u0932\u094b\u0915\u092f \u0938\u0943\u091c\u093f\u0924 \u092d\u0941:\u0964\n\u0928 \u0915\u092e\u092b\u0932\u0938\u0902\u092f\u094b\u0917\u0902 \u0935\u092d\u093e\u0935\u0924\u0941 \u0935\u0924\u0924\u0947\u0965\u0967\u096a\u0965",
      "heading_level": null,
      "page_id": 0,
      "polygon": [
        [
          125.5078125,
          329.09765625
        ],
        [
          432.0727844238281,
          329.09765625
        ],
        [
          432.0727844238281,
          375.7045593261719
        ],
        [
          125.5078125,
          375.7045593261719
        ]
      ]
    }
  ],
  "page_stats": [
    {
      "page_id": 0,
      "text_extraction_method": "pdftext",
      "block_counts": [
        [
          "Span",
          115
        ],
        [
          "Line",
          33
        ],
        [
          "Text",
          9
        ],
        [
          "SectionHeader",
          1
        ]
      ],
      "block_metadata": {
        "llm_request_count": 0,
        "llm_error_count": 0,
        "llm_tokens_used": 0
      }
    }
  ],
  "debug_data_path": "debug_data/page-208"
}