{
  "table_of_contents": [
    {
      "title": "CHAPTER 16",
      "heading_level": null,
      "page_id": 0,
      "polygon": [
        [
          212.64846801757812,
          91.9423828125
        ],
        [
          404.7784729003906,
          91.9423828125
        ],
        [
          404.7784729003906,
          126.42205810546875
        ],
        [
          212.64846801757812,
          126.42205810546875
        ]
      ]
    },
    {
      "title": "THE DIVINE AND THE\nDEMONIACAL ATTRIBUTES",
      "heading_level": null,
      "page_id": 0,
      "polygon": [
        [
          106.28907775878906,
          143.666015625
        ],
        [
          512.19287109375,
          143.666015625
        ],
        [
          512.19287109375,
          215.208984375
        ],
        [
          106.28907775878906,
          215.208984375
        ]
      ]
    },
    {
      "title": "\u0905\u092d\u092f\u0902 \u0938\u0935\u0938\u0902\u0936\u0941\u093f\u0928\u092f\u094b\u0917\u092f\u0935\u093f\u0925\u093f\u0924:\u0964\n\u0926\u093e\u0928\u0902 \u0926\u092e \u092f \u0935\u093e\u092f\u093e\u092f\u0924\u092a \u0906\u091c\u0935\u092e\u094d\u0965\u0967\u0965",
      "heading_level": null,
      "page_id": 0,
      "polygon": [
        [
          127.74610900878906,
          479.14453125
        ],
        [
          439.1672058105469,
          479.14453125
        ],
        [
          439.1672058105469,
          526.45458984375
        ],
        [
          127.74610900878906,
          526.45458984375
        ]
      ]
    }
  ],
  "page_stats": [
    {
      "page_id": 0,
      "text_extraction_method": "pdftext",
      "block_counts": [
        [
          "Span",
          75
        ],
        [
          "Line",
          23
        ],
        [
          "Text",
          4
        ],
        [
          "SectionHeader",
          3
        ],
        [
          "Picture",
          1
        ]
      ],
      "block_metadata": {
        "llm_request_count": 0,
        "llm_error_count": 0,
        "llm_tokens_used": 0
      }
    }
  ],
  "debug_data_path": "debug_data/page-480"
}