{
  "table_of_contents": [
    {
      "title": "The Teacher Of Former Tfathers) Because With Him There\nIs No Limitation By Time (Of His Omnipotence). 26.",
      "heading_level": null,
      "page_id": 0,
      "polygon": [
        [
          68.9000015258789,
          238.26047851517797
        ],
        [
          532.8271484375,
          238.26047851517797
        ],
        [
          532.8271484375,
          273.19775390625
        ],
        [
          68.9000015258789,
          273.19775390625
        ]
      ]
    },
    {
      "title": "n*tjs: n \u00bb",
      "heading_level": null,
      "page_id": 0,
      "polygon": [
        [
          97.6898193359375,
          411.5439453125
        ],
        [
          262.92724609375,
          411.5439453125
        ],
        [
          262.92724609375,
          426.20725585892797
        ],
        [
          97.6898193359375,
          426.20725585892797
        ]
      ]
    },
    {
      "title": "The Sacred Wore! Designating Him Is Pranava Or\nThe Mystic Syllable Oin. 27.",
      "heading_level": null,
      "page_id": 0,
      "polygon": [
        [
          106.08999633789062,
          572.1794848628342
        ],
        [
          497.3828125,
          572.1794848628342
        ],
        [
          497.3828125,
          606.83203125
        ],
        [
          106.08999633789062,
          606.83203125
        ]
      ]
    }
  ],
  "page_stats": [
    {
      "page_id": 0,
      "text_extraction_method": "pdftext",
      "block_counts": [
        [
          "Span",
          401
        ],
        [
          "Line",
          31
        ],
        [
          "Text",
          8
        ],
        [
          "SectionHeader",
          3
        ],
        [
          "PageHeader",
          2
        ]
      ],
      "block_metadata": {
        "llm_request_count": 0,
        "llm_error_count": 0,
        "llm_tokens_used": 0
      }
    }
  ],
  "debug_data_path": "debug_data/page-093"
}