{
  "table_of_contents": [
    {
      "title": "\u0924\u0947\u0937\u093e\u092e\u0947\u0935\u093e\u0928\u0941\u0915\u092a\u093e\u0925\u092e\u0939\u092e\u093e\u0928\u091c\u0902 \u0924\u092e:\u0964\n\u0928\u093e\u0936\u092f\u093e\u092f\u093e\u092e\u092d\u093e\u0935\u0925\u094b \u093e\u0928\u0926\u0940\u092a\u0947\u0928 \u092d\u093e\u0935\u0924\u093e\u0965\u0967\u0967\u0965",
      "heading_level": null,
      "page_id": 0,
      "polygon": [
        [
          127.599609375,
          363.90234375
        ],
        [
          440.26446533203125,
          363.90234375
        ],
        [
          440.26446533203125,
          411.7045593261719
        ],
        [
          127.599609375,
          411.7045593261719
        ]
      ]
    }
  ],
  "page_stats": [
    {
      "page_id": 0,
      "text_extraction_method": "pdftext",
      "block_counts": [
        [
          "Span",
          123
        ],
        [
          "Line",
          33
        ],
        [
          "Text",
          5
        ],
        [
          "SectionHeader",
          1
        ]
      ],
      "block_metadata": {
        "llm_request_count": 0,
        "llm_error_count": 0,
        "llm_tokens_used": 0
      }
    }
  ],
  "debug_data_path": "debug_data/page-322"
}