{
  "table_of_contents": [
    {
      "title": "Objection: How so?",
      "heading_level": null,
      "page_id": 0,
      "polygon": [
        [
          99.49219512939453,
          72.65478515625
        ],
        [
          232.28050231933594,
          72.65478515625
        ],
        [
          232.28050231933594,
          89.08599853515625
        ],
        [
          99.49219512939453,
          89.08599853515625
        ]
      ]
    }
  ],
  "page_stats": [
    {
      "page_id": 0,
      "text_extraction_method": "pdftext",
      "block_counts": [
        [
          "Span",
          104
        ],
        [
          "Line",
          33
        ],
        [
          "Text",
          6
        ],
        [
          "SectionHeader",
          1
        ]
      ],
      "block_metadata": {
        "llm_request_count": 0,
        "llm_error_count": 0,
        "llm_tokens_used": 0
      }
    }
  ],
  "debug_data_path": "debug_data/page-049"
}