{
  "table_of_contents": [
    {
      "title": "\u092f\u094b\u093f\u0924\u0937\u093e\u092e\u093f\u092a \u0924\u092f\u094b\u093f\u0924\u0924\u092e\u0938: \u092a\u0930\u092e\u0941\n\u092f\u0924\u0947\u0964\n\u093e\u0928\u0902 \u0947\u092f\u0902 \u093e\u0928\u0917\u092f\u0902 \u0939\n\u0943\n\u093f\u0926 \u0938\u0935\u092f \u093f\u0935\u093f\u0924\u092e\u094d\u0965\u0967\u096d\u0965",
      "heading_level": null,
      "page_id": 0,
      "polygon": [
        [
          125.208984375,
          286.751953125
        ],
        [
          456.5721130371094,
          286.751953125
        ],
        [
          456.5721130371094,
          333.7748718261719
        ],
        [
          125.208984375,
          333.7748718261719
        ]
      ]
    }
  ],
  "page_stats": [
    {
      "page_id": 0,
      "text_extraction_method": "pdftext",
      "block_counts": [
        [
          "Span",
          150
        ],
        [
          "Line",
          36
        ],
        [
          "Text",
          5
        ],
        [
          "SectionHeader",
          1
        ]
      ],
      "block_metadata": {
        "llm_request_count": 0,
        "llm_error_count": 0,
        "llm_tokens_used": 0
      }
    }
  ],
  "debug_data_path": "debug_data/page-418"
}