{
  "table_of_contents": [
    {
      "title": "ON PRACTICE IG7",
      "heading_level": null,
      "page_id": 0,
      "polygon": [
        [
          240.84716796875,
          71.12882568314672
        ],
        [
          530.8921508789062,
          71.12882568314672
        ],
        [
          530.8921508789062,
          84.46561767533422
        ],
        [
          240.84716796875,
          84.46561767533422
        ]
      ]
    },
    {
      "title": "Identification Of Thf Sccr Or Tht Subject With The Seen Or\nThe Object Is The Cause Of The Avoidable. 17.",
      "heading_level": null,
      "page_id": 0,
      "polygon": [
        [
          66.0,
          150.45145751908422
        ],
        [
          520.1167602539062,
          150.45145751908422
        ],
        [
          520.1167602539062,
          187.36863281205297
        ],
        [
          66.0,
          187.36863281205297
        ]
      ]
    }
  ],
  "page_stats": [
    {
      "page_id": 0,
      "text_extraction_method": "pdftext",
      "block_counts": [
        [
          "Span",
          655
        ],
        [
          "Line",
          35
        ],
        [
          "Text",
          3
        ],
        [
          "SectionHeader",
          2
        ],
        [
          "PageHeader",
          1
        ]
      ],
      "block_metadata": {
        "llm_request_count": 0,
        "llm_error_count": 0,
        "llm_tokens_used": 0
      }
    }
  ],
  "debug_data_path": "debug_data/page-189"
}