{
  "table_of_contents": [
    {
      "title": "CHAPTER 1\nTHE MELANCHOLY OF\nARJUNA",
      "heading_level": null,
      "page_id": 0,
      "polygon": [
        [
          142.12501525878906,
          94.50439453125
        ],
        [
          476.33203125,
          94.50439453125
        ],
        [
          476.33203125,
          215.208984375
        ],
        [
          142.12501525878906,
          215.208984375
        ]
      ]
    },
    {
      "title": "\u0927\u092e\u0947\u0947 \u0915\u0941 \u0947\u0947 \u0938\u092e\u0935\u0947\u0924\u093e \u092f\u0941\u092f\u0941\n\u0938\u0935:\u0964\n\u092e\u093e\u092e\u0915\u093e: \u092a\u093e\u0921\u0935\u093e\u0948\u0935 \u093f\u0915\u092e\u0915\u0941 \u0935\u0924 \u0938\u092f\u0965\u0967\u0965",
      "heading_level": null,
      "page_id": 0,
      "polygon": [
        [
          127.599609375,
          374.73046875
        ],
        [
          417.7892761230469,
          374.73046875
        ],
        [
          417.7892761230469,
          420.18157958984375
        ],
        [
          127.599609375,
          420.18157958984375
        ]
      ]
    },
    {
      "title": "\u0926\n\u0943 \u0935\u093e \u0924\u0941 \u092a\u093e\u0921\u0935\u093e\u0928\u0940\u0915\u0902 \u092f\u0942\u0922\u0902 \u0926\u092f\n\u0941\n\u0927\u0928\u0924\u0926\u093e\u0964\n\u0906\u091a\u093e\u092f\u092e\u0941\u092a\u0938\u092f \u0930\u093e\u091c\u093e \u0935\u091a\u0928\u092e\u0935\u0940\u0924\u094d\u0965\u0968\u0965",
      "heading_level": null,
      "page_id": 0,
      "polygon": [
        [
          125.0595703125,
          527.484375
        ],
        [
          417.5958557128906,
          527.484375
        ],
        [
          417.5958557128906,
          575.4375
        ],
        [
          125.0595703125,
          575.4375
        ]
      ]
    }
  ],
  "page_stats": [
    {
      "page_id": 0,
      "text_extraction_method": "pdftext",
      "block_counts": [
        [
          "Span",
          96
        ],
        [
          "Line",
          23
        ],
        [
          "Text",
          4
        ],
        [
          "SectionHeader",
          3
        ],
        [
          "Handwriting",
          2
        ]
      ],
      "block_metadata": {
        "llm_request_count": 0,
        "llm_error_count": 0,
        "llm_tokens_used": 0
      }
    }
  ],
  "debug_data_path": "debug_data/page-022"
}