{
  "table_of_contents": [
    {
      "title": "\u092f\u0935\u093e \u0915\u092e\u092b\u0932\u093e\u0938\u0902 \u093f\u0928\u092f\u0924\u0943\n\u0924\u094b \u093f\u0928\u0930\u093e\u092f:\u0964\n\u0915\u092e\u092f\u093f\u092d\u0935\u0943\n\u094b\u093d\u093f\u092a \u0928\u0935\u0948 \u093f\u0915\u093f\u091a\u0915\u0930\u094b\u093f\u0924 \u0938:\u0965\u0968\u0966\u0965",
      "heading_level": null,
      "page_id": 0,
      "polygon": [
        [
          124.91015625,
          551.84765625
        ],
        [
          456.7424621582031,
          551.84765625
        ],
        [
          456.7424621582031,
          599.2045593261719
        ],
        [
          124.91015625,
          599.2045593261719
        ]
      ]
    }
  ],
  "page_stats": [
    {
      "page_id": 0,
      "text_extraction_method": "pdftext",
      "block_counts": [
        [
          "Span",
          118
        ],
        [
          "Line",
          34
        ],
        [
          "Text",
          6
        ],
        [
          "SectionHeader",
          1
        ]
      ],
      "block_metadata": {
        "llm_request_count": 0,
        "llm_error_count": 0,
        "llm_tokens_used": 0
      }
    }
  ],
  "debug_data_path": "debug_data/page-168"
}