{
  "table_of_contents": [
    {
      "title": "\u0905\u092f\u0947 \u0935\u0947\u0935\u092e\u091c\u093e\u0928\u0924: \u0941\n\u0935\u093e\u093d\u092f\u0947\u092f \u0909\u092a\u093e\u0938\u0924\u0947\u0964\n\u0924\u0947\n\u093d\u093f\u092a \u091a\u093e\u093f\u0924\u0924\u0930\u092f\u0947\u0935 \u092e\u0943\n\u092f\u0941\u0902 \u0941\u093f\u0924\u092a\u0930\u093e\u092f\u0923\u093e:\u0965\u0968\u096b\u0965",
      "heading_level": null,
      "page_id": 0,
      "polygon": [
        [
          124.611328125,
          303.9609375
        ],
        [
          436.5375061035156,
          303.9609375
        ],
        [
          436.5375061035156,
          350.2045593261719
        ],
        [
          124.611328125,
          350.2045593261719
        ]
      ]
    }
  ],
  "page_stats": [
    {
      "page_id": 0,
      "text_extraction_method": "pdftext",
      "block_counts": [
        [
          "Span",
          124
        ],
        [
          "Line",
          34
        ],
        [
          "Text",
          5
        ],
        [
          "SectionHeader",
          1
        ]
      ],
      "block_metadata": {
        "llm_request_count": 0,
        "llm_error_count": 0,
        "llm_tokens_used": 0
      }
    }
  ],
  "debug_data_path": "debug_data/page-429"
}