{
  "table_of_contents": [
    {
      "title": "\u0936\u0941\u092d\u093e\u0936\u0941\u092d\u092b\u0932\u0948\u0930\u0947\u0935\u0902 \u092e\u094b\u092f\u0938\u0947 \u0915\u092e\u092c\u0927\u0928:\n\u0948 \u0964\n\u0938\u0902\u092f\u093e\u0938\u092f\u094b\u0917\u092f\u0941\u0924\u093e\u092e\u093e \u093f\u0935\u092e\u0941\u0924\u094b \u092e\u093e\u092e\u0941\u092a\u0948\u092f\u093f\u0938\u0965\u0968\u096e\u0965",
      "heading_level": null,
      "page_id": 0,
      "polygon": [
        [
          124.013671875,
          293.90625
        ],
        [
          443.12115478515625,
          293.90625
        ],
        [
          443.12115478515625,
          340.3125
        ],
        [
          124.013671875,
          340.3125
        ]
      ]
    }
  ],
  "page_stats": [
    {
      "page_id": 0,
      "text_extraction_method": "pdftext",
      "block_counts": [
        [
          "Span",
          129
        ],
        [
          "Line",
          31
        ],
        [
          "Text",
          7
        ],
        [
          "SectionHeader",
          1
        ]
      ],
      "block_metadata": {
        "llm_request_count": 0,
        "llm_error_count": 0,
        "llm_tokens_used": 0
      }
    }
  ],
  "debug_data_path": "debug_data/page-310"
}