{
  "table_of_contents": [
    {
      "title": "\u0938\u0935\u0927\u092e\u092a\u093f\u0930\u092f\u092f \u092e\u093e\u092e\u0947\u0915\u0902 \u0936\u0930\u0923\u0902 \u0935\u091c\u0964\n\u0905\u0939\u0902 \u0935\u093e \u0938\u0935\u092a\u093e\u092a\u0947\u092f\u094b \u092e\u094b\u093f\u092f\u092f\u093e\u093f\u092e \u092e\u093e \u0936\u0941\u091a:\u0965\u096c\u096c\u0965",
      "heading_level": null,
      "page_id": 0,
      "polygon": [
        [
          125.0595703125,
          428.484375
        ],
        [
          461.4720153808594,
          428.484375
        ],
        [
          461.4720153808594,
          474.1171875
        ],
        [
          125.0595703125,
          474.1171875
        ]
      ]
    }
  ],
  "page_stats": [
    {
      "page_id": 0,
      "text_extraction_method": "pdftext",
      "block_counts": [
        [
          "Span",
          133
        ],
        [
          "Line",
          32
        ],
        [
          "Text",
          7
        ],
        [
          "SectionHeader",
          1
        ]
      ],
      "block_metadata": {
        "llm_request_count": 0,
        "llm_error_count": 0,
        "llm_tokens_used": 0
      }
    }
  ],
  "debug_data_path": "debug_data/page-568"
}