{
  "table_of_contents": [
    {
      "title": "\u0928 \u091a \u0924\u092e\u093e\u092e\u0928\u0941\n\u092f\u0947\u0937\u0941 \u0915\u093f\u092e\u0947 \u093f\u092f\u0915\u0943\n\u092e:\u0964\n\u092d\u093f\u0935\u0924\u093e \u0928 \u091a \u092e\u0947 \u0924\u092e\u093e\u0926\u092f: \u093f\u092f\u0924\u0930\u094b \u092d\u0941\u093f\u0935\u0965\u096c\u096f\u0965",
      "heading_level": null,
      "page_id": 0,
      "polygon": [
        [
          124.611328125,
          411.46875
        ],
        [
          452.8830871582031,
          411.46875
        ],
        [
          452.8830871582031,
          455.2045593261719
        ],
        [
          124.611328125,
          455.2045593261719
        ]
      ]
    }
  ],
  "page_stats": [
    {
      "page_id": 0,
      "text_extraction_method": "pdftext",
      "block_counts": [
        [
          "Span",
          165
        ],
        [
          "Line",
          34
        ],
        [
          "Text",
          8
        ],
        [
          "SectionHeader",
          1
        ]
      ],
      "block_metadata": {
        "llm_request_count": 0,
        "llm_error_count": 0,
        "llm_tokens_used": 0
      }
    }
  ],
  "debug_data_path": "debug_data/page-585"
}