{
  "table_of_contents": [
    {
      "title": "ON PRACTICE 1SQ",
      "heading_level": null,
      "page_id": 0,
      "polygon": [
        [
          251.160888671875,
          70.87791015580297
        ],
        [
          535.3667602539062,
          70.87791015580297
        ],
        [
          535.3667602539062,
          84.6419677734375
        ],
        [
          251.160888671875,
          84.6419677734375
        ]
      ]
    }
  ],
  "page_stats": [
    {
      "page_id": 0,
      "text_extraction_method": "pdftext",
      "block_counts": [
        [
          "Span",
          591
        ],
        [
          "Line",
          36
        ],
        [
          "Text",
          2
        ],
        [
          "SectionHeader",
          1
        ],
        [
          "PageHeader",
          1
        ]
      ],
      "block_metadata": {
        "llm_request_count": 0,
        "llm_error_count": 0,
        "llm_tokens_used": 0
      }
    }
  ],
  "debug_data_path": "debug_data/page-211"
}