{
  "table_of_contents": [
    {
      "title": "ON CONCENTRATION",
      "heading_level": null,
      "page_id": 0,
      "polygon": [
        [
          227.80856423173805,
          68.97951914514692
        ],
        [
          389.67254408060455,
          67.47996438112199
        ],
        [
          389.67254408060455,
          81.3529052734375
        ],
        [
          227.80856423173805,
          81.3529052734375
        ]
      ]
    },
    {
      "title": "Isvara Is a Particular Purusa Unaffected By Affliction,\nDeed, Result Of Action Or the Latent Impressions\nThereof. 24.",
      "heading_level": null,
      "page_id": 0,
      "polygon": [
        [
          101.91435768261965,
          402.63045414069455
        ],
        [
          522.3681640625,
          402.63045414069455
        ],
        [
          522.3681640625,
          450.1904296875
        ],
        [
          101.91435768261965,
          450.1904296875
        ]
      ]
    }
  ],
  "page_stats": [
    {
      "page_id": 0,
      "text_extraction_method": "surya",
      "block_counts": [
        [
          "Line",
          34
        ],
        [
          "Span",
          34
        ],
        [
          "Text",
          5
        ],
        [
          "SectionHeader",
          2
        ],
        [
          "TextInlineMath",
          1
        ]
      ],
      "block_metadata": {
        "llm_request_count": 0,
        "llm_error_count": 0,
        "llm_tokens_used": 0
      }
    }
  ],
  "debug_data_path": "debug_data/page-087"
}