{
  "table_of_contents": [
    {
      "title": "\u092d\u092f\u093e \u092e\u093e\u092e\u093f\u092d\u091c\u093e\u0928\u093e\u093f\u0924 \u092f\u093e\u0935\u093e\u092f\u093e\u093f\u092e \u0924\u0935\u0924:\u0964\n\u0924\u0924\u094b \u092e \u0924\u0935\u0924\u094b \u093e\u0935\u093e \u093f\u0935\u0936\u0924\u0947 \u0924\u0926\u0928\u0924\u0930\u092e\u094d\u0965\u096b\u096b\u0965",
      "heading_level": null,
      "page_id": 0,
      "polygon": [
        [
          125.3583984375,
          285.591796875
        ],
        [
          461.1126403808594,
          285.591796875
        ],
        [
          461.1126403808594,
          332.2026062011719
        ],
        [
          125.3583984375,
          332.2026062011719
        ]
      ]
    }
  ],
  "page_stats": [
    {
      "page_id": 0,
      "text_extraction_method": "pdftext",
      "block_counts": [
        [
          "Span",
          132
        ],
        [
          "Line",
          32
        ],
        [
          "Text",
          5
        ],
        [
          "SectionHeader",
          1
        ]
      ],
      "block_metadata": {
        "llm_request_count": 0,
        "llm_error_count": 0,
        "llm_tokens_used": 0
      }
    }
  ],
  "debug_data_path": "debug_data/page-561"
}