{
  "table_of_contents": [
    {
      "title": "22 YOGA PHILOSOPHY OF PATAWJALI",
      "heading_level": null,
      "page_id": 0,
      "polygon": [
        [
          62.900001525878906,
          73.37821533158422
        ],
        [
          426.494140625,
          73.37821533158422
        ],
        [
          426.494140625,
          89.74320556595922
        ],
        [
          62.900001525878906,
          89.74320556595922
        ]
      ]
    }
  ],
  "page_stats": [
    {
      "page_id": 0,
      "text_extraction_method": "pdftext",
      "block_counts": [
        [
          "Span",
          776
        ],
        [
          "Line",
          40
        ],
        [
          "Text",
          3
        ],
        [
          "SectionHeader",
          1
        ]
      ],
      "block_metadata": {
        "llm_request_count": 0,
        "llm_error_count": 0,
        "llm_tokens_used": 0
      }
    }
  ],
  "debug_data_path": "debug_data/page-044"
}