{
  "table_of_contents": [
    {
      "title": "\u0928\u0939\u0947 \u093e\u093f\u092d\u092e\u0928\u093e\u0936\u094b\u093d\u093f\u0924 \u092f\u0935\u093e\u092f\u094b \u0928 \u093f\u0935\u0924\u0947\u0964\n\u0935\u092a\u092e\u092f\u092f \u0927\u092e\u092f \u093e\u092f\u0924\u0947 \u092e\u0939\u0924\u094b \u092d\u092f\u093e\u0924\u094d\u0965\u096a\u0966\u0965",
      "heading_level": null,
      "page_id": 0,
      "polygon": [
        [
          125.0595703125,
          393.486328125
        ],
        [
          454.47222900390625,
          393.486328125
        ],
        [
          454.47222900390625,
          440.2045593261719
        ],
        [
          125.0595703125,
          440.2045593261719
        ]
      ]
    },
    {
      "title": "\u092f\u0935\u0938\u093e\u092f\u093e\u093f\u092e\u0915\u093e \u092c\u0941\u093f\u0930\u0947\u0915\u0947 \u0939 \u0915\u0941 \u0928\u0926\u0928\u0964\n\u092c\u0939\u0936\n\u0941\n\u093e\u0916\u093e \u0928\u0924\u093e \u092c\u0941\u092f\u094b\u093d\u092f\u0935\u0938\u093e\u093f\u092f\u0928\u093e\u092e\u094d\u0965\u096a\u0967\u0965",
      "heading_level": null,
      "page_id": 0,
      "polygon": [
        [
          126.10546875,
          664.76953125
        ],
        [
          439.27734375,
          664.76953125
        ],
        [
          439.27734375,
          713.2553329467773
        ],
        [
          126.10546875,
          713.2553329467773
        ]
      ]
    }
  ],
  "page_stats": [
    {
      "page_id": 0,
      "text_extraction_method": "pdftext",
      "block_counts": [
        [
          "Span",
          155
        ],
        [
          "Line",
          34
        ],
        [
          "Text",
          4
        ],
        [
          "SectionHeader",
          2
        ]
      ],
      "block_metadata": {
        "llm_request_count": 0,
        "llm_error_count": 0,
        "llm_tokens_used": 0
      }
    }
  ],
  "debug_data_path": "debug_data/page-075"
}