{
  "table_of_contents": [
    {
      "title": "\u093f\u0928\u092f\u0924\u092f \u0924\u0941 \u0938\u0902\u092f\u093e\u0938: \u0915\u092e\u0923\u094b \u0928\u094b\u092a\u092a\u0924\u0947\u0964\n\u092e\u094b\u0939\u093e\u092f \u092a\u093f\u0930\u092f\u093e\u0917\u0924\u093e\u092e\u0938: \u092a\u093f\u0930\u0915\u0940\u093f\u0924\u0924:\u0965\u096d\u0965",
      "heading_level": null,
      "page_id": 0,
      "polygon": [
        [
          124.91015625,
          277.083984375
        ],
        [
          428.66748046875,
          277.083984375
        ],
        [
          428.66748046875,
          325.423828125
        ],
        [
          124.91015625,
          325.423828125
        ]
      ]
    }
  ],
  "page_stats": [
    {
      "page_id": 0,
      "text_extraction_method": "pdftext",
      "block_counts": [
        [
          "Span",
          135
        ],
        [
          "Line",
          33
        ],
        [
          "Text",
          6
        ],
        [
          "SectionHeader",
          1
        ]
      ],
      "block_metadata": {
        "llm_request_count": 0,
        "llm_error_count": 0,
        "llm_tokens_used": 0
      }
    }
  ],
  "debug_data_path": "debug_data/page-519"
}