{
  "table_of_contents": [
    {
      "title": "IS2 YOGA PHILOSOPHY OF PATaSJALT",
      "heading_level": null,
      "page_id": 0,
      "polygon": [
        [
          66.95000457763672,
          69.84025146439672
        ],
        [
          436.3720703125,
          69.84025146439672
        ],
        [
          436.3720703125,
          89.34989501908422
        ],
        [
          66.95000457763672,
          89.34989501908422
        ]
      ]
    }
  ],
  "page_stats": [
    {
      "page_id": 0,
      "text_extraction_method": "pdftext",
      "block_counts": [
        [
          "Span",
          733
        ],
        [
          "Line",
          38
        ],
        [
          "Text",
          5
        ],
        [
          "SectionHeader",
          1
        ]
      ],
      "block_metadata": {
        "llm_request_count": 0,
        "llm_error_count": 0,
        "llm_tokens_used": 0
      }
    }
  ],
  "debug_data_path": "debug_data/page-154"
}