{
  "table_of_contents": [
    {
      "title": "\u0906\u092a\u0942\u092f\u092e\u093e\u0923\u092e\u091a\u0932\u093f\u0924\u0902\n\u0938\u092e\u0941\u092e\u093e\u092a: \u093f\u0935\u0936\u093f\u0924 \u092f\u0924\u094d\u0964\n\u0924\u0915\u093e\u092e\u093e \u092f\u0902 \u093f\u0935\u0936\u093f\u0924 \u0938\u0935\n\u0938 \u0936\u093e\u093f\u0924\u092e\u093e\u094b\u093f\u0924 \u0928 \u0915\u093e\u092e\u0915\u093e\u092e\u0940\u0965\u096d\u0966\u0965",
      "heading_level": null,
      "page_id": 0,
      "polygon": [
        [
          127.22607421875,
          329.484375
        ],
        [
          375.8092956542969,
          329.484375
        ],
        [
          375.8092956542969,
          420.7045593261719
        ],
        [
          127.22607421875,
          420.7045593261719
        ]
      ]
    }
  ],
  "page_stats": [
    {
      "page_id": 0,
      "text_extraction_method": "pdftext",
      "block_counts": [
        [
          "Span",
          122
        ],
        [
          "Line",
          31
        ],
        [
          "Text",
          5
        ],
        [
          "SectionHeader",
          1
        ]
      ],
      "block_metadata": {
        "llm_request_count": 0,
        "llm_error_count": 0,
        "llm_tokens_used": 0
      }
    }
  ],
  "debug_data_path": "debug_data/page-095"
}