{
  "table_of_contents": [
    {
      "title": "\u092d\u0935\u093e\u092f\u092f\u094c \u093f\u0939 \u092d\u0942\u0924\u093e\u0928 \u0941\u0924\u094c \u093f\u0935\u0924\u0930\u0936\u094b \u092e\u092f\u093e\u0964\n\u0935: \u0915\u092e\u0932\u092a\u093e \u092e\u093e\u0939\u093e\u092f\u092e\u093f\u092a \u091a\u093e\u092f\u092f\u092e\u094d\u0965\u0968\u0965",
      "heading_level": null,
      "page_id": 0,
      "polygon": [
        [
          125.3583984375,
          70.0927734375
        ],
        [
          435.36456298828125,
          70.0927734375
        ],
        [
          435.36456298828125,
          116.20458984375
        ],
        [
          125.3583984375,
          116.20458984375
        ]
      ]
    },
    {
      "title": "\u090f\u0935\u092e\u0947\u0924\u0925\u093e\u0925 \u0935\u092e\u093e\u092e\u093e\u0928\u0902 \u092a\u0930\u092e\u0947\u0930\u0964\n\u0941\u093f\u092e\u091b\u093e\u093f\u092e \u0924\u0947 \u092a\u092e\u0948\u0930\u0902 \u092a\u0941\u0937\u094b\u092e\u0965\u0969\u0965",
      "heading_level": null,
      "page_id": 0,
      "polygon": [
        [
          124.91015625,
          305.701171875
        ],
        [
          400.80047607421875,
          305.701171875
        ],
        [
          400.80047607421875,
          352.107421875
        ],
        [
          124.91015625,
          352.107421875
        ]
      ]
    },
    {
      "title": "\u092e\u092f\u0938\u0947 \u092f\u093f\u0926 \u0924\u091b\u092f\u0902 \u092e\u092f\u093e \u0941\u093f\u092e\u093f\u0924 \u092d\u094b\u0964\n\u092f\u094b\u0917\u0947\u0930 \u0924\u0924\u094b \u092e\u0947 \u0935\u0902 \u0926\u0936\u092f\u093e\u092e\u093e\u0928\u092e\u092f\u092f\u092e\u094d\u0965\u096a\u0965",
      "heading_level": null,
      "page_id": 0,
      "polygon": [
        [
          124.4619140625,
          524.390625
        ],
        [
          422.840576171875,
          524.390625
        ],
        [
          422.840576171875,
          569.2046813964844
        ],
        [
          124.4619140625,
          569.2046813964844
        ]
      ]
    }
  ],
  "page_stats": [
    {
      "page_id": 0,
      "text_extraction_method": "pdftext",
      "block_counts": [
        [
          "Span",
          174
        ],
        [
          "Line",
          29
        ],
        [
          "Text",
          6
        ],
        [
          "SectionHeader",
          3
        ]
      ],
      "block_metadata": {
        "llm_request_count": 0,
        "llm_error_count": 0,
        "llm_tokens_used": 0
      }
    }
  ],
  "debug_data_path": "debug_data/page-340"
}