{
  "table_of_contents": [
    {
      "title": "CHAPTER 14",
      "heading_level": null,
      "page_id": 0,
      "polygon": [
        [
          212.64846801757812,
          92.42578125
        ],
        [
          404.7784729003906,
          92.42578125
        ],
        [
          404.7784729003906,
          126.42205810546875
        ],
        [
          212.64846801757812,
          126.42205810546875
        ]
      ]
    },
    {
      "title": "THE CLASSIFICATION OF THE\nTHREE GUNAS",
      "heading_level": null,
      "page_id": 0,
      "polygon": [
        [
          87.556640625,
          145.212890625
        ],
        [
          530.4676513671875,
          145.212890625
        ],
        [
          530.4676513671875,
          213.42205810546875
        ],
        [
          87.556640625,
          213.42205810546875
        ]
      ]
    },
    {
      "title": "\u092a\u0930\u0902 \u092d\u0942\u092f: \u0935\u092f\u093e\u093f\u092e \u093e\u0928\u093e\u0928 \u093e\u0928\u092e\u0941\n\u092e\u092e\u094d\u0964\n\u092f\u093e\u0935\u093e \u092e\u0941\u0928\u092f: \u0938\u0935 \u092a\u0930 \u093f\u0938\u093f\u093f\u092e\u0924\u094b \u0917\u0924\u093e:\u0965\u0967\u0965",
      "heading_level": null,
      "page_id": 0,
      "polygon": [
        [
          124.91015625,
          597.48046875
        ],
        [
          451.5020751953125,
          597.48046875
        ],
        [
          451.5020751953125,
          642.33984375
        ],
        [
          124.91015625,
          642.33984375
        ]
      ]
    }
  ],
  "page_stats": [
    {
      "page_id": 0,
      "text_extraction_method": "pdftext",
      "block_counts": [
        [
          "Span",
          75
        ],
        [
          "Line",
          24
        ],
        [
          "Text",
          4
        ],
        [
          "SectionHeader",
          3
        ],
        [
          "Handwriting",
          1
        ]
      ],
      "block_metadata": {
        "llm_request_count": 0,
        "llm_error_count": 0,
        "llm_tokens_used": 0
      }
    }
  ],
  "debug_data_path": "debug_data/page-443"
}