{
  "table_of_contents": [
    {
      "title": "ON PKAKTICJI- iy|",
      "heading_level": null,
      "page_id": 0,
      "polygon": [
        [
          250.14404296875,
          70.92960693314672
        ],
        [
          537.0481567382812,
          70.92960693314672
        ],
        [
          537.0481567382812,
          87.25645019486547
        ],
        [
          250.14404296875,
          87.25645019486547
        ]
      ]
    }
  ],
  "page_stats": [
    {
      "page_id": 0,
      "text_extraction_method": "pdftext",
      "block_counts": [
        [
          "Span",
          765
        ],
        [
          "Line",
          41
        ],
        [
          "Text",
          6
        ],
        [
          "SectionHeader",
          1
        ],
        [
          "PageHeader",
          1
        ]
      ],
      "block_metadata": {
        "llm_request_count": 0,
        "llm_error_count": 0,
        "llm_tokens_used": 0
      }
    }
  ],
  "debug_data_path": "debug_data/page-213"
}