{
  "table_of_contents": [
    {
      "title": "\u0905\u093f\u0927\u092f\u094b\u093d\u0939\u092e\u0947\u0935\u093e \u0926\u0947\u0939\u0947 \u0926\u0947\u0939\u092d\u0943\u0924 \u0935\u0930\u0965\u096a\u0965",
      "heading_level": null,
      "page_id": 0,
      "polygon": [
        [
          126.92724609375,
          68.1591796875
        ],
        [
          393.68719482421875,
          68.1591796875
        ],
        [
          393.68719482421875,
          94.166015625
        ],
        [
          126.92724609375,
          94.166015625
        ]
      ]
    },
    {
      "title": "\u0905\u0924\u0915\u093e\u0932\u0947 \u091a \u092e\u093e\u092e\u0947\u0935 \u092e\u0930\u092e\u0941\u0935\u093e \u0915\u0932\u0947\u0935\u0930\u092e\u094d\u0964\n\u092f: \u092f\u093e\u093f\u0924 \u0938 \u092e\u093e\u0935\u0902 \u092f\u093e\u093f\u0924 \u0928\u093e\u092f \u0938\u0902\u0936\u092f:\u0965\u096b\u0965",
      "heading_level": null,
      "page_id": 0,
      "polygon": [
        [
          125.806640625,
          513.5625
        ],
        [
          457.9910888671875,
          513.5625
        ],
        [
          457.9910888671875,
          560.7421875
        ],
        [
          125.806640625,
          560.7421875
        ]
      ]
    }
  ],
  "page_stats": [
    {
      "page_id": 0,
      "text_extraction_method": "pdftext",
      "block_counts": [
        [
          "Span",
          149
        ],
        [
          "Line",
          31
        ],
        [
          "Text",
          6
        ],
        [
          "SectionHeader",
          2
        ]
      ],
      "block_metadata": {
        "llm_request_count": 0,
        "llm_error_count": 0,
        "llm_tokens_used": 0
      }
    }
  ],
  "debug_data_path": "debug_data/page-275"
}