{
  "table_of_contents": [
    {
      "title": "\u0905\u092f\u093e\u0938\u0947\u093d\u092f\u0938\u092e\u0925\u093d\u093f\u0938 \u092e\u0915\u092e\u092a\u0930\u092e\u094b \u092d\u0935\u0964\n\u092e\u0926\u0925\u092e\u093f\u092a \u0915\u092e\u093f\u0923 \u0915\u0941 \u0935\u093f\u0938\u093f\u092e\u0935\u093e\u092f\u093f\u0938\u0965\u0967\u0966\u0965",
      "heading_level": null,
      "page_id": 0,
      "polygon": [
        [
          125.208984375,
          132.5478515625
        ],
        [
          431.208984375,
          132.5478515625
        ],
        [
          431.208984375,
          181.6611328125
        ],
        [
          125.208984375,
          181.6611328125
        ]
      ]
    },
    {
      "title": "\u0905\u0925\u0948\u0924\u0926\u092f\u0936\u0924\u094b\u093d\u093f\u0938 \u0915\u0924\u0941\n\u0902 \u092e\u094b\u0917\u092e\u093e\u093f\u0924:\u0964\n\u0938\u0935\u0915\u092e\u092b\u0932\u092f\u093e\u0917\u0902 \u0924\u0924: \u0915\u0941  \u092f\u0924\u093e\u092e\u0935\u093e\u0928\u094d\u0965\u0967\u0967\u0965",
      "heading_level": null,
      "page_id": 0,
      "polygon": [
        [
          127.1513671875,
          387.4921875
        ],
        [
          436.9536437988281,
          387.4921875
        ],
        [
          436.9536437988281,
          434.671875
        ],
        [
          127.1513671875,
          434.671875
        ]
      ]
    }
  ],
  "page_stats": [
    {
      "page_id": 0,
      "text_extraction_method": "pdftext",
      "block_counts": [
        [
          "Span",
          144
        ],
        [
          "Line",
          32
        ],
        [
          "Text",
          7
        ],
        [
          "SectionHeader",
          2
        ]
      ],
      "block_metadata": {
        "llm_request_count": 0,
        "llm_error_count": 0,
        "llm_tokens_used": 0
      }
    }
  ],
  "debug_data_path": "debug_data/page-378"
}