{
  "table_of_contents": [
    {
      "title": "CHAPTER 13",
      "heading_level": null,
      "page_id": 0,
      "polygon": [
        [
          212.64846801757812,
          93.392578125
        ],
        [
          404.7784729003906,
          93.392578125
        ],
        [
          404.7784729003906,
          126.42205810546875
        ],
        [
          212.64846801757812,
          126.42205810546875
        ]
      ]
    },
    {
      "title": "DISCRIMINATION BETWEEN\nNATURE AND \u0100TMAN",
      "heading_level": null,
      "page_id": 0,
      "polygon": [
        [
          101.00390625,
          145.01953125
        ],
        [
          516.0127563476562,
          145.01953125
        ],
        [
          516.0127563476562,
          213.42205810546875
        ],
        [
          101.00390625,
          213.42205810546875
        ]
      ]
    },
    {
      "title": "\u0947\u0947\u093f\u0935\u092d\u093e\u0917\u092f\u094b\u0917\u0903",
      "heading_level": null,
      "page_id": 0,
      "polygon": [
        [
          182.1357421875,
          237.638671875
        ],
        [
          435.69140625,
          237.638671875
        ],
        [
          435.69140625,
          279.017578125
        ],
        [
          182.1357421875,
          279.017578125
        ]
      ]
    }
  ],
  "page_stats": [
    {
      "page_id": 0,
      "text_extraction_method": "pdftext",
      "block_counts": [
        [
          "Span",
          59
        ],
        [
          "Line",
          25
        ],
        [
          "SectionHeader",
          3
        ],
        [
          "Text",
          3
        ]
      ],
      "block_metadata": {
        "llm_request_count": 0,
        "llm_error_count": 0,
        "llm_tokens_used": 0
      }
    }
  ],
  "debug_data_path": "debug_data/page-388"
}