{
  "table_of_contents": [
    {
      "title": "ON PRACTICE 259",
      "heading_level": null,
      "page_id": 0,
      "polygon": [
        [
          251.88720703125,
          73.84794189408422
        ],
        [
          539.9991455078125,
          73.84794189408422
        ],
        [
          539.9991455078125,
          86.83011962845922
        ],
        [
          251.88720703125,
          86.83011962845922
        ]
      ]
    }
  ],
  "page_stats": [
    {
      "page_id": 0,
      "text_extraction_method": "pdftext",
      "block_counts": [
        [
          "Span",
          748
        ],
        [
          "Line",
          40
        ],
        [
          "Text",
          6
        ],
        [
          "SectionHeader",
          1
        ],
        [
          "PageHeader",
          1
        ]
      ],
      "block_metadata": {
        "llm_request_count": 0,
        "llm_error_count": 0,
        "llm_tokens_used": 0
      }
    }
  ],
  "debug_data_path": "debug_data/page-281"
}