{
  "table_of_contents": [
    {
      "title": "\u092c\u0943\u0939\u0938\u093e\u092e \u0924\u0925\u093e \u0938\u093e \u0917\u093e\u092f\u0940 \u091b\u0926\u0938\u093e\u092e\u0939\u092e\u094d\u0964\n\u092e\u093e\u0938\u093e\u0928 \u092e\u093e\u0917\u0936\u0940\u0937\u093d\u0939\u092e\u0943\u0924\u0942\u0928 \u0915\u0941 \u0938\u0941\u092e\u093e\u0915\u0930:\u0965\u0969\u096b\u0965",
      "heading_level": null,
      "page_id": 0,
      "polygon": [
        [
          127.22607421875,
          250.20703125
        ],
        [
          424.2405090332031,
          250.20703125
        ],
        [
          424.2405090332031,
          297.38671875
        ],
        [
          127.22607421875,
          297.38671875
        ]
      ]
    },
    {
      "title": "\u0924\u0942 \u0902 \u091b\u0932\u092f\u0924\u093e\u092e\u093f\u092e \u0924\u0947\u091c\u0924\u0947\u091c\u093f\u0935\u0928\u093e\u092e\u0939\u092e\u094d\u0964\n\u091c\u092f\u094b\u093d\u093f\u092e \u092f\u0935\u0938\u093e\u092f\u094b\u093d\u093f\u092e \u0938\u0935\u0902 \u0938\u0935\u0935\u0924\u093e\u092e\u0939\u092e\u094d\u0965\u0969\u096c\u0965",
      "heading_level": null,
      "page_id": 0,
      "polygon": [
        [
          125.0595703125,
          484.9453125
        ],
        [
          485.93359375,
          484.9453125
        ],
        [
          485.93359375,
          531.7045593261719
        ],
        [
          125.0595703125,
          531.7045593261719
        ]
      ]
    }
  ],
  "page_stats": [
    {
      "page_id": 0,
      "text_extraction_method": "pdftext",
      "block_counts": [
        [
          "Span",
          175
        ],
        [
          "Line",
          32
        ],
        [
          "Text",
          7
        ],
        [
          "SectionHeader",
          2
        ]
      ],
      "block_metadata": {
        "llm_request_count": 0,
        "llm_error_count": 0,
        "llm_tokens_used": 0
      }
    }
  ],
  "debug_data_path": "debug_data/page-332"
}