{
  "table_of_contents": [
    {
      "title": "26 YOGA PHILOSOPHY OF PATAfjJ AM",
      "heading_level": null,
      "page_id": 0,
      "polygon": [
        [
          54.95000076293945,
          76.34983398392797
        ],
        [
          425.04150390625,
          76.34983398392797
        ],
        [
          425.04150390625,
          91.785400390625
        ],
        [
          54.95000076293945,
          91.785400390625
        ]
      ]
    }
  ],
  "page_stats": [
    {
      "page_id": 0,
      "text_extraction_method": "pdftext",
      "block_counts": [
        [
          "Span",
          775
        ],
        [
          "Line",
          40
        ],
        [
          "Text",
          4
        ],
        [
          "SectionHeader",
          1
        ]
      ],
      "block_metadata": {
        "llm_request_count": 0,
        "llm_error_count": 0,
        "llm_tokens_used": 0
      }
    }
  ],
  "debug_data_path": "debug_data/page-048"
}