{
  "table_of_contents": [
    {
      "title": "\u090f\u0937\u093e \u0924\u0947\n\u093d\u093f\u092d\u093f\u0939\u0924\u093e \u0938\u092f\u0947 \u092c\u0941\u093f\u092f\u0917\u0947 \u093f\u0935\u092e \u0936\u0943\u0923\u0941\u0964\n\u092c\u0941\u092f\u093e \u092f\u0941\u0924\u094b \u092f\u092f\u093e \u092a\u093e\u0925 \u0915\u092e\u092c\u0927\u0902 \u0939\u093e\u092f\u093f\u0938\u0965\u0969\u096f\u0965",
      "heading_level": null,
      "page_id": 0,
      "polygon": [
        [
          123.71484375,
          534.05859375
        ],
        [
          471.5177917480469,
          534.05859375
        ],
        [
          471.5177917480469,
          582.78515625
        ],
        [
          123.71484375,
          582.78515625
        ]
      ]
    }
  ],
  "page_stats": [
    {
      "page_id": 0,
      "text_extraction_method": "pdftext",
      "block_counts": [
        [
          "Span",
          134
        ],
        [
          "Line",
          33
        ],
        [
          "Text",
          6
        ],
        [
          "SectionHeader",
          1
        ]
      ],
      "block_metadata": {
        "llm_request_count": 0,
        "llm_error_count": 0,
        "llm_tokens_used": 0
      }
    }
  ],
  "debug_data_path": "debug_data/page-074"
}