{
  "table_of_contents": [
    {
      "title": "ON CONCENTRATION 23",
      "heading_level": null,
      "page_id": 0,
      "polygon": [
        [
          221.0500030517578,
          77.27476074174047
        ],
        [
          534.9498901367188,
          77.27476074174047
        ],
        [
          534.9498901367188,
          91.39329101517797
        ],
        [
          221.0500030517578,
          91.39329101517797
        ]
      ]
    },
    {
      "title": "",
      "heading_level": null,
      "page_id": 0,
      "polygon": [
        [
          97.471923828125,
          402.087890625
        ],
        [
          194.217529296875,
          402.087890625
        ],
        [
          194.217529296875,
          414.421875
        ],
        [
          97.471923828125,
          414.421875
        ]
      ]
    }
  ],
  "page_stats": [
    {
      "page_id": 0,
      "text_extraction_method": "pdftext",
      "block_counts": [
        [
          "Span",
          394
        ],
        [
          "Line",
          26
        ],
        [
          "Text",
          10
        ],
        [
          "SectionHeader",
          2
        ]
      ],
      "block_metadata": {
        "llm_request_count": 0,
        "llm_error_count": 0,
        "llm_tokens_used": 0
      }
    }
  ],
  "debug_data_path": "debug_data/page-045"
}