{
  "table_of_contents": [
    {
      "title": "\u0924\u0941\u0935\u093f\u0924 \u0935 \u0924\u0941\u093f\u0924\u093f\u092d: \u092a\u0941\n\u0915\u0932\u093e\u093f\u092d:\u0965\u0968\u0967\u0965",
      "heading_level": null,
      "page_id": 0,
      "polygon": [
        [
          126.03076171875,
          68.9326171875
        ],
        [
          405.03826904296875,
          68.9326171875
        ],
        [
          405.03826904296875,
          94.552734375
        ],
        [
          126.03076171875,
          94.552734375
        ]
      ]
    }
  ],
  "page_stats": [
    {
      "page_id": 0,
      "text_extraction_method": "pdftext",
      "block_counts": [
        [
          "Span",
          156
        ],
        [
          "Line",
          32
        ],
        [
          "Text",
          6
        ],
        [
          "SectionHeader",
          1
        ]
      ],
      "block_metadata": {
        "llm_request_count": 0,
        "llm_error_count": 0,
        "llm_tokens_used": 0
      }
    }
  ],
  "debug_data_path": "debug_data/page-349"
}