{
  "table_of_contents": [
    {
      "title": "ON practice 225",
      "heading_level": null,
      "page_id": 0,
      "polygon": [
        [
          253.63037109375,
          73.94327880814672
        ],
        [
          534.9500122070312,
          73.94327880814672
        ],
        [
          534.9500122070312,
          87.59244873002172
        ],
        [
          253.63037109375,
          87.59244873002172
        ]
      ]
    }
  ],
  "page_stats": [
    {
      "page_id": 0,
      "text_extraction_method": "pdftext",
      "block_counts": [
        [
          "Span",
          740
        ],
        [
          "Line",
          41
        ],
        [
          "Text",
          8
        ],
        [
          "SectionHeader",
          1
        ],
        [
          "TextInlineMath",
          1
        ],
        [
          "PageHeader",
          1
        ]
      ],
      "block_metadata": {
        "llm_request_count": 0,
        "llm_error_count": 0,
        "llm_tokens_used": 0
      }
    }
  ],
  "debug_data_path": "debug_data/page-247"
}