{
  "table_of_contents": [
    {
      "title": "\u0905\u0928\u0915\u0935 \u0947 \u0928\u092f\u0928\u092e\u0928\u0915\u093e \u0947 \u0924\n\u0941\n\u0926\u0936\u0928\u092e\u094d\u0964\n\u0905\u0928\u0915\u093f\u0926 \u0947 \u092f\u093e\u092d\u0930\u0923\u0902 \u093f\u0926\u092f\u093e\u0928\u0915\u094b \u0947 \u0924\u093e\u092f\u0941\u0927\u092e\u094d\u0965\u0967\u0966\u0965",
      "heading_level": null,
      "page_id": 0,
      "polygon": [
        [
          127.74610900878906,
          188.525390625
        ],
        [
          417.0325927734375,
          188.525390625
        ],
        [
          417.0325927734375,
          234.931640625
        ],
        [
          127.74610900878906,
          234.931640625
        ]
      ]
    },
    {
      "title": "\u093f\u0926\u092f\u092e\u093e\u092f\u093e\u092c\u0930\u0927\u0930\u0902 \u093f\u0926\u092f\u0917\u0927\u093e\u0928\u0941\u0932\u0947\u092a\u0928\u092e\u094d\u0964\n\u0938\u0935\u092f\u092e\u092f\u0902 \u0926\u0947\u0935\u092e\u0928\u0924\u0902 \u093f\u0935\u0924\u094b\u092e\u0941\u0916\u092e\u0965\u0967\u0967\u0965",
      "heading_level": null,
      "page_id": 0,
      "polygon": [
        [
          126.5537109375,
          448.98046875
        ],
        [
          405.2652893066406,
          448.98046875
        ],
        [
          405.2652893066406,
          495.7045593261719
        ],
        [
          126.5537109375,
          495.7045593261719
        ]
      ]
    }
  ],
  "page_stats": [
    {
      "page_id": 0,
      "text_extraction_method": "pdftext",
      "block_counts": [
        [
          "Span",
          131
        ],
        [
          "Line",
          32
        ],
        [
          "Text",
          6
        ],
        [
          "SectionHeader",
          2
        ]
      ],
      "block_metadata": {
        "llm_request_count": 0,
        "llm_error_count": 0,
        "llm_tokens_used": 0
      }
    }
  ],
  "debug_data_path": "debug_data/page-343"
}