{
  "table_of_contents": [
    {
      "title": "\u092f: \u0936\u093e\u093f\u0935\u093f\u0927\u092e\u0941\n\u0938\u0943\n\u092f \u0935\u0924\u0924\u0947 \u0915\u093e\u092e\u0915\u093e\u0930\u0924:\u0964\n\u0928 \u0938 \u093f\u0938\u093f\u092e\u0935\u093e\u094b\u093f\u0924 \u0928 \u0938\u0941\u0916\u0902 \u0928 \u092a\u0930 \u0917\u093f\u0924\u092e\u094d\u0965\u0968\u0969\u0965",
      "heading_level": null,
      "page_id": 0,
      "polygon": [
        [
          127.1513671875,
          365.642578125
        ],
        [
          465.82330322265625,
          365.642578125
        ],
        [
          465.82330322265625,
          412.2421875
        ],
        [
          127.1513671875,
          412.2421875
        ]
      ]
    },
    {
      "title": "\u0924\u092e\u093e\u091b\u093e\u0902 \u092e\u093e\u0923\u0902 \u0924\u0947 \u0915\u093e\u092f\u0915\u093e\u092f\u092f\u0935\u093f\u0925\u0924\u094c\u0964\n\u093e\u0935\u093e \u0936\u093e\u093f\u0935\u0927\u093e\u0928\u094b\u0924\u0902 \u0915\u092e \u0915\u0924\u0941\n\u093f\u092e\u0939\u093e\u0939\u093f\u0938\u0965\u0968\u096a\u0965",
      "heading_level": null,
      "page_id": 0,
      "polygon": [
        [
          127.30078125,
          617.9765625
        ],
        [
          454.517578125,
          617.9765625
        ],
        [
          454.517578125,
          665.2055282592773
        ],
        [
          127.30078125,
          665.2055282592773
        ]
      ]
    }
  ],
  "page_stats": [
    {
      "page_id": 0,
      "text_extraction_method": "pdftext",
      "block_counts": [
        [
          "Span",
          151
        ],
        [
          "Line",
          34
        ],
        [
          "Text",
          6
        ],
        [
          "SectionHeader",
          2
        ]
      ],
      "block_metadata": {
        "llm_request_count": 0,
        "llm_error_count": 0,
        "llm_tokens_used": 0
      }
    }
  ],
  "debug_data_path": "debug_data/page-492"
}