{
  "table_of_contents": [
    {
      "title": "\u0924\u092e\u0935\u093e\u0928\u091c\u0902 \u093f\u0935\u093f \u092e\u094b\u0939\u0928\u0902 \u0938\u0935\u0926\u0947\u093f\u0939\u0928\u093e\u092e\u094d\u0964\n\u092e\u093e\u0926\u093e\u0932\u092f\u093f\u0928\u093e\u093f\u092d\u0924\u093f\u092c\u093e\u093f\u0924 \u092d\u093e\u0930\u0924\u0965\u096e\u0965",
      "heading_level": null,
      "page_id": 0,
      "polygon": [
        [
          125.0595703125,
          321.75
        ],
        [
          403.0707702636719,
          321.75
        ],
        [
          403.0707702636719,
          368.2045593261719
        ],
        [
          125.0595703125,
          368.2045593261719
        ]
      ]
    },
    {
      "title": "\u0938\u0935\u0902 \u0938\u0941\u0916\u0947 \u0938\u092f\u093f\u0924 \u0930\u091c: \u0915\u092e\u093f\u0923 \u092d\u093e\u0930\u0924\u0964\n\u093e\u0928\u092e\u093e\u0935\u0943\n\u092f \u0924\u0941 \u0924\u092e: \u092e\u093e\u0926\u0947 \u0938\u092f\u092f\u0941\u0924\u0965\u096f\u0965",
      "heading_level": null,
      "page_id": 0,
      "polygon": [
        [
          123.5654296875,
          564.22265625
        ],
        [
          414.4786071777344,
          564.22265625
        ],
        [
          414.4786071777344,
          612.94921875
        ],
        [
          123.5654296875,
          612.94921875
        ]
      ]
    }
  ],
  "page_stats": [
    {
      "page_id": 0,
      "text_extraction_method": "pdftext",
      "block_counts": [
        [
          "Span",
          162
        ],
        [
          "Line",
          32
        ],
        [
          "Text",
          7
        ],
        [
          "SectionHeader",
          2
        ]
      ],
      "block_metadata": {
        "llm_request_count": 0,
        "llm_error_count": 0,
        "llm_tokens_used": 0
      }
    }
  ],
  "debug_data_path": "debug_data/page-448"
}