{
  "table_of_contents": [
    {
      "title": "\u092f\u094b \u092f\u094b \u092f \u092f \u0924\u0928\u0941\u0902 \u092d\u0924: \u092f\u093e\u093d\u093f\u091a\u0924\u0941\u093f\u092e\u091b\u093f\u0924\u0964\n\u0924\u092f \u0924\u092f\u093e\u091a\u0932  \u0924\u093e\u092e\u0947\u0935 \u093f\u0935\u0926\u0927\u093e\u092f\u0939\u092e\u094d\u0965\u0968\u0967\u0965",
      "heading_level": null,
      "page_id": 0,
      "polygon": [
        [
          126.2548828125,
          241.505859375
        ],
        [
          454.4911193847656,
          241.505859375
        ],
        [
          454.4911193847656,
          289.845703125
        ],
        [
          126.2548828125,
          289.845703125
        ]
      ]
    },
    {
      "title": "\u0938 \u0924\u092f\u093e \u092f\u093e \u092f\u0941\u0924\u0924\u092f\u093e\u0930\u093e\u0927\u0928\u092e\u0940\u0939\u0924\u0947\u0964\n\u0932\u092d\u0924\u0947 \u091a \u0924\u0924: \u0915\u093e\u092e\u093e\u092e\u092f\u0948\u0935 \u093f\u0935\u093f\u0939\u0924\u093e\u093f\u0939 \u0924\u093e\u0928\u094d\u0965\u0968\u0968\u0965",
      "heading_level": null,
      "page_id": 0,
      "polygon": [
        [
          125.5078125,
          497.70703125
        ],
        [
          462.4558410644531,
          497.70703125
        ],
        [
          462.4558410644531,
          542.2045593261719
        ],
        [
          125.5078125,
          542.2045593261719
        ]
      ]
    }
  ],
  "page_stats": [
    {
      "page_id": 0,
      "text_extraction_method": "pdftext",
      "block_counts": [
        [
          "Span",
          159
        ],
        [
          "Line",
          31
        ],
        [
          "Text",
          5
        ],
        [
          "SectionHeader",
          2
        ]
      ],
      "block_metadata": {
        "llm_request_count": 0,
        "llm_error_count": 0,
        "llm_tokens_used": 0
      }
    }
  ],
  "debug_data_path": "debug_data/page-265"
}