{
  "table_of_contents": [
    {
      "title": "\u2014W*r*3J mf?r\u2014",
      "heading_level": null,
      "page_id": 0,
      "polygon": [
        [
          98.7066650390625,
          446.38557006791234
        ],
        [
          265.25146484375,
          446.38557006791234
        ],
        [
          265.25146484375,
          466.6357421875
        ],
        [
          98.7066650390625,
          466.6357421875
        ]
      ]
    },
    {
      "title": "From That Conus gcalisation Of The Individual Self \u25a0! 1 . 1\nAdd The Obstacles Are Prevented. 29.",
      "heading_level": null,
      "page_id": 0,
      "polygon": [
        [
          88.175048828125,
          586.1866259761155
        ],
        [
          528.1508178710938,
          586.1866259761155
        ],
        [
          528.1508178710938,
          621.7761950679123
        ],
        [
          88.175048828125,
          621.7761950679123
        ]
      ]
    }
  ],
  "page_stats": [
    {
      "page_id": 0,
      "text_extraction_method": "pdftext",
      "block_counts": [
        [
          "Span",
          509
        ],
        [
          "Line",
          34
        ],
        [
          "Text",
          9
        ],
        [
          "PageHeader",
          2
        ],
        [
          "SectionHeader",
          2
        ]
      ],
      "block_metadata": {
        "llm_request_count": 0,
        "llm_error_count": 0,
        "llm_tokens_used": 0
      }
    }
  ],
  "debug_data_path": "debug_data/page-099"
}