{
  "table_of_contents": [
    {
      "title": "\u092a\u093f\u0930\u093e\u0923\u093e\u092f \u0938\u093e\u0927\u0942\u0928 \u093f\u0935\u0928\u093e\u0936\u093e\u092f \u091a \u0926\n\u0941\n\u0915\u0943 \u0924\u093e\u092e\u094d\u0964\n\u0927\u092e\u0938\u0902\u0925\u093e\u092a\u0928\u093e\u0925\u092f \u0938\u0902\u092d\u0935\u093e\u093f\u092e \u092f\u0941\u0917\u0947 \u092f\u0941\u0917\u0947\u0965\u096e\u0965",
      "heading_level": null,
      "page_id": 0,
      "polygon": [
        [
          126.03076171875,
          258.71484375
        ],
        [
          414.74346923828125,
          258.71484375
        ],
        [
          414.74346923828125,
          303.7045593261719
        ],
        [
          126.03076171875,
          303.7045593261719
        ]
      ]
    },
    {
      "title": "\u091c\u092e \u0915\u092e \u091a \u092e\u0947 \u093f\u0926\u092f\u092e\u0947\u0935\u0902 \u092f\u094b \u0935\u0947\u093f \u0924\u0935\u0924:\u0964\n\u092f\u0935\u093e \u0926\u0947\u0939\u0902 \u092a\u0941\u0928\u091c\u092e \u0928\u093f\u0948 \u0924 \u092e\u093e\u092e\u0947\u093f\u0924 \u0938\u094b\u093d\u091c\u0941\n\u0928\u0965\u096f\u0965",
      "heading_level": null,
      "page_id": 0,
      "polygon": [
        [
          123.71484375,
          457.875
        ],
        [
          450.139892578125,
          457.875
        ],
        [
          450.139892578125,
          504.28125
        ],
        [
          123.71484375,
          504.28125
        ]
      ]
    }
  ],
  "page_stats": [
    {
      "page_id": 0,
      "text_extraction_method": "pdftext",
      "block_counts": [
        [
          "Span",
          173
        ],
        [
          "Line",
          32
        ],
        [
          "Text",
          7
        ],
        [
          "SectionHeader",
          2
        ]
      ],
      "block_metadata": {
        "llm_request_count": 0,
        "llm_error_count": 0,
        "llm_tokens_used": 0
      }
    }
  ],
  "debug_data_path": "debug_data/page-155"
}