{
  "table_of_contents": [
    {
      "title": "ON CONCENTRATION !5",
      "heading_level": null,
      "page_id": 0,
      "polygon": [
        [
          224.89999389648438,
          68.59495117142797
        ],
        [
          539.0665893554688,
          68.59495117142797
        ],
        [
          539.0665893554688,
          82.47819091752172
        ],
        [
          224.89999389648438,
          82.47819091752172
        ]
      ]
    }
  ],
  "page_stats": [
    {
      "page_id": 0,
      "text_extraction_method": "pdftext",
      "block_counts": [
        [
          "Span",
          713
        ],
        [
          "Line",
          40
        ],
        [
          "Text",
          5
        ],
        [
          "SectionHeader",
          1
        ]
      ],
      "block_metadata": {
        "llm_request_count": 0,
        "llm_error_count": 0,
        "llm_tokens_used": 0
      }
    }
  ],
  "debug_data_path": "debug_data/page-067"
}