{
  "table_of_contents": [
    {
      "title": "\u092f\u0947 \u092e\u0947 \u092e\u0924\u093f\u092e\u0926\u0902 \u093f\u0928\u092f\u092e\u0928\u0941\u093f\u0924\u093f\u0924 \u092e\u093e\u0928\u0935\u093e:\u0964\n\u093e\u0935\u0924\u094b\u093d\u0928\u0938\u0942\u092f\u0924\u094b \u092e\u0941\n\u092f\u0924\u0947 \u0924\u0947\n\u093d\u093f\u092a \u0915\u092e\u093f\u092d:\u0965\u0969\u0967\u0965",
      "heading_level": null,
      "page_id": 0,
      "polygon": [
        [
          127.30078125,
          240.345703125
        ],
        [
          458.14239501953125,
          240.345703125
        ],
        [
          458.14239501953125,
          291.005859375
        ],
        [
          127.30078125,
          291.005859375
        ]
      ]
    },
    {
      "title": "\u092f\u0947 \u0935\u0947\u0924\u0926\u092f\u0938\u0942\u092f\u0924\u094b \u0928\u093e\u0928\u0941\u093f\u0924\u093f\u0924 \u092e\u0947 \u092e\u0924\u092e\u094d\u0964\n\u0938\u0935\u093e\u0928\u093f\u0935\u092e\u0942\u0922\u0924\u093e\u093f\u0935\u093f \u0928\u093e\u0928\u091a\u0947\u0924\u0938:\u0965\u0969\u0968\u0965",
      "heading_level": null,
      "page_id": 0,
      "polygon": [
        [
          125.58251953125,
          476.82421875
        ],
        [
          420.6081848144531,
          476.82421875
        ],
        [
          420.6081848144531,
          524.77734375
        ],
        [
          125.58251953125,
          524.77734375
        ]
      ]
    }
  ],
  "page_stats": [
    {
      "page_id": 0,
      "text_extraction_method": "pdftext",
      "block_counts": [
        [
          "Span",
          171
        ],
        [
          "Line",
          32
        ],
        [
          "Text",
          5
        ],
        [
          "SectionHeader",
          2
        ]
      ],
      "block_metadata": {
        "llm_request_count": 0,
        "llm_error_count": 0,
        "llm_tokens_used": 0
      }
    }
  ],
  "debug_data_path": "debug_data/page-136"
}