{
  "table_of_contents": [
    {
      "title": "\u0905\u092a\u0930\u0947 \u093f\u0928\u092f\u0924\u093e\u0939\u093e\u0930\u093e: \u093e\u0923\u093e\u093e\u0923\u0947\u0937\u0941 \u091c\u0941\u093f\u0924\u0964\n\u0938\u0935\u093d\u092f\u0947\u0924\u0947 \u092f\u093f\u0935\u0926\u094b \u092f\u093f\u092a\u0924\u0915\u092e\u0937\u093e:\u0965\u0969\u0966\u0965",
      "heading_level": null,
      "page_id": 0,
      "polygon": [
        [
          124.3125,
          430.8046875
        ],
        [
          421.421630859375,
          430.8046875
        ],
        [
          421.421630859375,
          476.2045593261719
        ],
        [
          124.3125,
          476.2045593261719
        ]
      ]
    }
  ],
  "page_stats": [
    {
      "page_id": 0,
      "text_extraction_method": "pdftext",
      "block_counts": [
        [
          "Span",
          134
        ],
        [
          "Line",
          34
        ],
        [
          "Text",
          6
        ],
        [
          "SectionHeader",
          1
        ]
      ],
      "block_metadata": {
        "llm_request_count": 0,
        "llm_error_count": 0,
        "llm_tokens_used": 0
      }
    }
  ],
  "debug_data_path": "debug_data/page-180"
}