{
  "table_of_contents": [
    {
      "title": "\u0905\u0939\u0902 \u0935\u0948\u093e\u0928\u0930\u094b \u092d\u0942\n\u0935\u093e \u093e\u093f\u0923\u0928 \u0926\u0947\u0939\u092e\u093e\u093f\u0924:\u0964\n\u093e\u0923\u093e\u092a\u093e\u0928\u0938\u092e\u093e\u092f\u0941\u0924: \u092a\u091a\u093e\u092f\u0902 \u091a\u0924\u0941\u093f\u0935\u0927\u092e\u094d\u0965\u0967\u096a\u0965",
      "heading_level": null,
      "page_id": 0,
      "polygon": [
        [
          126.77783203125,
          175.763671875
        ],
        [
          428.9512023925781,
          175.763671875
        ],
        [
          428.9512023925781,
          224.490234375
        ],
        [
          126.77783203125,
          224.490234375
        ]
      ]
    }
  ],
  "page_stats": [
    {
      "page_id": 0,
      "text_extraction_method": "pdftext",
      "block_counts": [
        [
          "Span",
          133
        ],
        [
          "Line",
          32
        ],
        [
          "Text",
          8
        ],
        [
          "SectionHeader",
          1
        ]
      ],
      "block_metadata": {
        "llm_request_count": 0,
        "llm_error_count": 0,
        "llm_tokens_used": 0
      }
    }
  ],
  "debug_data_path": "debug_data/page-473"
}