{
  "table_of_contents": [
    {
      "title": "YOGA PHILOSOPHY OF PATA\u00d1JALI",
      "heading_level": null,
      "page_id": 0,
      "polygon": [
        [
          188.8413098236776,
          80.9759572573464
        ],
        [
          433.466796875,
          78.72662511130899
        ],
        [
          433.466796875,
          92.196533203125
        ],
        [
          188.8413098236776,
          92.196533203125
        ]
      ]
    },
    {
      "title": "\u0936\u094d\u0930\u093e\u0937\u094d\u091f\u094d\u0930\u091c\u094d\u091e\u093e\u0928\u093e\u0928\u0941\u092a\u093e\u0924\u094b \u0935\u0938\u094d\u0924\u0941\u092d\u0942\u0928\u094d\u092f\u094b \u0935\u093f\u0915\u0932\u094d\u092a: \u0965 \u096e \u0965",
      "heading_level": null,
      "page_id": 0,
      "polygon": [
        [
          100.41561712846348,
          251.1754229741763
        ],
        [
          367.2265625,
          251.1754229741763
        ],
        [
          367.2265625,
          267.236328125
        ],
        [
          100.41561712846348,
          267.236328125
        ]
      ]
    },
    {
      "title": "The Modification Called 'Vikalpa' Is Based On Verbal Cognition\nIn Regard To A Thing Which Does Not Exist. (It Is A Kind\nOf Useful Knowledge Arising Out Of The Meaning Of A\nWord But Having No Corresponding Reality.) (1). 9.",
      "heading_level": null,
      "page_id": 0,
      "polygon": [
        [
          59.949622166246854,
          446.86731967943007
        ],
        [
          549.677734375,
          446.86731967943007
        ],
        [
          549.677734375,
          513.916015625
        ],
        [
          59.949622166246854,
          513.916015625
        ]
      ]
    }
  ],
  "page_stats": [
    {
      "page_id": 0,
      "text_extraction_method": "surya",
      "block_counts": [
        [
          "Line",
          32
        ],
        [
          "Span",
          32
        ],
        [
          "Text",
          4
        ],
        [
          "SectionHeader",
          3
        ]
      ],
      "block_metadata": {
        "llm_request_count": 0,
        "llm_error_count": 0,
        "llm_tokens_used": 0
      }
    }
  ],
  "debug_data_path": "debug_data/page-054"
}