{
  "table_of_contents": [
    {
      "title": "350 VOCA PHILOSOPHY OF PATAtV|AI.T",
      "heading_level": null,
      "page_id": 0,
      "polygon": [
        [
          58.099998474121094,
          74.23673583939672
        ],
        [
          434.33837890625,
          74.23673583939672
        ],
        [
          434.33837890625,
          90.74332763627172
        ],
        [
          58.099998474121094,
          90.74332763627172
        ]
      ]
    }
  ],
  "page_stats": [
    {
      "page_id": 0,
      "text_extraction_method": "pdftext",
      "block_counts": [
        [
          "Span",
          805
        ],
        [
          "Line",
          39
        ],
        [
          "Text",
          5
        ],
        [
          "SectionHeader",
          1
        ]
      ],
      "block_metadata": {
        "llm_request_count": 0,
        "llm_error_count": 0,
        "llm_tokens_used": 0
      }
    }
  ],
  "debug_data_path": "debug_data/page-372"
}