{
  "table_of_contents": [
    {
      "title": "\u092e\u092f\u093e \u0924\u0924\u093f\u092e\u0926\u0902 \u0938\u0935\u0902 \u091c\u0917\u0926\u092f\u0924\u092e\u0942\u093f\u0924\u0928\u093e\u0964\n\u092e\u0925\u093e\u093f\u0928 \u0938\u0935\u092d\u0942\u0924\u093e\u093f\u0928 \u0928 \u091a\u093e\u0939\u0902 \u0924\u0947\u0935\u0935\u093f\u0925\u0924:\u0965\u096a\u0965",
      "heading_level": null,
      "page_id": 0,
      "polygon": [
        [
          125.6572265625,
          160.48828125
        ],
        [
          443.5184326171875,
          160.48828125
        ],
        [
          443.5184326171875,
          207.28125
        ],
        [
          125.6572265625,
          207.28125
        ]
      ]
    },
    {
      "title": "\u0928 \u091a \u092e\u0925\u093e\u093f\u0928 \u092d\u0942\u0924\u093e\u093f\u0928 \u092a\u092f \u092e\u0947 \u092f\u094b\u0917\u092e\u0948\u0930\u092e\u094d\u0964\n\u092d\u0942\u0924\u092d\u0943\n \u091a \u092d\u0942\u0924\u0925\u094b \u092e\u092e\u093e\u092e\u093e \u092d\u0942\u0924\u092d\u093e\u0935\u0928:\u0965\u096b\u0965",
      "heading_level": null,
      "page_id": 0,
      "polygon": [
        [
          126.62841796875,
          633.4453125
        ],
        [
          430.3133850097656,
          633.4453125
        ],
        [
          430.3133850097656,
          682.171875
        ],
        [
          126.62841796875,
          682.171875
        ]
      ]
    }
  ],
  "page_stats": [
    {
      "page_id": 0,
      "text_extraction_method": "pdftext",
      "block_counts": [
        [
          "Span",
          115
        ],
        [
          "Line",
          30
        ],
        [
          "Text",
          7
        ],
        [
          "SectionHeader",
          2
        ]
      ],
      "block_metadata": {
        "llm_request_count": 0,
        "llm_error_count": 0,
        "llm_tokens_used": 0
      }
    }
  ],
  "debug_data_path": "debug_data/page-296"
}